{"1": {
 "calculator": "vasp",
 "calculator_parameters": {"amix": 0.05, "amix_mag": 0.01, "bmix": 0.0001, "bmix_mag": 1e-05, "encut": 500, "sigma": 0.05, "ediff": 1e-05, "ediffg": -0.02, "algo": "Normal", "gga": "PE", "prec": "Normal", "ibrion": 2, "isif": 2, "ismear": 0, "ispin": 2, "kpar": 8, "ldauprint": 2, "ldautype": 2, "lmaxmix": 4, "lorbit": 11, "nelm": 250, "npar": 1, "nsw": 200, "ivdw": 12, "nedos": 3000, "inimix": 0, "laechg": true, "lasph": true, "ldau": true, "lvhar": true, "lvtot": false, "lsol": true, "lreal": "Auto", "ldau_luj": {"Ti": {"L": 2, "U": 3.0, "J": 0.0}, "V": {"L": 2, "U": 3.25, "J": 0.0}, "Cr": {"L": 2, "U": 3.5, "J": 0.0}, "Mn": {"L": 2, "U": 3.75, "J": 0.0}, "Fe": {"L": 2, "U": 4.3, "J": 0.0}, "Co": {"L": 2, "U": 3.32, "J": 0.0}, "Ni": {"L": 2, "U": 6.45, "J": 0.0}, "Cu": {"L": 2, "U": 3.0, "J": 0.0}, "C": {"L": -1, "U": 0.0, "J": 0.0}, "N": {"L": -1, "U": 0.0, "J": 0.0}, "H": {"L": -1, "U": 0.0, "J": 0.0}}, "pp": "pbe", "setups": {"base": "recommended", "W": "_sv"}, "txt": "-", "kpts": [5, 5, 1], "gamma": true, "reciprocal": false, "ignore_constraints": false, "custom": {}},
 "cell": {"array": {"__ndarray__": [[3, 3], "float64", [9.84, 0.0, 0.0, -4.92, 8.521689973, 0.0, 0.0, 0.0, 20.0]]}, "__ase_objtype__": "cell"},
 "ctime": 24.737908097638137,
 "dipole": {"__ndarray__": [[1, 3], "float64", [0.0, 0.0, 0.0]]},
 "energy": -281.83609139000004,
 "forces": {"__ndarray__": [[32, 3], "float64", [-0.0090115, -0.01622778, -0.00371181, 0.01086416, 0.00708197, -0.00510041, 0.00625258, 0.00125658, -0.00160805, 0.00166868, -0.00306514, -0.00416341, 0.01028499, 0.00298595, 0.00017791, -0.00756999, -0.00657198, -0.0010792, -0.01328169, -9.84e-05, 0.00201701, -0.00609727, 0.00316768, -0.00340335, 0.01005022, -0.00222675, 0.00419776, 0.0031463, -0.00451736, 0.00316809, 0.01128581, -0.00411971, 0.00919914, -0.0107367, -0.00584124, -0.0022025, 7.109e-05, -0.0157787, 0.00465168, 0.00156456, -0.01553549, 0.00406563, -0.00237048, -0.00304063, 0.00152425, 0.00028414, 0.00874167, 0.00501848, -0.00205725, -0.00296213, 0.0011165, -0.00533043, 0.00236361, 0.00319016, 0.01054916, -0.00820305, -0.00014356, 0.00181123, 0.00960668, 0.00232876, 0.00021176, 0.01390794, -0.0026875, -0.0042266, 0.00416647, 0.00532953, 0.00198102, 0.00991263, 0.00269244, -0.00221369, 0.00682191, 0.00546635, 0.00421226, 0.00834644, -0.0003912, -0.00583908, 0.01186797, -0.00089505, 0.00348754, 0.00251687, -0.0034037, -0.00245667, -0.00724798, -0.00237274, -0.00207673, 0.00457331, -0.00426769, -0.00513556, -0.0012419, -0.00475298, 0.00016078, 0.00228994, -0.00661761, 0.00051733, -0.00292938, -0.00734292]]},
 "free_energy": -281.83609173,
 "magmom": 0.0,
 "magmoms": {"__ndarray__": [[32], "float64", [-0.0, 0.0, -0.0, 0.0, -0.0, -0.0, 0.0, -0.0, 0.0, 0.0, -0.0, -0.0, 0.0, -0.0, 0.0, 0.0, -0.0, 0.0, 0.0, -0.0, -0.0, 0.0, -0.0, 0.0, -0.0, -0.0, 0.0, -0.0, -0.0, 0.0, 0.0, 0.0]]},
 "mtime": 24.737908097638137,
 "numbers": {"__ndarray__": [[32], "int64", [6, 6, 6, 6, 6, 6, 6, 6, 6, 6, 6, 6, 6, 6, 6, 6, 6, 6, 6, 6, 6, 6, 6, 6, 6, 6, 7, 7, 7, 7, 1, 1]]},
 "pbc": {"__ndarray__": [[3], "bool", [true, true, true]]},
 "positions": {"__ndarray__": [[32, 3], "float64", [4.929650362286249, 7.806387652938171, 9.904190624938703, -0.009023427182762833, 0.7149407117064012, 9.904098405095759, -2.456176894768536, 7.850825116339757, 9.905546765407214, 2.459701913246828, 0.7707607183292173, 9.908183704103596, -0.00844253159548547, 7.809899476620467, 9.909009842134308, 4.929134913514454, 0.7114965273361419, 9.908999870931828, 2.46109198578449, 7.750359085588378, 9.908224222904089, 7.376757372738882, 0.670303837663562, 9.905714874811562, 8.598591890561476, 1.4056055183958474, 9.903063389499945, -1.238750762216394, 2.836008850698763, 9.900869786288276, 1.201150944776801, 1.4832437045840685, 9.906184980301404, 3.714163214282703, 1.4469502868372255, 9.910798887000288, 6.161942497504189, 1.4063161314046226, 9.906377304620188, 6.1559862303356105, 2.8430565176307216, 9.902869313675206, 7.381165613321198, 3.552328170158164, 9.900673858553825, -2.4601904932587044, 4.968721844189241, 9.900564963601946, 0.009830675512700893, 3.5248864978527323, 9.904655217161528, -0.00981973142614656, 4.971749172949917, 9.90719681028643, 4.930555963354007, 3.5496505364606907, 9.907180964051996, 4.910971023522123, 4.996188945968218, 9.905154072634021, 6.159462397029415, 5.684945744692727, 9.901158157534704, -3.678037353588622, 7.115502023975148, 9.903136137262553, -1.235284541025957, 5.678468550270469, 9.90307029613376, -1.2413929530058714, 7.115163076063346, 9.90634807204749, 1.2066809857670702, 7.074229947405352, 9.910926658694228, 3.719380363506655, 7.037909076827425, 9.906641668603699, 1.1881126852027495, 2.84640226438674, 9.907979322502905, 3.7710200572666888, 2.819876066174496, 9.913921445145755, 1.149884478888361, 5.701385758413963, 9.914487766010122, 3.7326689203176264, 5.674726574081855, 9.908937989268553, 2.1088283516913493, 5.265669128827636, 9.916080080904399, 2.8121358476565264, 3.25560248522856, 9.915644547889773]]},
 "stress": {"__ndarray__": [[6], "float64", [-0.003097268775225409, 0.006882789791610971, 0.0001263038527543592, -4.2293464478445096e-06, 3.439570849091746e-06, -0.0005334058610674742]]},
 "unique_id": "7a2fa0d74aabaa2e4d6e747aceffabf8",
 "user": "jiuy97"},
"ids": [1],
"nextid": 2}
