{"1": {
 "calculator": "vasp",
 "calculator_parameters": {"amix": 0.1, "amix_mag": 0.1, "bmix": 1e-05, "bmix_mag": 1e-05, "encut": 600, "sigma": 0.05, "ediff": 1e-05, "ediffg": -0.02, "algo": "normal", "gga": "PE", "prec": "Normal", "ibrion": 2, "isif": 3, "ismear": 0, "ispin": 2, "istart": 1, "kpar": 10, "ldauprint": 2, "ldautype": 2, "lmaxmix": 6, "lorbit": 11, "nelm": 250, "npar": 6, "nsw": 99, "nupdown": 0, "inimix": 0, "laechg": true, "lasph": true, "ldau": true, "lvtot": false, "lreal": false, "ldau_luj": {"Ti": {"L": 2, "U": 3.0, "J": 0.0}, "V": {"L": 2, "U": 3.25, "J": 0.0}, "Cr": {"L": 2, "U": 3.5, "J": 0.0}, "Mn": {"L": 2, "U": 2.75, "J": 0.0}, "Fe": {"L": 2, "U": 4.3, "J": 0.0}, "Co": {"L": 2, "U": 3.32, "J": 0.0}, "Ni": {"L": 2, "U": 6.45, "J": 0.0}, "Cu": {"L": 2, "U": 3.0, "J": 0.0}, "Mo": {"L": 2, "U": 4.38, "J": 0.0}, "W": {"L": -1, "U": 0.0, "J": 0.0}, "Ce": {"L": 3, "U": 4.5, "J": 0.0}, "O": {"L": -1, "U": 0.0, "J": 0.0}, "C": {"L": -1, "U": 0.0, "J": 0.0}, "Au": {"L": -1, "U": 0.0, "J": 0.0}, "Ir": {"L": -1, "U": 0.0, "J": 0.0}, "H": {"L": -1, "U": 0.0, "J": 0.0}}, "xc": "PBE", "pp": "PBE", "setups": {"base": "minimal"}, "txt": "-", "kpts": [18, 5, 5], "gamma": true, "reciprocal": false, "ignore_constraints": false},
 "cell": [[2.900849522601693, 1.2051904e-09, 8.808164e-10], [2.922007528e-07, 9.837132778655121, -9.25097660385e-05], [2.134767266e-07, 0.0002172979561611, 9.837524612893208]],
 "ctime": 21.651655557679558,
 "dipole": [[0.0, 0.0, 0.0]],
 "energy": -175.60091824,
 "forces": [[0.0, -0.003903, 0.014918], [-0.0, 0.004097, -0.014863], [-0.0, -0.014566, -0.003568], [0.0, 0.014678, 0.003713], [-0.0, 0.004097, -0.014863], [0.0, -0.003903, 0.014918], [-0.0, -0.014566, -0.003568], [0.0, 0.014678, 0.003713], [0.0, 0.003082, 0.002362], [-0.0, -0.002916, -0.002736], [0.0, 0.002387, 0.001765], [-0.0, -0.00272, 0.002617], [-0.0, -0.001819, 0.002408], [0.0, 0.001887, -0.002292], [0.0, 0.002118, -0.002513], [-0.0, -0.002324, -0.00181], [0.0, 0.003082, 0.002362], [-0.0, -0.002916, -0.002736], [0.0, 0.002387, 0.001765], [-0.0, -0.00272, 0.002617], [-0.0, -0.001819, 0.002408], [0.0, 0.001887, -0.002292], [0.0, 0.002118, -0.002513], [-0.0, -0.002324, -0.00181]],
 "initial_magmoms": [-3.0, -3.0, -3.0, 3.0, 3.0, 3.0, 3.0, -3.0, 0.0, 0.0, 0.0, 0.0, 0.0, 0.0, 0.0, 0.0, 0.0, 0.0, 0.0, 0.0, 0.0, 0.0, 0.0, 0.0],
 "magmom": -0.0,
 "magmoms": [-2.929, -2.929, -2.929, 2.929, 2.929, 2.929, 2.929, -2.929, 0.014, 0.014, -0.018, 0.014, -0.018, 0.018, -0.014, 0.018, -0.014, -0.014, 0.018, -0.014, 0.018, -0.018, 0.014, -0.018],
 "mtime": 21.651655557679558,
 "numbers": [25, 25, 25, 25, 25, 25, 25, 25, 8, 8, 8, 8, 8, 8, 8, 8, 8, 8, 8, 8, 8, 8, 8, 8],
 "pbc": [true, true, true],
 "positions": [[1.2326778649925216e-07, 1.6454539578857403, 3.428350907442977], [3.824082499924464e-07, 8.191864604412473, 6.409066877078761], [3.130974685675889e-07, 6.408990276165688, 1.6453156664499877], [1.4504249932426017, 8.34681804754755, 3.2732989224854463], [1.4504248908705129, 3.2731945836536602, 1.4903511210341667], [1.4504251374072397, 6.564124373345954, 8.34706715624096], [1.4504250350360774, 1.490525453667967, 6.564123539659916], [2.9008497151812183, 3.4283532250585917, 8.19210718919632], [3.371567412263114e-07, 5.334476793902836, 8.235279812576286], [1.685214313864515e-07, 4.502847112632775, 1.602223629351768], [2.4439802118592846e-07, 1.531060473456181, 7.830152469530173], [2.2137803281965702e-07, 1.602560612039159, 5.334502530164527], [1.798474987226272e-07, 2.0071806542230965, 1.5310068059270743], [1.450424834290164, 2.911455622922951, 3.3876683181099096], [1.4504250062417028, 3.3164462218288677, 9.421731639767925], [1.4504249832178084, 3.387812814561989, 6.926088141661864], [1.450424845618996, 0.41580696987358573, 3.3165634662783146], [1.450425182660847, 9.421516839476253, 6.52093909115426], [1.4504250450611291, 6.4495262808658635, 2.911344302066119], [1.4504250220410304, 6.521022484602205, 0.4156946578631691], [1.4504252229954309, 6.925850872927603, 6.449722464475451], [2.900849848429607, 7.830126333477547, 8.306383681527898], [2.9008498069046755, 8.2349077008936, 4.50292317721881], [2.9008497548724055, 8.306278523589471, 2.0072794823224616]],
 "stress": [0.0011371030985899155, 0.0003821863283052096, 0.00038022025293055634, -4.038256404446468e-06, 0.0, 0.0],
 "tags": [0, 1, 2, 3, 4, 5, 6, 7, 8, 9, 10, 11, 12, 13, 14, 15, 16, 17, 18, 19, 20, 21, 22, 23],
 "unique_id": "7e6e78b0d92fa96bd6df3da32e88648a",
 "user": "ezc"},
"ids": [1],
"nextid": 2}
