{"1": {
 "calculator": "vasp",
 "calculator_parameters": {"amix": 0.1, "amix_mag": 0.1, "bmix": 1e-05, "bmix_mag": 1e-05, "encut": 600, "sigma": 0.05, "ediff": 1e-05, "ediffg": -0.02, "algo": "normal", "gga": "PE", "prec": "Normal", "ibrion": 2, "isif": 3, "ismear": 0, "ispin": 2, "istart": 1, "kpar": 10, "ldauprint": 2, "ldautype": 2, "lmaxmix": 6, "lorbit": 11, "nelm": 250, "npar": 6, "nsw": 99, "nupdown": 0, "inimix": 0, "laechg": true, "lasph": true, "ldau": true, "lvtot": false, "lreal": false, "ldau_luj": {"Ti": {"L": 2, "U": 3.0, "J": 0.0}, "V": {"L": 2, "U": 3.25, "J": 0.0}, "Cr": {"L": 2, "U": 3.5, "J": 0.0}, "Mn": {"L": 2, "U": 2.75, "J": 0.0}, "Fe": {"L": 2, "U": 4.3, "J": 0.0}, "Co": {"L": 2, "U": 3.32, "J": 0.0}, "Ni": {"L": 2, "U": 6.45, "J": 0.0}, "Cu": {"L": 2, "U": 3.0, "J": 0.0}, "Mo": {"L": 2, "U": 4.38, "J": 0.0}, "W": {"L": -1, "U": 0.0, "J": 0.0}, "Ce": {"L": 3, "U": 4.5, "J": 0.0}, "O": {"L": -1, "U": 0.0, "J": 0.0}, "C": {"L": -1, "U": 0.0, "J": 0.0}, "Au": {"L": -1, "U": 0.0, "J": 0.0}, "Ir": {"L": -1, "U": 0.0, "J": 0.0}, "H": {"L": -1, "U": 0.0, "J": 0.0}}, "xc": "PBE", "pp": "PBE", "setups": {"base": "minimal"}, "txt": "-", "kpts": [9, 5, 5], "gamma": true, "reciprocal": false, "ignore_constraints": false},
 "cell": [[5.818471274546911, -0.0005062191547664, -0.000125575805785], [-0.0008687844043983, 9.967220051613314, -0.1370230050066078], [-0.0002876510812967, -0.1283748247275618, 10.170821841814279]],
 "ctime": 21.464779632995103,
 "dipole": [[0.0, 0.0, 0.0]],
 "energy": -368.71366012,
 "forces": [[-0.000439, -0.001448, -0.000988], [0.002973, 0.004239, 0.001369], [0.000293, -0.00637, 0.004895], [-0.00286, -0.001776, -0.002185], [0.00477, 0.004194, 0.000381], [0.003664, 0.000509, -0.001216], [0.000373, -0.004911, 0.004615], [-0.000101, 0.005898, -0.004356], [-0.001819, -0.001823, -0.002418], [-0.00512, 0.005877, -0.000559], [0.001517, -0.006371, 0.003454], [0.000855, 0.004588, -0.004258], [-0.003619, 0.00401, 0.005088], [-0.00107, -0.001037, -0.000314], [2.4e-05, -0.005056, 0.006213], [0.003333, 0.001457, -0.002563], [-0.000388, -0.00205, -0.00529], [-0.000951, 0.00493, 0.008935], [0.000554, 0.003274, 0.004857], [0.000128, -0.003554, -0.003903], [0.003821, -0.004017, -0.003072], [-0.001149, -0.002892, 0.002212], [0.000191, 0.006017, 0.00409], [0.002308, 0.001451, -0.007109], [-0.002909, -0.001206, -0.001982], [-8e-05, 0.001056, -0.000312], [0.000133, 0.001121, 0.002747], [0.000789, -0.008749, -0.005762], [0.001583, -0.002798, -0.004668], [0.001179, 0.01132, 0.010447], [-0.002347, 0.001856, -0.002138], [-3e-06, -0.003235, -0.005945], [0.001589, 0.001972, -0.003075], [-0.000609, 0.000818, 0.002046], [0.000177, 0.003521, 0.003195], [0.00026, -0.006992, -0.005358], [-0.001235, -0.002494, -0.00576], [-0.003381, 0.001306, 0.009863], [0.002344, 0.006094, -0.0009], [0.000758, -0.001257, -0.00418], [0.000448, -0.006378, -0.005384], [4.9e-05, 0.005103, 0.005691], [-0.000243, 0.001042, 0.004337], [0.000703, -0.00499, -0.00422], [-0.004062, -0.004295, -0.003253], [0.001257, 0.000457, 0.00345], [-0.000192, 0.002802, 0.00296], [-0.00133, -0.000444, -0.008409], [0.005308, 0.006426, -0.003451], [-0.002058, 0.009105, -0.007529], [-0.004169, -0.011074, 0.016059], [-0.001247, -0.005223, 0.003653]],
 "initial_magmoms": [-3.0, -3.0, -3.0, 3.0, 3.0, 4.0, 3.0, -3.0, -4.0, -4.0, -3.0, 3.0, 4.0, 3.0, 3.0, -3.0, 0.0, 0.0, 0.0, 0.0, 0.0, 0.0, 0.0, 0.0, 0.0, 0.0, 0.0, 0.0, 0.0, 0.0, 0.0, 0.0, 0.0, 0.0, 0.0, 0.0, 0.0, 0.0, 0.0, 0.0, 0.0, 0.0, 0.0, 0.0, 0.0, 0.0, 0.0, 0.0, 0.0, 0.0, 0.0, 0.0],
 "magmom": -4e-07,
 "magmoms": [-3.723, -2.875, -2.9, 2.887, 2.919, 3.709, 2.9, -2.918, -3.709, -2.919, -2.901, 2.918, 2.875, 3.724, 2.899, -2.889, -0.025, 0.0, -0.021, 0.012, -0.034, 0.038, -0.013, 0.015, 0.01, -0.029, 0.029, 0.004, 0.064, 0.022, 0.005, -0.007, -0.011, 0.03, -0.029, -0.003, -0.063, -0.024, -0.005, 0.008, 0.026, -0.0, 0.021, -0.011, 0.035, -0.037, 0.012, -0.015, -0.002, 0.001, -0.003, 0.003],
 "mtime": 21.464779632995103,
 "numbers": [25, 25, 25, 25, 25, 25, 25, 25, 25, 25, 25, 25, 25, 25, 25, 25, 8, 8, 8, 8, 8, 8, 8, 8, 8, 8, 8, 8, 8, 8, 8, 8, 8, 8, 8, 8, 8, 8, 8, 8, 8, 8, 8, 8, 8, 8, 8, 8, 1, 1, 1, 1],
 "pbc": [true, true, true],
 "positions": [[0.03196837325541031, 1.5457691119867796, 3.5380301203071904], [5.797132688817333, 8.250851485622347, 6.383589566492227], [-0.0002454478306476398, 6.473027121279787, 1.685224433170054], [1.4756001421831233, 8.393503582784653, 3.2992949581816777], [1.4007504897164738, 3.283436977686056, 1.4511766371837687], [1.4839991218701183, 6.431144412137837, 8.625746484131426], [1.451929824883993, 1.3797668905199791, 6.840607109362796], [0.002222655988608431, 3.339197638255271, 8.463111723783827], [2.8815297046144415, 1.5253490488581103, 3.6128937699602686], [2.9637851545951936, 8.19522639468902, 6.464039139381699], [2.9124763835318923, 6.437336601106252, 1.6844756142765307], [4.3621772847979505, 8.398444665441374, 3.306931545169141], [4.385821832412638, 3.3382797602100704, 1.3696876407177412], [4.333267432813864, 6.452277102170112, 8.55015531212985], [4.364649607065326, 1.414982898900662, 6.840822544809796], [2.889159852215147, 3.3331034738912986, 8.455877967530043], [5.811124917289162, 5.252208598297486, 8.478293636164437], [-0.0077421013493796514, 4.5294999617317915, 1.614012044790001], [-0.003954924037167955, 1.4294770996550894, 8.145721389764063], [-0.001188694633273974, 1.544293102329583, 5.637741488493508], [-0.04143459531872928, 2.0829055645306918, 1.4022754998300038], [1.4577519025082746, 2.823106464565584, 3.347052830997059], [1.4390143305719214, 3.250195442348505, 9.708774274362488], [1.4434280306397547, 3.283863169465627, 7.204823281553485], [1.4819243177329868, 0.27561106985842526, 3.40677190044702], [1.4677681977197803, 9.42610116089196, 6.615077087536102], [1.4566389568347766, 6.480141892464754, 3.004498742897458], [1.4544148941177875, 6.623372836906563, 0.5049576937674517], [1.4429035697929737, 6.910845671887464, 6.326413961954384], [0.06077444540469139, 7.877833465461568, 8.380366522641985], [0.0021229294895401592, 8.323911395435594, 4.539700502357168], [0.003527387900951626, 8.35357888541953, 2.0462659684115563], [2.885114165668297, 5.18350673217046, 8.427051380561856], [2.896721625296523, 4.51513547616872, 1.593904639617325], [2.907829374009814, 1.4212164264205365, 8.16033411990263], [2.9098673983229935, 1.5670582719787851, 5.661581710696729], [2.92102928036409, 1.998218730366467, 1.3215967565385847], [4.303996794342807, 2.976483887390956, 3.366897820322592], [4.362361859376347, 3.264083816786086, 9.695675439450074], [4.360772784847117, 3.2946148206505232, 7.202560128872963], [4.372288885394591, 0.3463831480608798, 3.460716387906463], [4.372357162340757, 9.439834815687844, 6.635943265248017], [4.368360306852356, 6.488073490322609, 2.990038044527841], [4.36597151245998, 6.599304118194465, 0.482135756813642], [4.406210032922474, 6.99531232896504, 6.408515136004577], [2.906765614379499, 7.728608586249185, 8.35661498228293], [2.9255840422109163, 8.308230881452008, 4.552199506724322], [2.921248382251128, 8.342217040695967, 2.0480158296150246], [1.4454738006029806, 6.359961801349872, 5.514035243039313], [2.9166610371830135, 1.4369630720000215, 0.5166618250720872], [4.238030569341056, 3.7905241389768594, 3.904436201124795], [0.12803890174755822, 8.685562059361171, 8.927361681953776]],
 "stress": [-0.0006328078857459259, -0.0007371659183306941, -0.0004963872207814956, 5.427616335868082e-05, -1.3974738932852615e-05, -7.246392095150463e-06],
 "unique_id": "f606b0eab48f10a1ff02ac94885997d7",
 "user": "ezc"},
"ids": [1],
"nextid": 2}
