{"1": {
 "calculator": "vasp",
 "calculator_parameters": {"amix": 0.1, "amix_mag": 0.1, "bmix": 1e-05, "bmix_mag": 1e-05, "encut": 600, "sigma": 0.05, "ediff": 1e-05, "ediffg": -0.02, "algo": "Normal", "gga": "PE", "prec": "Normal", "ibrion": 2, "isif": 3, "ismear": 0, "ispin": 2, "kpar": 26, "ldautype": 2, "lmaxmix": 4, "lorbit": 11, "nelm": 250, "nsw": 199, "inimix": 0, "laechg": true, "lasph": true, "ldau": true, "lvtot": false, "lreal": "Auto", "ldau_luj": {"Mn": {"L": 2, "U": 2.75, "J": 0.0}, "O": {"L": -1, "U": 0.0, "J": 0.0}, "H": {"L": -1, "U": 0.0, "J": 0.0}}, "pp": "pbe", "txt": "-", "kpts": [4, 4, 3], "gamma": true, "reciprocal": false, "ignore_constraints": false, "custom": {}},
 "cell": {"array": {"__ndarray__": [[3, 3], "float64", [5.594651040825706, 0.0904131601924898, 0.0168576925260479, -2.716486841532881, 4.89535189712313, 0.0142614864253758, 0.0272578351356007, 0.0371109494726272, 8.601764100682514]]}, "__ase_objtype__": "cell"},
 "ctime": 26.348450785382784,
 "dipole": {"__ndarray__": [[1, 3], "float64", [0.0, 0.0, 0.0]]},
 "energy": -180.48238116,
 "forces": {"__ndarray__": [[27, 3], "float64", [0.0, -0.0, 0.0, 0.0, 0.0, 0.0, 0.00031079, -0.00281795, -0.00850124, 0.0, -0.0, 0.0, 0.0, -0.0, -0.0, 0.0, 0.0, 0.0, -0.00031079, 0.00281795, 0.00850124, -0.00942234, 0.00035111, 0.00326363, -0.00151759, -0.00208032, -0.00365118, -0.00776363, -0.00175064, 0.00253069, -0.00402755, 0.00242103, 0.00052889, 0.00402755, -0.00242103, -0.00052889, 0.00776363, 0.00175064, -0.00253069, 0.00151759, 0.00208032, 0.00365118, 0.00942234, -0.00035111, -0.00326363, -0.00324084, -0.00925328, -0.00865418, -0.00028899, -0.00837545, 0.00648169, -0.00170499, -0.00203321, -0.00284113, -0.00278393, 0.00381108, 0.00280474, 0.00278393, -0.00381108, -0.00280474, 0.00170499, 0.00203321, 0.00284113, 0.00028899, 0.00837545, -0.00648169, 0.00324084, 0.00925328, 0.00865418, -0.00898162, -0.00435242, 0.00625897, 0.00898162, 0.00435242, -0.00625897, 0.01006571, -0.013187, 0.00528347, -0.01006571, 0.013187, -0.00528347]]},
 "free_energy": -180.48238116,
 "initial_magmoms": {"__ndarray__": [[27], "float64", [3.054, 3.091, 3.167, 3.018, 3.047, 3.04, 3.167, -0.08, -0.071, -0.035, -0.084, -0.084, -0.035, -0.071, -0.08, -0.073, -0.053, -0.024, -0.074, -0.074, -0.024, -0.053, -0.073, 0.008, 0.008, 0.007, 0.007]]},
 "magmom": 20.9999999,
 "magmoms": {"__ndarray__": [[27], "float64", [3.064, 3.081, 3.171, 3.019, 3.045, 3.042, 3.171, -0.082, -0.071, -0.033, -0.084, -0.084, -0.033, -0.071, -0.082, -0.074, -0.056, -0.025, -0.073, -0.073, -0.025, -0.056, -0.074, 0.008, 0.008, 0.007, 0.007]]},
 "mtime": 26.348450785382784,
 "numbers": {"__ndarray__": [[27], "int64", [25, 25, 25, 25, 25, 25, 25, 8, 8, 8, 8, 8, 8, 8, 8, 8, 8, 8, 8, 8, 8, 8, 8, 1, 1, 1, 1]]},
 "pbc": {"__ndarray__": [[3], "bool", [true, true, true]]},
 "positions": {"__ndarray__": [[27, 3], "float64", [2.790660735946913, 0.10476755877528246, 2.1324202426385455, -1.3649125754723714, 2.5072458374823783, 2.1311211614982897, -0.006934248474145886, 0.12387875019270514, 4.312274551491588, 1.4460402328405815, 2.57099225241195, 6.440431486744506, 2.804282251243693, 0.12332543173263286, 6.433299045184001, -1.35128102803471, 2.525803717498643, 6.43199995403466, 2.8990347825823224, 5.018125705223974, 8.56859832997565, 1.571128901857668, 4.256605766451139, 3.161051896225086, 2.841773468920203, 3.4968666253493197, 1.1312887775400882, 2.865399552245273, 1.7091795746179177, 3.1322875008295035, 4.127723753080875, 0.9814022147882234, 1.0520416045215832, -1.262886290870486, 4.123476580010214, 3.227043772502174, -0.0005721321957598083, 3.395699186060847, 1.146807868352357, 0.023063993290187622, 1.6080121694491183, 3.1477965994836707, 1.2936985252745707, 0.8482829759954071, 1.118043445880401, 1.44374156361683, 4.179862471488962, 7.525635273494748, 2.8479454718137514, 3.3842361219434203, 5.38503840299564, 2.84231704379235, 1.7545934305975628, 7.383471254299442, 4.1991386163586535, 0.9833809567189954, 5.397910072255316, -1.3070481114539656, 4.158613536931674, 7.482952864148301, 0.04977347821517205, 3.3874110718815826, 5.497381672878725, 0.04414505019377024, 1.7577683805357256, 7.495814524182588, 1.4483389262498274, 0.9621420239312354, 5.355217663692504, 0.7061481813706599, 1.1188175447541449, 1.9556696693261206, 2.1586792386788356, 3.986061215924652, 2.3234256998557394, 2.006151951693001, 2.1606027084651998, 3.3374514661526575, 0.8586754996248104, 2.9443060245776476, 0.9416338396510089]]},
 "stress": {"__ndarray__": [[6], "float64", [0.00017765483923855795, 0.0002888836686238082, 0.00037652320110549453, 0.00015678027424627868, -3.947866869285426e-06, -0.00013360772914855905]]},
 "unique_id": "97a9c290cb111a2d49a695bf8d6d5fc2",
 "user": "jiuy97"},
"ids": [1],
"nextid": 2}
