{"1": {
 "calculator": "vasp",
 "calculator_parameters": {"amix": 0.1, "amix_mag": 0.1, "bmix": 1e-05, "bmix_mag": 1e-05, "encut": 600, "sigma": 0.05, "ediff": 1e-05, "ediffg": -0.02, "algo": "normal", "gga": "PE", "prec": "Normal", "ibrion": 2, "isif": 3, "ismear": 0, "ispin": 2, "istart": 1, "kpar": 10, "ldauprint": 2, "ldautype": 2, "lmaxmix": 6, "lorbit": 11, "nelm": 250, "npar": 6, "nsw": 99, "nupdown": 0, "inimix": 0, "laechg": true, "lasph": true, "ldau": true, "lvtot": false, "lreal": false, "ldau_luj": {"Ti": {"L": 2, "U": 3.0, "J": 0.0}, "V": {"L": 2, "U": 3.25, "J": 0.0}, "Cr": {"L": 2, "U": 3.5, "J": 0.0}, "Mn": {"L": 2, "U": 2.75, "J": 0.0}, "Fe": {"L": 2, "U": 4.3, "J": 0.0}, "Co": {"L": 2, "U": 3.32, "J": 0.0}, "Ni": {"L": 2, "U": 6.45, "J": 0.0}, "Cu": {"L": 2, "U": 3.0, "J": 0.0}, "Mo": {"L": 2, "U": 4.38, "J": 0.0}, "W": {"L": -1, "U": 0.0, "J": 0.0}, "Ce": {"L": 3, "U": 4.5, "J": 0.0}, "O": {"L": -1, "U": 0.0, "J": 0.0}, "C": {"L": -1, "U": 0.0, "J": 0.0}, "Au": {"L": -1, "U": 0.0, "J": 0.0}, "Ir": {"L": -1, "U": 0.0, "J": 0.0}, "H": {"L": -1, "U": 0.0, "J": 0.0}}, "xc": "PBE", "pp": "PBE", "setups": {"base": "minimal"}, "txt": "-", "kpts": [8, 8, 11], "gamma": true, "reciprocal": false, "ignore_constraints": false},
 "cell": [[6.712092344996143, 0.0102299095359668, 0.006959578065439], [-3.3471870027366366, 5.81792431852015, -0.0071317707819014], [0.0048635558077837, -0.0029471530440128, 4.730678570180269]],
 "ctime": 21.751520953086597,
 "dipole": [[0.0, 0.0, 0.0]],
 "energy": -122.56865957,
 "forces": [[-0.0, 0.0, -0.0], [0.000397, -0.000277, -0.013871], [-0.000397, 0.000277, 0.013871], [0.000746, -0.000381, 0.005005], [-0.000746, 0.000381, -0.005005], [0.0, 0.0, -0.0], [0.000397, -0.000277, -0.013871], [-0.000397, 0.000277, 0.013871], [0.000746, -0.000381, 0.005005], [-0.000746, 0.000381, -0.005005], [-0.0, 0.0, -0.0], [0.000397, -0.000277, -0.013871], [-0.000397, 0.000277, 0.013871], [0.000746, -0.000381, 0.005005], [-0.000746, 0.000381, -0.005005], [0.0, 0.0, -0.0], [0.000397, -0.000277, -0.013871], [-0.000397, 0.000277, 0.013871], [0.000746, -0.000381, 0.005005], [-0.000746, 0.000381, -0.005005]],
 "initial_magmoms": [5.0, 0.0, 0.0, 0.0, 0.0, -5.0, 0.0, 0.0, 0.0, 0.0, -5.0, 0.0, 0.0, 0.0, 0.0, 5.0, 0.0, 0.0, 0.0, 0.0],
 "magmom": -0.0,
 "magmoms": [4.613, 0.018, 0.018, 0.002, 0.002, -4.613, -0.018, -0.018, -0.002, -0.002, -4.613, -0.018, -0.018, -0.002, -0.002, 4.613, 0.018, 0.018, 0.002, 0.002],
 "mtime": 21.751520953086597,
 "numbers": [25, 8, 8, 1, 1, 25, 8, 8, 1, 1, 25, 8, 8, 1, 1, 25, 8, 8, 1, 1],
 "pbc": [true, true, true],
 "positions": [[0.0, 0.0, 0.0], [1.681522605464931, 0.9717431691482187, 3.6551721679659606], [0.005793621472604804, 1.939386791835829, 1.0754203058560785], [1.6816842189465309, 0.9716444192112996, 2.680454165390778], [0.005632007991005241, 1.939485541772745, 2.050138308431262], [-1.6735935013683183, 2.908962159260075, -0.0035658853909507], [0.007929104096613014, 3.8807053284082933, 3.65160628257501], [-1.6677998798957128, 4.848348951095903, 1.0718544204651277], [0.008090717578212881, 3.880606578471374, 2.6768882799998273], [-1.6679614933773141, 4.848447701032822, 2.046572423040311], [3.3560461724980715, 0.0051149547679834, 0.0034797890327195], [5.037568777963002, 0.9768581239162021, 3.65865195699868], [3.3618397939706766, 1.9445017466038124, 1.078900094888798], [5.037730391444602, 0.976759373979283, 2.6839339544234972], [3.361678180489078, 1.9446004965407284, 2.0536180974639815], [1.6824526711297532, 2.9140771140280584, -8.609635823120026e-05], [3.363975276594684, 3.8858202831762765, 3.6550860716077294], [1.6882462926023587, 4.853463905863887, 1.0753342094978473], [3.3641368900762845, 3.8857215332393573, 2.680368069032547], [1.6880846791207584, 4.853562655800806, 2.0500522120730307]],
 "stress": [-0.00017074896515678828, -6.042404984767582e-05, -0.001679421585028786, -5.813965750760255e-05, 8.96280710476836e-05, 0.00010036346674420279],
 "tags": [0, 1, 1, 2, 2, 0, 1, 1, 2, 2, 0, 1, 1, 2, 2, 0, 1, 1, 2, 2],
 "unique_id": "1e13c7bf4e0075d88e424effc39ba3df",
 "user": "ezc"},
"ids": [1],
"nextid": 2}
