{"1": {
 "calculator": "vasp",
 "calculator_parameters": {"amix": 0.1, "amix_mag": 0.1, "bmix": 1e-05, "bmix_mag": 1e-05, "encut": 600, "sigma": 0.05, "ediff": 1e-05, "ediffg": -0.02, "algo": "normal", "gga": "PE", "prec": "Normal", "ibrion": 2, "isif": 3, "ismear": 0, "ispin": 2, "istart": 1, "kpar": 10, "ldauprint": 2, "ldautype": 2, "lmaxmix": 6, "lorbit": 11, "nelm": 250, "npar": 6, "nsw": 99, "nupdown": 0, "inimix": 0, "laechg": true, "lasph": true, "ldau": true, "lvtot": false, "lreal": false, "ldau_luj": {"Ti": {"L": 2, "U": 3.0, "J": 0.0}, "V": {"L": 2, "U": 3.25, "J": 0.0}, "Cr": {"L": 2, "U": 3.5, "J": 0.0}, "Mn": {"L": 2, "U": 2.75, "J": 0.0}, "Fe": {"L": 2, "U": 4.3, "J": 0.0}, "Co": {"L": 2, "U": 3.32, "J": 0.0}, "Ni": {"L": 2, "U": 6.45, "J": 0.0}, "Cu": {"L": 2, "U": 3.0, "J": 0.0}, "Mo": {"L": 2, "U": 4.38, "J": 0.0}, "W": {"L": -1, "U": 0.0, "J": 0.0}, "Ce": {"L": 3, "U": 4.5, "J": 0.0}, "O": {"L": -1, "U": 0.0, "J": 0.0}, "C": {"L": -1, "U": 0.0, "J": 0.0}, "Au": {"L": -1, "U": 0.0, "J": 0.0}, "Ir": {"L": -1, "U": 0.0, "J": 0.0}, "H": {"L": -1, "U": 0.0, "J": 0.0}}, "xc": "PBE", "pp": "PBE", "setups": {"base": "minimal"}, "txt": "-", "kpts": [7, 7, 8], "gamma": true, "reciprocal": false, "ignore_constraints": false},
 "cell": [[6.606605874115724, -0.0040715351863012, 0.0142488262979744], [-0.0244997182341592, 6.776112233313763, 0.1335929801494852], [-3.2784140453149475, -3.3324184401823156, 4.659572794912335]],
 "ctime": 21.642185586269008,
 "dipole": [[0.0, 0.0, 0.0]],
 "energy": -122.1844648,
 "forces": [[-0.008261, 0.007521, -0.011183], [0.016389, -0.001501, -0.006879], [-0.009414, -0.010844, 0.001525], [0.000869, 0.001946, 0.00923], [0.001656, -0.00433, -0.004811], [-0.011246, 0.002363, 0.003286], [0.010079, 0.00699, -0.000943], [-0.006269, -0.006021, -0.011664], [0.003902, -0.00101, 0.007087], [0.003577, -0.007171, 0.011979], [0.000917, 0.00583, -0.000896], [0.003434, -0.000241, -0.00325], [0.007402, 0.002211, 0.004171], [0.009175, 0.004734, 0.006446], [-0.001301, -0.001066, -0.005149], [-0.001481, -0.011046, 0.003568], [-0.002066, -0.0015, 0.001426], [-0.009514, 0.004939, -0.000632], [-0.004869, 0.005676, 0.000738], [-0.002979, 0.002518, -0.004051]],
 "initial_magmoms": [4.61, -4.609, 4.609, -4.615, 0.019, 0.02, -0.018, -0.017, -0.018, -0.018, 0.018, 0.02, -0.001, -0.003, 0.002, -0.003, -0.001, 0.002, 0.002, 0.002],
 "magmom": 3e-07,
 "magmoms": [4.608, -4.607, 4.608, -4.616, 0.019, 0.021, -0.017, -0.017, -0.018, -0.018, 0.018, 0.02, -0.0, -0.004, 0.002, -0.004, -0.0, 0.002, 0.002, 0.002],
 "mtime": 21.642185586269008,
 "numbers": [25, 25, 25, 25, 8, 8, 8, 8, 8, 8, 8, 8, 1, 1, 1, 1, 1, 1, 1, 1],
 "pbc": [true, true, true],
 "positions": [[4.992282768023648, 5.0372456094911415, 2.2256016929901716], [1.6865400964204802, 4.845583361575232, 2.5401209082938436], [-0.2725046682317483, 3.307678150518493, 4.732374219865141], [-0.06869260689510848, -0.07878107270684545, 4.618390648599202], [-0.06590398595529162, 3.5338261280523717, 2.558875976502472], [-1.5347884767176947, -1.7282599278375228, 4.349851860014602], [0.06956064409581278, -0.36344508975315604, 2.42669531575991], [1.7339221078339002, 4.876935033229443, 0.27593895481724035], [1.3014633618157823, -1.830484156290268, 4.541667655202544], [3.3520765398881767, 3.4900389019381968, 2.1645426511062307], [3.2628693108281532, -0.4168250041411189, 2.0991190305445704], [1.3005801968069657, 1.6684297708124978, 4.744913704648326], [0.4297750760858416, 0.30942663036068613, 1.82543829186345], [3.696101195770116, 2.763104637871012, 2.708793626069054], [-0.030286799373010258, 2.725114855521631, 2.0254451795416593], [5.158381512862574, 1.304641303027481, 0.636625096331145], [-2.4859576663423915, 1.45078271964354, 4.714454632749151], [-2.4745456087606894, -1.6164116920112683, 4.5687946233179], [1.8670239364619854, 1.9212288043283063, 3.997153455948189], [3.2814470833869667, 0.34490534982627447, 2.6986171477776986]],
 "stress": [0.0009857465022872465, 0.0009287365579314289, 0.0008343961474937035, -1.6159267126911756e-05, 1.9785583929049927e-05, -1.6664829366108303e-05],
 "unique_id": "a9d9274163725482dd50e997a69bff37",
 "user": "ezc"},
"ids": [1],
"nextid": 2}
