{"1": {
 "calculator": "vasp",
 "calculator_parameters": {"encut": 500, "sigma": 0.05, "ediff": 1e-05, "ediffg": -0.02, "algo": "Normal", "gga": "PE", "prec": "Normal", "ibrion": 2, "isif": 2, "ismear": 0, "ispin": 2, "kpar": 8, "ldauprint": 2, "ldautype": 2, "lmaxmix": 4, "lorbit": 11, "nelm": 250, "npar": 4, "nsw": 200, "ivdw": 12, "nedos": 3000, "laechg": true, "lasph": true, "ldau": true, "lvhar": true, "lvtot": false, "lsol": true, "lreal": "Auto", "ldau_luj": {"Ti": {"L": 2, "U": 3.0, "J": 0.0}, "V": {"L": 2, "U": 3.25, "J": 0.0}, "Cr": {"L": 2, "U": 3.5, "J": 0.0}, "Mn": {"L": 2, "U": 3.75, "J": 0.0}, "Fe": {"L": 2, "U": 4.3, "J": 0.0}, "Co": {"L": 2, "U": 3.32, "J": 0.0}, "Ni": {"L": 2, "U": 6.45, "J": 0.0}, "Cu": {"L": 2, "U": 3.0, "J": 0.0}, "C": {"L": -1, "U": 0.0, "J": 0.0}, "N": {"L": -1, "U": 0.0, "J": 0.0}, "H": {"L": -1, "U": 0.0, "J": 0.0}}, "pp": "pbe", "setups": {"base": "recommended", "W": "_sv"}, "txt": "-", "kpts": [5, 5, 1], "gamma": true, "reciprocal": false, "ignore_constraints": false, "custom": {}},
 "cell": {"array": {"__ndarray__": [[3, 3], "float64", [9.84, 0.0, 0.0, -4.92, 8.521689973, 0.0, 0.0, 0.0, 20.0]]}, "__ase_objtype__": "cell"},
 "ctime": 24.888185885092017,
 "dipole": {"__ndarray__": [[1, 3], "float64", [0.0, 0.0, 0.0]]},
 "energy": -282.58076617,
 "forces": {"__ndarray__": [[32, 3], "float64", [0.00294532, 0.0064382, 0.00065167, -0.00998404, 0.00346677, 0.0015938, -0.00490049, 0.00501102, -0.00128716, 0.00256899, 0.00934401, 0.00484592, -0.00331319, 0.00510427, 0.00115741, 0.00174848, -0.00134816, 0.00095916, -0.00417528, -0.01172445, 0.00425626, -0.008724, 0.00245583, -0.00086328, 0.01751377, -0.00450397, 0.00125506, 0.00348271, 0.00436478, 0.00080847, -0.00852823, 0.00181546, -0.00410837, 0.01676721, -0.00334618, -0.00652693, -0.00195159, 0.00189035, 0.00100176, 0.00553469, -0.00403178, -0.00127073, -0.00436902, 0.01063107, 0.01164699, -0.00160562, -0.00245997, 0.00927803, 0.00510066, -0.00042927, 0.00353081, 0.0060163, -0.00028378, 0.00168542, -0.01238083, -0.00378521, 0.004462, -0.01324442, 0.00692194, 0.00483215, 0.006315, -0.00953176, 0.0012481, 0.00063906, -0.00496251, 0.00085332, -0.00179518, -0.00407985, 0.00247154, 0.00650975, -0.0065246, 0.00123823, 0.00699632, 0.00209642, -0.00464422, 0.00178532, -0.00151729, -0.00673794, -0.00395662, -0.00639135, -0.00336039, -0.00208945, 0.00028778, -0.00213912, -0.00726503, 0.00124756, -0.00311347, -0.00012856, 0.00226004, -0.00264345, 0.00499589, 0.00116532, -0.01173128, -0.00050793, 0.00041931, -0.00934974]]},
 "free_energy": -282.58076617,
 "initial_magmoms": {"__ndarray__": [[32], "float64", [0.0, -0.0, 0.0, 0.0, -0.0, -0.0, -0.0, 0.0, -0.0, 0.0, 0.0, -0.0, 0.0, -0.0, 0.0, -0.0, -0.0, 0.0, 0.0, -0.0, 0.0, -0.0, 0.0, 0.0, 0.0, 0.0, 0.0, -0.0, -0.0, -0.0, 0.0, -0.0]]},
 "magmom": 0.0,
 "magmoms": {"__ndarray__": [[32], "float64", [0.0, 0.0, 0.0, -0.0, 0.0, 0.0, -0.0, -0.0, -0.0, 0.0, -0.0, -0.0, -0.0, -0.0, 0.0, -0.0, 0.0, 0.0, 0.0, -0.0, 0.0, 0.0, 0.0, 0.0, 0.0, -0.0, -0.0, -0.0, -0.0, -0.0, 0.0, -0.0]]},
 "mtime": 24.888185885092017,
 "numbers": {"__ndarray__": [[32], "int64", [6, 6, 6, 6, 6, 6, 6, 6, 6, 6, 6, 6, 6, 6, 6, 6, 6, 6, 6, 6, 6, 6, 6, 6, 6, 6, 7, 7, 7, 7, 27, 1]]},
 "pbc": {"__ndarray__": [[3], "bool", [true, true, true]]},
 "positions": {"__ndarray__": [[32, 3], "float64", [4.925120000000023, 7.800160000000019, 9.965969999999942, -0.004400000000030824, 0.72134000000003, 9.965720000000003, -2.459550000000001, 7.884870000000027, 9.964700000000022, 2.460250000000035, 0.8141799999999955, 9.975539999999938, -0.004470000000023511, 7.80039, 9.96575000000007, 4.925109999999974, 0.7216100000000181, 9.965870000000052, 2.460330000000006, 7.707629999999989, 9.975529999999964, 7.380500000000034, 0.6368400000000001, 9.964470000000034, 8.59092000000001, 1.3867899999999993, 9.959699999999998, -1.2577800000000166, 2.8205600000000213, 9.948440000000007, 1.2068900000000067, 1.5105199999999823, 9.973679999999943, 3.7134899999999638, 1.5107800000000293, 9.973939999999997, 6.1696800000000245, 1.3867799999999968, 9.959769999999965, 6.178589999999995, 2.820679999999982, 9.948409999999937, 7.380539999999985, 3.5496500000000006, 9.939660000000003, -2.4594800000000068, 4.972109999999975, 9.939820000000026, -0.05272999999999417, 3.539710000000019, 9.948810000000066, -0.05274999999998675, 4.982080000000023, 9.948810000000066, 4.973699999999986, 3.539789999999972, 9.948940000000022, 4.973730000000028, 4.982000000000008, 9.948940000000022, 6.178600000000008, 5.701319999999975, 9.948440000000007, -3.6703300000000243, 7.135120000000003, 9.959980000000002, -1.2576900000000304, 5.701280000000029, 9.94844999999998, -1.2489500000000175, 7.135180000000014, 9.959839999999927, 1.2067499999999862, 7.011199999999985, 9.973659999999997, 3.7136899999999997, 7.011070000000022, 9.973949999999974, 1.1536200000000274, 2.8979999999999855, 9.96381999999997, 3.7672500000000344, 2.8980499999999947, 9.963920000000002, 1.1536800000000067, 5.623840000000004, 9.96381999999997, 3.7672600000000136, 5.623689999999977, 9.963999999999942, 2.4603599999999783, 4.260830000000008, 10.060469999999953, 2.460509999999978, 4.260439999999999, 11.491160000000065]]},
 "stress": {"__ndarray__": [[6], "float64", [-0.010008850080456749, 0.017184831686192087, -2.1080466136833046e-05, -4.408877216341416e-07, -8.779244321376133e-07, 2.8363414750933808e-06]]},
 "unique_id": "71d1b8b974c9bb1bad5dda32918f04b1",
 "user": "jiuy97"},
"ids": [1],
"nextid": 2}
