{"1": {
 "calculator": "vasp",
 "calculator_parameters": {"encut": 500, "sigma": 0.05, "ediff": 1e-05, "ediffg": -0.02, "algo": "Normal", "gga": "PE", "prec": "Normal", "ibrion": 2, "isif": 2, "ismear": 0, "ispin": 2, "kpar": 8, "ldauprint": 2, "ldautype": 2, "lmaxmix": 4, "lorbit": 11, "nelm": 250, "npar": 4, "nsw": 200, "ivdw": 12, "nedos": 3000, "laechg": true, "lasph": true, "ldau": true, "lvhar": true, "lvtot": false, "lsol": true, "lreal": "Auto", "ldau_luj": {"Ti": {"L": 2, "U": 3.0, "J": 0.0}, "V": {"L": 2, "U": 3.25, "J": 0.0}, "Cr": {"L": 2, "U": 3.5, "J": 0.0}, "Mn": {"L": 2, "U": 3.75, "J": 0.0}, "Fe": {"L": 2, "U": 4.3, "J": 0.0}, "Co": {"L": 2, "U": 3.32, "J": 0.0}, "Ni": {"L": 2, "U": 6.45, "J": 0.0}, "Cu": {"L": 2, "U": 3.0, "J": 0.0}, "C": {"L": -1, "U": 0.0, "J": 0.0}, "N": {"L": -1, "U": 0.0, "J": 0.0}, "O": {"L": -1, "U": 0.0, "J": 0.0}, "H": {"L": -1, "U": 0.0, "J": 0.0}}, "pp": "pbe", "setups": {"base": "recommended", "W": "_sv"}, "txt": "-", "kpts": [5, 5, 1], "gamma": true, "reciprocal": false, "ignore_constraints": false, "custom": {}},
 "cell": {"array": {"__ndarray__": [[3, 3], "float64", [9.84, 0.0, 0.0, -4.92, 8.521689973, 0.0, 0.0, 0.0, 20.0]]}, "__ase_objtype__": "cell"},
 "ctime": 24.881724169429987,
 "dipole": {"__ndarray__": [[1, 3], "float64", [0.0, 0.0, 0.0]]},
 "energy": -294.27280731999997,
 "forces": {"__ndarray__": [[34, 3], "float64", [-0.00404768, -0.00197297, -0.00024935, -0.00569763, -0.00649497, 0.00700373, -0.00064682, -0.00243756, 0.00565669, 0.00393159, 0.0020681, 0.00667348, 0.00643585, -0.00538298, 0.00226776, 0.00267309, -0.0008309, 0.00436587, 0.0026002, 0.00049101, -0.00213206, -0.0042255, 0.00596595, 0.00300581, -0.00282113, -0.01111234, 0.00679386, -0.0031519, 0.0143259, -0.000334, -0.01088794, -0.00548388, 0.00073922, 0.00796233, -0.00266296, -0.0028884, 0.00610095, -0.00546178, 0.00745707, -0.00156872, 0.01036265, -0.00267062, 0.00298614, -6.162e-05, 0.00599533, -0.00747241, -0.00923016, -0.00196981, -0.00385115, -0.00417202, -0.00093417, -0.00974422, -0.00126311, 0.00445481, 0.00713089, 0.00138554, -0.00315708, 0.00674183, -0.00581882, 0.00170026, -0.00420244, 0.00628005, -0.00239649, 0.00295682, -0.00320684, 0.00167219, 0.00483639, 0.00727463, -0.00242522, -0.00238087, -0.00539239, 0.00405289, 0.00057681, -0.00734351, -0.00105462, -0.00106964, -0.00668068, 0.00086264, -0.0077875, 0.0044589, -0.00742471, 0.0069269, 0.00226035, -0.00584195, 0.00119085, -0.00378655, 0.00177527, 0.00065195, -0.00208557, 0.00359458, 0.00169252, 0.01085313, -0.01220837, 0.00400709, 0.01704377, -0.00858124, 0.00047769, 0.00829421, -0.01123818, -0.00032433, -0.00018258, -0.00256518]]},
 "free_energy": -294.27910898,
 "initial_magmoms": {"__ndarray__": [[34], "float64", [0.0, 0.0, 0.0, 0.004, 0.0, 0.0, 0.004, 0.0, 0.0, 0.0, -0.002, -0.002, 0.0, 0.0, 0.002, 0.001, 0.001, -0.0, 0.001, -0.0, 0.001, -0.0, 0.001, -0.0, -0.003, -0.003, 0.004, 0.004, 0.008, 0.008, 0.341, 0.548, 0.046, -0.0]]},
 "magmom": 1.1537833,
 "magmoms": {"__ndarray__": [[34], "float64", [0.0, 0.0, 0.0, 0.004, 0.0, 0.0, 0.004, 0.0, 0.0, 0.0, -0.002, -0.002, 0.0, 0.0, 0.002, 0.001, 0.001, -0.0, 0.001, -0.0, 0.001, -0.0, 0.001, -0.0, -0.003, -0.003, 0.004, 0.004, 0.008, 0.008, 0.34, 0.549, 0.046, -0.0]]},
 "mtime": 24.881724169429987,
 "numbers": {"__ndarray__": [[34], "int64", [6, 6, 6, 6, 6, 6, 6, 6, 6, 6, 6, 6, 6, 6, 6, 6, 6, 6, 6, 6, 6, 6, 6, 6, 6, 6, 7, 7, 7, 7, 27, 8, 8, 1]]},
 "pbc": {"__ndarray__": [[3], "bool", [true, true, true]]},
 "positions": {"__ndarray__": [[34, 3], "float64", [4.92820364284159, 7.80034653780205, 9.971521536802982, -0.006739400378097171, 0.7166031517458019, 9.969845082225037, -2.459625780978688, 7.8892674996920436, 9.969427658415785, 2.4603684202567666, 0.8072935336440177, 9.975462295729617, -0.007581254423992156, 7.800278521000778, 9.97107489689694, 4.927558555954517, 0.7165106718105159, 9.970339885625528, 2.460257872550555, 7.708974379790103, 9.97294163986242, 7.380508955893517, 0.6267873069143277, 9.966024042491945, 8.59292895976107, 1.3836935727009327, 9.96483086724604, -1.2594921610571972, 2.814638053885995, 9.959614886265488, 1.201695618893643, 1.5039485489699609, 9.973991985310565, 3.7191294951752356, 1.5038585090133112, 9.97444096945186, 6.167901818373057, 1.3834882776590414, 9.965325305912234, 6.179941032286354, 2.814533753079652, 9.960243691051069, 7.380155831195139, 3.5474702468248527, 9.956938773264842, -2.459857797681509, 4.968503822202524, 9.959747814361046, -0.04674064919192822, 3.5278250522855896, 9.960355603195799, -0.047552423482623674, 4.987926246537492, 9.9603089853329, 4.967299314364739, 3.5276846801139023, 9.96143499548452, 4.968191854777221, 4.988014373881034, 9.961846209519363, 6.180219949227681, 5.701417651556422, 9.964092695044261, -3.6718560548622414, 7.132742769749395, 9.969010198918648, -1.2597691801708364, 5.701184123477185, 9.963540147743348, -1.2475203820658765, 7.1325576127525565, 9.96845116259423, 1.2008266843449231, 7.013160603361821, 9.973647055989348, 3.719775645185811, 7.013221533795297, 9.973896446099586, 1.1329213901757147, 2.872740665805303, 9.970861901775308, 3.787717908149334, 2.8726782846271792, 9.971752187125052, 1.1323513234092442, 5.6427802142117525, 9.966650871914073, 3.7882670648399945, 5.64281257644651, 9.967613516454097, 2.4603628747103867, 4.252117373343601, 9.996591769471067, 2.459778135511657, 4.286925650139466, 11.761863220659839, 2.462554531906723, 4.225899406628546, 8.080184147251838, 2.4605682045083124, 5.154084794551031, 7.785107554513347]]},
 "stress": {"__ndarray__": [[6], "float64", [-0.010820781513678171, 0.01637362002380306, 0.00023293825109846466, 0.00015858761556084242, -5.232450587010838e-06, 1.975562468524569e-07]]},
 "unique_id": "f07b6be750988bf458a7f38707ce9111",
 "user": "jiuy97"},
"ids": [1],
"nextid": 2}
