{"1": {
 "calculator": "vasp",
 "calculator_parameters": {"encut": 500, "sigma": 0.05, "ediff": 1e-05, "ediffg": -0.02, "algo": "Normal", "gga": "PE", "prec": "Normal", "ibrion": 2, "isif": 2, "ismear": 0, "ispin": 2, "kpar": 8, "ldauprint": 2, "ldautype": 2, "lmaxmix": 4, "lorbit": 11, "nelm": 250, "npar": 4, "nsw": 200, "ivdw": 12, "nedos": 3000, "laechg": true, "lasph": true, "ldau": true, "lvhar": true, "lvtot": false, "lsol": true, "lreal": "Auto", "ldau_luj": {"Ti": {"L": 2, "U": 3.0, "J": 0.0}, "V": {"L": 2, "U": 3.25, "J": 0.0}, "Cr": {"L": 2, "U": 3.5, "J": 0.0}, "Mn": {"L": 2, "U": 3.75, "J": 0.0}, "Fe": {"L": 2, "U": 4.3, "J": 0.0}, "Co": {"L": 2, "U": 3.32, "J": 0.0}, "Ni": {"L": 2, "U": 6.45, "J": 0.0}, "Cu": {"L": 2, "U": 3.0, "J": 0.0}, "C": {"L": -1, "U": 0.0, "J": 0.0}, "N": {"L": -1, "U": 0.0, "J": 0.0}, "O": {"L": -1, "U": 0.0, "J": 0.0}, "H": {"L": -1, "U": 0.0, "J": 0.0}}, "pp": "pbe", "setups": {"base": "recommended", "W": "_sv"}, "txt": "-", "kpts": [5, 5, 1], "gamma": true, "reciprocal": false, "ignore_constraints": false, "custom": {}},
 "cell": {"array": {"__ndarray__": [[3, 3], "float64", [9.84, 0.0, 0.0, -4.92, 8.521689973, 0.0, 0.0, 0.0, 20.0]]}, "__ase_objtype__": "cell"},
 "ctime": 24.845900967373456,
 "dipole": {"__ndarray__": [[1, 3], "float64", [0.0, 0.0, 0.0]]},
 "energy": -300.02347041,
 "forces": {"__ndarray__": [[35, 3], "float64", [-0.00970952, 0.00636752, -0.00284016, 0.00586336, -0.0101632, 0.00256164, -0.00199094, 0.00369115, 0.00301669, 0.00141791, 0.00960776, 0.00264215, 0.00158343, 0.00591688, -0.00075861, -0.00476357, -0.01044726, 1.374e-05, 0.00384057, -0.00149493, -0.00024745, -0.00050326, -0.00552759, -0.00072894, -0.0051724, 0.00284546, -0.00140258, 0.00482682, 0.00813452, 0.00167057, 0.00358138, 0.00379155, -0.0025858, -0.0067898, 0.00611635, 0.00201459, 0.00106908, 0.00123944, -0.0014866, -0.00047895, 0.00492501, -0.00034337, -0.00517663, -0.00129501, 0.00161074, 0.01695394, 0.00244264, 0.00016996, -0.00498523, 1.426e-05, -0.0020624, 0.00070882, -0.00391735, 0.00019608, -0.00767044, 0.01337671, -0.0017977, 0.00198032, -0.00520463, -0.00178044, -0.00444007, -0.01063378, -0.00066682, 0.00563981, 0.00450703, -0.0005514, -0.00999067, -0.00698765, 0.00151759, 0.00506015, 0.00416326, -0.00191757, 0.0063954, -0.00010737, -0.00192527, -0.00991128, 0.00310464, -0.00124954, 0.00617757, -0.01252869, 0.00156833, -0.00222688, -0.0119012, 0.00190497, -0.00011582, 0.01170675, -0.00196095, 0.00110102, 0.01087294, 0.0002633, -0.0020352, -0.00276919, -0.00214377, -0.00393242, -0.01411146, -0.01074688, 0.01544327, -0.00922795, 0.00811051, -0.00080056, -0.00237247, 0.00967269, -0.0009492, 0.00586587, 0.00026271]]},
 "free_energy": -300.02873412,
 "initial_magmoms": {"__ndarray__": [[35], "float64", [0.004, 0.004, 0.006, 0.041, 0.004, 0.004, 0.041, 0.006, 0.016, 0.002, 0.001, 0.001, 0.016, 0.002, 0.021, 0.021, 0.018, 0.018, 0.018, 0.018, 0.002, 0.016, 0.002, 0.016, 0.001, 0.001, 0.056, 0.056, 0.056, 0.056, 0.013, 0.039, 0.039, -0.0, -0.0]]},
 "magmom": 8e-07,
 "magmoms": {"__ndarray__": [[35], "float64", [0.0, -0.0, -0.0, 0.0, 0.0, 0.0, 0.0, -0.0, 0.0, -0.0, -0.0, -0.0, 0.0, -0.0, 0.0, 0.0, 0.0, 0.0, 0.0, 0.0, -0.0, 0.0, -0.0, 0.0, -0.0, -0.0, 0.0, 0.0, 0.0, 0.0, -0.0, -0.0, -0.0, -0.0, -0.0]]},
 "mtime": 24.845900967373456,
 "numbers": {"__ndarray__": [[35], "int64", [6, 6, 6, 6, 6, 6, 6, 6, 6, 6, 6, 6, 6, 6, 6, 6, 6, 6, 6, 6, 6, 6, 6, 6, 6, 6, 7, 7, 7, 7, 27, 8, 8, 1, 1]]},
 "pbc": {"__ndarray__": [[3], "bool", [true, true, true]]},
 "positions": {"__ndarray__": [[35, 3], "float64", [4.928085776412617, 7.802467677036, 10.038039912567596, -0.0071434834250240775, 0.719477364907551, 10.03704559711613, -2.459647066886908, 7.892979634449366, 10.037941262530195, 2.460326317947686, 0.8111601726651675, 10.035608423043962, -0.007274489767296721, 7.802226977950047, 10.038154433828787, 4.927810417971586, 0.7192668726565165, 10.037182935861864, 2.460342972562871, 7.710022624578494, 10.038478751690587, 7.380357912189236, 0.6283187058082218, 10.039702613175567, 8.592522512584138, 1.3858261329217985, 10.037990095964487, -1.2594601995926855, 2.8171573920212327, 10.038091921862524, 1.2000680523325946, 1.5076026472114412, 10.03546803497795, 3.7207065695899497, 1.507380877459885, 10.035663116577132, 6.1681402252672415, 1.385716575595768, 10.038013763401697, 6.179863519673061, 2.817083882481949, 10.038278587095796, 7.38017200404879, 3.550152277839973, 10.038570534240849, -2.46006617227419, 4.971493493822436, 10.03731827256193, -0.04606714843345894, 3.5297572608249657, 10.039173047382622, -0.04605304599819693, 4.991736500688328, 10.041903029314952, 4.966542006486287, 3.5296148165834005, 10.03947282879321, 4.966573986732147, 4.99187379685138, 10.042380248393085, 6.179832768207987, 5.704536705941128, 10.037794547123397, -3.6719353860566732, 7.135780085719823, 10.037730190905478, -1.259279549460472, 5.704265936046849, 10.037808610538319, -1.2475274365383537, 7.135572388544012, 10.037957656881746, 1.199822186932506, 7.0141657172149845, 10.039663003166126, 3.721021501309604, 7.0143126068425135, 10.039997474499927, 1.1349060225683345, 2.8796008361325534, 10.033416063936658, 3.7856976416782935, 2.8793025070922607, 10.034425498108881, 1.1346455786587093, 5.64242598219794, 10.045605419063715, 3.7860776174430066, 5.642659440659052, 10.046574348390244, 2.4605462120059802, 4.261866477622415, 10.040826744811703, 2.459706228641711, 4.223205897072114, 11.963196675023083, 2.466401184593772, 4.310757599909969, 8.120287510588861, 2.460026179829119, 5.154953890577084, 12.244627314197116, 2.4593185827661745, 3.381638244073295, 7.829581532383542]]},
 "stress": {"__ndarray__": [[6], "float64", [-0.01058624872551879, 0.016541998201650452, 0.0003424983318792914, -0.0004675056359429309, -9.558484252724406e-06, 3.916097587834681e-06]]},
 "unique_id": "9384a88727d460e9843782eecf68eb32",
 "user": "jiuy97"},
"ids": [1],
"nextid": 2}
