{"1": {
 "calculator": "vasp",
 "calculator_parameters": {"encut": 500, "sigma": 0.05, "ediff": 1e-05, "ediffg": -0.02, "algo": "Normal", "gga": "PE", "prec": "Normal", "ibrion": 2, "isif": 2, "ismear": 0, "ispin": 2, "kpar": 8, "ldauprint": 2, "ldautype": 2, "lmaxmix": 4, "lorbit": 11, "nelm": 250, "npar": 4, "nsw": 200, "ivdw": 12, "nedos": 3000, "laechg": true, "lasph": true, "ldau": true, "lvhar": true, "lvtot": false, "lsol": true, "lreal": "Auto", "ldau_luj": {"Ti": {"L": 2, "U": 3.0, "J": 0.0}, "V": {"L": 2, "U": 3.25, "J": 0.0}, "Cr": {"L": 2, "U": 3.5, "J": 0.0}, "Mn": {"L": 2, "U": 3.75, "J": 0.0}, "Fe": {"L": 2, "U": 4.3, "J": 0.0}, "Co": {"L": 2, "U": 3.32, "J": 0.0}, "Ni": {"L": 2, "U": 6.45, "J": 0.0}, "Cu": {"L": 2, "U": 3.0, "J": 0.0}, "C": {"L": -1, "U": 0.0, "J": 0.0}, "N": {"L": -1, "U": 0.0, "J": 0.0}, "O": {"L": -1, "U": 0.0, "J": 0.0}, "H": {"L": -1, "U": 0.0, "J": 0.0}}, "pp": "pbe", "setups": {"base": "recommended", "W": "_sv"}, "txt": "-", "kpts": [5, 5, 1], "gamma": true, "reciprocal": false, "ignore_constraints": false, "custom": {}},
 "cell": {"array": {"__ndarray__": [[3, 3], "float64", [9.84, 0.0, 0.0, -4.92, 8.521689973, 0.0, 0.0, 0.0, 20.0]]}, "__ase_objtype__": "cell"},
 "ctime": 24.88182369092959,
 "dipole": {"__ndarray__": [[1, 3], "float64", [0.0, 0.0, 0.0]]},
 "energy": -299.07328007,
 "forces": {"__ndarray__": [[35, 3], "float64", [-0.00691612, -0.00454261, -0.00240342, 0.00501521, 0.00102517, -0.00557559, -0.00558033, 0.00270471, 0.00123061, 0.00308314, -0.00940703, -0.0088623, -0.00641342, 0.00043925, -0.00363617, 0.00233669, 0.00212082, -0.00113075, 0.00070518, 0.00437425, -0.00052627, -0.00072472, 0.00713823, 0.01117732, -0.01414412, -0.00146068, -0.00045069, -0.00206993, 0.00231461, 0.00601045, 0.00648952, -0.00476732, -0.00548844, -0.00653094, -0.00123751, -0.00513662, 0.01152985, -0.00442051, 0.00557769, 3.735e-05, -0.00269913, -0.00017387, 0.006448, 0.00341123, -0.00313191, 0.00126224, 0.00386327, 0.00030102, -0.00156401, 0.0021739, -0.00573485, 0.00315378, -0.00452412, -0.00787784, 0.00062073, 0.00799995, 0.00821204, -0.00392275, -0.00011558, 0.00026395, -0.00590396, 0.00625673, -0.0012945, 0.00607221, 0.00014877, -0.00703373, 0.00512841, 0.00228234, -0.00092624, -0.00234089, 0.00439222, -0.00589009, 0.00316759, 0.0001301, 0.00413364, -0.00207911, -0.0058472, 0.0022747, 0.00675219, 0.01057043, 0.00147218, -0.00389082, 0.00735653, 0.00695643, 0.00418744, -0.01408997, 0.004201, -0.00125923, -0.00749849, 0.0038358, -1.059e-05, 0.00012757, 0.00310603, -0.00351455, 0.00045315, 0.00370842, 0.0008097, -0.00525987, -0.00152108, -0.00012391, 0.00177623, 0.00506813, 0.00019017, -0.00518944, -0.00073503]]},
 "free_energy": -299.07489714,
 "initial_magmoms": {"__ndarray__": [[35], "float64", [0.004, 0.002, 0.002, 0.004, 0.004, 0.002, 0.007, -0.001, 0.002, 0.001, 0.001, 0.001, 0.002, 0.001, 0.004, 0.002, 0.002, -0.001, 0.002, -0.001, 0.002, -0.0, 0.002, -0.0, 0.0, 0.0, 0.038, 0.038, 0.04, 0.04, 2.281, -0.027, -0.001, 0.0, -0.0]]},
 "magmom": 2.051335,
 "magmoms": {"__ndarray__": [[35], "float64", [0.003, 0.003, 0.0, -0.0, 0.003, 0.003, 0.001, -0.001, -0.0, 0.001, -0.001, -0.001, -0.0, 0.001, -0.0, -0.001, 0.001, -0.0, 0.001, -0.0, 0.001, -0.001, 0.001, -0.001, -0.001, -0.001, 0.039, 0.039, 0.038, 0.038, 1.916, -0.034, -0.016, 0.0, -0.0]]},
 "mtime": 24.88182369092959,
 "numbers": {"__ndarray__": [[35], "int64", [6, 6, 6, 6, 6, 6, 6, 6, 6, 6, 6, 6, 6, 6, 6, 6, 6, 6, 6, 6, 6, 6, 6, 6, 6, 6, 7, 7, 7, 7, 27, 8, 8, 1, 1]]},
 "pbc": {"__ndarray__": [[3], "bool", [true, true, true]]},
 "positions": {"__ndarray__": [[35, 3], "float64", [4.928153483527868, 7.826727551628719, 9.967158377742782, -0.006033256705023915, 0.7419511978567436, 9.962091781446095, -2.4593567035397523, 7.911850446374232, 9.952675448877196, 2.4603691766085776, 0.8297195645954022, 10.006835088226554, -0.00686062679991295, 7.826688156651709, 9.966573623136698, 4.926818750912676, 0.74192906946375, 9.960585259684423, 2.4606355987314803, 7.736685028009559, 10.02264166336014, 7.380522124794812, 0.654442622236026, 9.955830970199148, 8.594088136781984, 1.4111482527534098, 9.928283600863928, -1.2531147955985178, 2.842081355881387, 9.871617872689374, 1.1980860427203697, 1.5275803829384986, 10.004252537770492, 3.7224925891463627, 1.5275551915150207, 10.002679249995417, 6.166806645713689, 1.411252166062191, 9.926786100033414, 6.173842173731494, 2.842249353483265, 9.87044968813351, 7.380373777116634, 3.572608429606572, 9.83226865570794, -2.4595267884408445, 4.994668027196452, 9.834054147309875, -0.02751729589695362, 3.5462045174045502, 9.936660684773788, -0.02738507613792107, 5.019511867066064, 9.946632230139802, 4.948127175744789, 3.5461032795998984, 9.933203520630148, 4.947914507685655, 5.019362805755018, 9.944065424447038, 6.17350895066685, 5.7238949206766545, 9.877571676057077, -3.673266951164233, 7.155143408526919, 9.932913871625484, -1.2526455011457331, 5.723982531893996, 9.878998813413999, -1.2455571926553208, 7.155096404706207, 9.932816890813177, 1.196509009730259, 7.0401178454012046, 10.018858037491453, 3.7247210700144837, 7.040209780508828, 10.019217852907909, 1.1447076472866886, 2.8984511085012055, 10.03668422811646, 3.775720503621268, 2.898573092305205, 10.032854211501064, 1.144629272009761, 5.667248484507418, 10.062874869755268, 3.7762930239495325, 5.66716768950444, 10.062816355079221, 2.4602259856534636, 4.254345512442733, 11.050638465761919, 2.465789207346401, 2.975170303973587, 12.357121786089902, 2.4514962059309267, 5.398913261508892, 12.499944510132348, 2.4683335521239376, 3.5056683197189584, 13.178760293142096, 2.456179576534228, 6.322078069745197, 12.186572212944345]]},
 "stress": {"__ndarray__": [[6], "float64", [-0.00738209246499573, 0.015799883958711177, -0.00016063244629764605, -7.00028564541141e-05, -1.3737237027594506e-05, -2.104418424428429e-06]]},
 "unique_id": "27681b83d3fe0ebcc90267f307a26a2a",
 "user": "jiuy97"},
"ids": [1],
"nextid": 2}
