{"1": {
 "calculator": "vasp",
 "calculator_parameters": {"encut": 500, "sigma": 0.05, "ediff": 1e-05, "ediffg": -0.02, "algo": "Normal", "gga": "PE", "prec": "Normal", "ibrion": 2, "isif": 2, "ismear": 0, "ispin": 2, "kpar": 8, "ldauprint": 2, "ldautype": 2, "lmaxmix": 4, "lorbit": 11, "nelm": 250, "npar": 4, "nsw": 200, "ivdw": 12, "nedos": 3000, "laechg": true, "lasph": true, "ldau": true, "lvhar": true, "lvtot": false, "lsol": true, "lreal": "Auto", "ldau_luj": {"Ti": {"L": 2, "U": 3.0, "J": 0.0}, "V": {"L": 2, "U": 3.25, "J": 0.0}, "Cr": {"L": 2, "U": 3.5, "J": 0.0}, "Mn": {"L": 2, "U": 3.75, "J": 0.0}, "Fe": {"L": 2, "U": 4.3, "J": 0.0}, "Co": {"L": 2, "U": 3.32, "J": 0.0}, "Ni": {"L": 2, "U": 6.45, "J": 0.0}, "Cu": {"L": 2, "U": 3.0, "J": 0.0}, "C": {"L": -1, "U": 0.0, "J": 0.0}, "N": {"L": -1, "U": 0.0, "J": 0.0}, "O": {"L": -1, "U": 0.0, "J": 0.0}, "H": {"L": -1, "U": 0.0, "J": 0.0}}, "pp": "pbe", "setups": {"base": "recommended", "W": "_sv"}, "txt": "-", "kpts": [5, 5, 1], "gamma": true, "reciprocal": false, "ignore_constraints": false, "custom": {}},
 "cell": {"array": {"__ndarray__": [[3, 3], "float64", [9.84, 0.0, 0.0, -4.92, 8.521689973, 0.0, 0.0, 0.0, 20.0]]}, "__ase_objtype__": "cell"},
 "ctime": 24.845830873644253,
 "dipole": {"__ndarray__": [[1, 3], "float64", [0.0, 0.0, 0.0]]},
 "energy": -289.64629007,
 "forces": {"__ndarray__": [[33, 3], "float64", [-0.00043501, -0.00049528, 0.00210374, -0.00169332, -0.00121927, 0.01017848, 0.00330691, 0.00239953, 0.00541326, 0.00739401, 0.00178864, 0.0095942, -0.0016275, -0.00112468, 0.00318409, -0.00202411, -0.00510984, 0.0096222, -0.00390203, 0.00916057, 0.01075446, -0.00457505, -0.000227, -0.00582047, -0.0020134, -0.00075741, 0.00146802, 0.00691513, -0.00505882, -0.0001948, -0.0056362, 0.00022761, -0.00411913, 0.00212231, -0.00951823, -0.00668914, 0.0006966, -0.0065979, 0.00244079, -0.00457336, 0.00157042, 0.00018938, -0.0005349, 0.01102401, 0.00272486, -0.00781323, -0.00236088, 0.00788249, 0.00367914, -0.01141001, 0.00346016, -0.00375053, 0.0060668, 0.00579036, -0.00288594, -0.00881435, 0.00079317, 0.0003777, 0.01161072, 0.00161416, -0.00059619, 0.00588576, -0.00278614, -0.00662984, -0.00669945, -0.00406361, 0.0025748, 0.00695907, -0.00303053, 0.00824687, 0.00222942, -0.00210231, 0.00185376, 0.01212288, -0.00351433, 0.00645012, -0.00997519, -0.00419051, 0.00016791, -0.00288983, -0.00902392, 0.00363009, -0.00823921, -0.00869292, 0.0068388, -0.00969818, -0.00614115, -0.0039756, -0.00272985, -0.00835975, -0.00072197, 0.00776449, 0.00996025, -0.00043525, 0.01023976, -0.01041894, -0.00043073, 0.0038757, -0.0080264]]},
 "free_energy": -289.64629007,
 "initial_magmoms": {"__ndarray__": [[33], "float64", [-0.0, 0.0, 0.0, -0.0, 0.0, -0.0, -0.0, -0.0, 0.0, -0.0, -0.0, 0.0, -0.0, 0.0, 0.0, -0.0, 0.001, 0.001, -0.001, -0.001, 0.0, -0.0, -0.0, 0.0, -0.0, 0.0, 0.004, -0.005, 0.005, -0.005, 0.002, -0.0, 0.0]]},
 "magmom": 0.0,
 "magmoms": {"__ndarray__": [[33], "float64", [-0.0, 0.0, 0.0, -0.0, 0.0, -0.0, -0.0, -0.0, 0.0, -0.0, -0.0, 0.0, -0.0, 0.0, 0.0, -0.0, 0.001, 0.001, -0.001, -0.001, 0.0, -0.0, -0.0, 0.0, -0.0, 0.0, 0.004, -0.005, 0.005, -0.005, 0.002, -0.0, 0.0]]},
 "mtime": 24.845830873644253,
 "numbers": {"__ndarray__": [[33], "int64", [6, 6, 6, 6, 6, 6, 6, 6, 6, 6, 6, 6, 6, 6, 6, 6, 6, 6, 6, 6, 6, 6, 6, 6, 6, 6, 7, 7, 7, 7, 27, 8, 1]]},
 "pbc": {"__ndarray__": [[3], "bool", [true, true, true]]},
 "positions": {"__ndarray__": [[33, 3], "float64", [4.925329999999967, 7.79849000000002, 9.974600000000038, -0.005249999999995092, 0.7177699999999899, 9.973459999999932, -2.459960000000014, 7.880999999999993, 9.978710000000037, 2.4599600000000494, 0.8093799999999745, 9.985120000000052, -0.005080000000003082, 7.798440000000011, 9.974590000000065, 4.925589999999981, 0.7179100000000154, 9.973389999999966, 2.460130000000042, 7.707209999999973, 9.98542999999998, 7.380249999999965, 0.6355200000000031, 9.980309999999974, 8.59142000000001, 1.3854099999999916, 9.974169999999985, -1.2576199999999675, 2.8184500000000026, 9.967259999999955, 1.205640000000008, 1.5055899999999989, 9.979940000000056, 3.71448000000002, 1.505799999999976, 9.979790000000008, 6.168959999999962, 1.385530000000013, 9.974040000000029, 6.177679999999982, 2.8184099999999956, 9.967209999999938, 7.380060000000013, 3.547179999999978, 9.966679999999995, -2.4597699999999585, 4.96912999999998, 9.965830000000013, -0.049719999999983555, 3.5355699999999963, 9.962479999999942, -0.050120000000016596, 4.980129999999972, 9.964109999999948, 4.969709999999968, 3.5355699999999963, 9.962210000000056, 4.970379999999997, 4.9801599999999775, 9.963670000000064, 6.177589999999997, 5.697979999999976, 9.967160000000064, -3.6711399999999683, 7.131289999999976, 9.973930000000024, -1.2573100000000244, 5.6978900000000205, 9.96729000000002, -1.248709999999996, 7.131150000000011, 9.973820000000018, 1.2057100000000007, 7.010869999999986, 9.981980000000023, 3.714449999999978, 7.0112299999999905, 9.981510000000073, 1.151179999999974, 2.889319999999989, 9.965739999999954, 3.7688699999999913, 2.889430000000009, 9.964580000000039, 1.151329999999974, 5.626530000000007, 9.97035999999994, 3.768980000000005, 5.626669999999971, 9.96893, 2.460380000000008, 4.258810000000006, 10.157549999999986, 2.4683399999999787, 4.231299999999994, 12.01792999999995, 2.4605700000000272, 5.165949999999989, 12.295179999999988]]},
 "stress": {"__ndarray__": [[6], "float64", [-0.009463452127037805, 0.016786530561512487, 3.19266298958093e-05, -0.0002990928302029059, 1.8630761186051632e-05, 2.464740746265669e-06]]},
 "unique_id": "507a99bb0078b1c4cd72364f7d3c48e7",
 "user": "jiuy97"},
"ids": [1],
"nextid": 2}
