{"1": {
 "calculator": "vasp",
 "calculator_parameters": {"amix": 0.05, "amix_mag": 0.01, "bmix": 0.0001, "bmix_mag": 1e-05, "encut": 500, "sigma": 0.05, "ediff": 1e-05, "ediffg": -0.02, "algo": "Normal", "gga": "PE", "prec": "Normal", "ibrion": 2, "isif": 2, "ismear": 0, "ispin": 2, "kpar": 8, "ldauprint": 2, "ldautype": 2, "lmaxmix": 4, "lorbit": 11, "nelm": 250, "npar": 1, "nsw": 200, "ivdw": 12, "nedos": 3000, "inimix": 0, "laechg": true, "lasph": true, "ldau": true, "lvhar": true, "lvtot": false, "lsol": true, "lreal": "Auto", "ldau_luj": {"Ti": {"L": 2, "U": 3.0, "J": 0.0}, "V": {"L": 2, "U": 3.25, "J": 0.0}, "Cr": {"L": 2, "U": 3.5, "J": 0.0}, "Mn": {"L": 2, "U": 3.75, "J": 0.0}, "Fe": {"L": 2, "U": 4.3, "J": 0.0}, "Co": {"L": 2, "U": 3.32, "J": 0.0}, "Ni": {"L": 2, "U": 6.45, "J": 0.0}, "Cu": {"L": 2, "U": 3.0, "J": 0.0}, "C": {"L": -1, "U": 0.0, "J": 0.0}, "N": {"L": -1, "U": 0.0, "J": 0.0}}, "pp": "pbe", "setups": {"base": "recommended", "W": "_sv"}, "txt": "-", "kpts": [5, 5, 1], "gamma": true, "reciprocal": false, "ignore_constraints": false, "custom": {}},
 "cell": {"array": {"__ndarray__": [[3, 3], "float64", [9.84, 0.0, 0.0, -4.92, 8.521689973, 0.0, 0.0, 0.0, 20.0]]}, "__ase_objtype__": "cell"},
 "ctime": 24.750974232810144,
 "dipole": {"__ndarray__": [[1, 3], "float64", [0.0, 0.0, 0.0]]},
 "energy": -271.95317017,
 "forces": {"__ndarray__": [[30, 3], "float64", [0.01263685, -0.01146392, 0.00304455, -0.0119614, 0.01355293, 0.00193162, 0.00693655, 0.03015669, -0.00362711, 0.02586364, -0.00834434, -0.00197642, -0.00577138, -0.00255394, -0.00152927, 0.01181641, -0.00201605, -0.00125587, -0.01580016, 0.00700292, -0.0022165, -0.01833946, -0.02746307, -0.00399448, -0.01736526, 0.02503516, -0.00160308, 0.01149923, 0.00081142, 0.003818, -0.01084267, -0.01301342, 0.00025543, -0.02257757, 0.01460803, -0.00730272, -0.02345281, 0.01430271, 0.00146423, 0.03035964, 0.0005756, 0.00048889, 0.02077765, -0.02020777, 0.01371242, -0.02253806, 0.02192883, 0.00610849, 0.00643477, -0.00819359, 0.00508871, -0.03328692, -0.0024689, 1.832e-05, 0.03043343, 0.00084125, 0.00253405, -0.00439971, 0.01157241, 0.00170056, -0.0073008, -0.00650936, 0.00286222, 0.02310044, -0.02851509, -0.00476493, -0.02703927, -0.00559581, 0.00033884, 0.03188119, -0.0123391, 0.00097313, 0.00506077, -0.00040541, -0.0062644, -0.00079824, 0.00690348, 0.00026458, -0.01338157, 0.00190216, -0.00120349, 0.00080949, -0.02837233, -0.0033835, 0.00253253, 0.02747492, -0.00375241, 0.01471268, 0.00079361, -0.00172985]]},
 "free_energy": -271.95393556,
 "magmom": 2.4e-06,
 "magmoms": {"__ndarray__": [[30], "float64", [0.0, 0.0, -0.0, 0.0, 0.0, 0.0, 0.0, -0.0, -0.0, 0.0, -0.0, -0.0, -0.0, 0.0, -0.0, -0.0, -0.0, -0.0, -0.0, -0.0, 0.0, -0.0, 0.0, -0.0, -0.0, -0.0, 0.0, 0.0, 0.0, 0.0]]},
 "mtime": 24.750974232810144,
 "numbers": {"__ndarray__": [[30], "int64", [6, 6, 6, 6, 6, 6, 6, 6, 6, 6, 6, 6, 6, 6, 6, 6, 6, 6, 6, 6, 6, 6, 6, 6, 6, 6, 7, 7, 7, 7]]},
 "pbc": {"__ndarray__": [[3], "bool", [true, true, true]]},
 "positions": {"__ndarray__": [[30, 3], "float64", [4.9301142093856765, 7.809853013703101, 9.904734022578292, -0.009250021371945638, 0.7113743419827887, 9.904617605042391, -2.4596449318452764, 7.885128887708121, 9.905538400798964, 2.4605560193234854, 0.7911208617028005, 9.907089509135952, -0.009397464557792112, 7.809656128597701, 9.90859899220352, 4.9302069646237605, 0.7115164412433398, 9.908476397523017, 2.460353800302305, 7.730090884480204, 9.907297382905956, 7.380381273340538, 0.6361627467210751, 9.905528854450093, 8.597918953259448, 1.3945627109844503, 9.903405265698852, -1.243857512287308, 2.822633726418493, 9.902702549248891, 1.1887768499027787, 1.4953843071866968, 9.906018763502866, 3.731454196437531, 1.4956798702590983, 9.909858487370572, 6.162790628144772, 1.3950978210816687, 9.906167992815199, 6.163797505429738, 2.8226568032762223, 9.904126352714522, 7.37989546497028, 3.550515326374897, 9.90245907582828, -2.4593439056439634, 4.970621891127998, 9.902483785020372, 0.005692266356727149, 3.512899055517539, 9.905462650297691, 0.00634146034289973, 5.008397461369181, 9.90740409071417, 4.9142607284897695, 3.512769849398709, 9.907393974155484, 4.9150625461671, 5.008265916636561, 9.905902983162193, 6.164565483933043, 5.698619229734611, 9.903190286299832, -3.677118889894998, 7.126653621135941, 9.903707659172273, -1.243086825154525, 5.6985181860145495, 9.904400916473492, -1.2420562566541076, 7.1262454992041135, 9.906265087608727, 1.189134803204655, 7.02567336002523, 9.910118659857446, 3.7318259105779195, 7.025772058165657, 9.906161839350538, 1.1571594739874937, 2.8454877152641687, 9.906136964345018, 3.762241818335025, 2.845577704370488, 9.912083832965328, 1.1584680715005087, 5.675611116340274, 9.912228461228468, 3.7635431800460055, 5.675741849918396, 9.906604528737391]]},
 "stress": {"__ndarray__": [[6], "float64", [-0.007282889837809323, 0.011587058248753095, -0.0013217887107493612, -2.048731680007298e-06, 1.538862799513895e-06, -3.231333507672165e-05]]},
 "unique_id": "5c02672817fc3a92f45c280a39b7829d",
 "user": "jiuy97"},
"ids": [1],
"nextid": 2}
