{"1": {
 "calculator": "vasp",
 "calculator_parameters": {"amix": 0.1, "amix_mag": 0.1, "bmix": 0.0001, "bmix_mag": 0.0001, "encut": 600, "sigma": 0.05, "ediff": 1e-06, "ediffg": -0.01, "algo": "normal", "gga": "PE", "prec": "Normal", "ibrion": 2, "isif": 2, "ismear": 0, "ispin": 2, "istart": 1, "kpar": 16, "ldauprint": 2, "ldautype": 2, "lmaxmix": 6, "lorbit": 11, "nelm": 250, "npar": 8, "nsw": 200, "inimix": 0, "laechg": true, "lasph": true, "ldau": true, "lvtot": false, "lwave": true, "lreal": "auto", "ldau_luj": {"Ti": {"L": 2, "U": 3.0, "J": 0.0}, "V": {"L": 2, "U": 3.25, "J": 0.0}, "Cr": {"L": 2, "U": 3.5, "J": 0.0}, "Mn": {"L": 2, "U": 3.75, "J": 0.0}, "Fe": {"L": 2, "U": 4.3, "J": 0.0}, "Co": {"L": 2, "U": 3.32, "J": 0.0}, "Ni": {"L": 2, "U": 6.45, "J": 0.0}, "Cu": {"L": 2, "U": 3.0, "J": 0.0}, "Mo": {"L": 2, "U": 4.38, "J": 0.0}, "W": {"L": 2, "U": 3.0, "J": 0.0}, "Ce": {"L": 3, "U": 4.5, "J": 0.0}, "O": {"L": -1, "U": 0.0, "J": 0.0}, "C": {"L": -1, "U": 0.0, "J": 0.0}, "Au": {"L": -1, "U": 0.0, "J": 0.0}, "Ir": {"L": -1, "U": 0.0, "J": 0.0}, "H": {"L": -1, "U": 0.0, "J": 0.0}}, "xc": "PBE", "pp": "PBE", "setups": "recommended", "txt": "-", "kpts": [4, 6, 1], "gamma": true, "reciprocal": false, "ignore_constraints": false, "custom": {}},
 "cell": {"array": {"__ndarray__": [[3, 3], "float64", [7.02028, 2.43099, 0.0, 0.0, 4.8636, 0.0, 0.0, 0.0, 26.8791169]]}, "__ase_objtype__": "cell"},
 "constraints": [{"name": "FixAtoms", "kwargs": {"indices": [0, 1, 2, 3, 4, 5, 11, 12, 15, 16]}}],
 "ctime": 26.360281156691045,
 "dipole": {"__ndarray__": [[1, 3], "float64", [0.0, 0.0, 0.0]]},
 "energy": -158.93196217,
 "forces": {"__ndarray__": [[27, 3], "float64", [-0.00367655, 0.07433747, -0.02143806, -0.00958912, -0.06006416, -0.02525908, -0.0059114, -0.08654171, -0.10945133, -0.03055275, 0.12310699, -0.17833047, -0.06719515, 0.02482183, -0.05413804, -0.06100544, -0.00509017, 0.2223969, -0.00033327, -0.00218113, 0.00013041, -0.00206977, -0.00201449, -0.00251655, -0.00217608, -0.00033398, -0.00155179, -0.0057848, 0.00053845, -0.00046733, -0.00288213, 0.0006917, 0.0018347, -0.01407107, -0.04164484, -0.01449135, 0.10578103, -0.1257958, 0.24324048, -0.00107905, 0.00035474, 0.0013597, -0.0027987, -0.00074964, -0.00113924, -0.06627397, 0.0715141, -0.10059632, 0.18957268, 0.04073527, 0.03901236, -0.0040139, -0.00095792, 0.00342844, -0.00118387, -8.772e-05, -3.968e-05, -0.0011242, 0.00070561, -0.00022084, -0.00565463, -0.00482963, -0.00240268, -0.00439743, -0.00136564, -0.00316886, -0.00263698, -0.00173739, 0.00061583, -0.001938, -0.00310557, 0.00725722, 0.0042482, 0.00199551, -0.00660978, -0.00201527, 0.00298916, 0.0013267, -0.00123838, -0.00529103, 0.00121866]]},
 "free_energy": -158.9617539,
 "initial_charges": {"__ndarray__": [[27], "float64", [-0.03, -0.08, -0.09, 0.01, 0.07, 0.06, 0.04, 0.01, 0.18, 0.01, -0.01, -0.03, 0.06, 0.06, -0.04, -0.02, 0.02, 0.06, 0.18, 0.01, -1.23, -1.22, -1.59, -1.85, 3.91, 0.86, 0.66]]},
 "initial_magmoms": {"__ndarray__": [[27], "float64", [0.0, 0.0, 0.0, 0.0, 0.0, 0.0, 0.0, 0.0, 0.0, 0.0, 0.0, 0.0, 0.0, 0.0, 0.0, 0.0, 0.0, 0.0, 0.0, 0.0, 0.0, 0.0, 0.0, 0.0, 0.0, 0.0, 0.0]]},
 "magmom": 0.0002323,
 "magmoms": {"__ndarray__": [[27], "float64", [0.0, 0.0, 0.0, 0.0, 0.0, 0.0, 0.0, 0.0, 0.0, 0.0, 0.0, 0.0, 0.0, 0.0, 0.0, 0.0, 0.0, 0.0, 0.0, 0.0, 0.0, 0.0, 0.0, 0.0, 0.0, 0.0, 0.0]]},
 "mtime": 26.360281156691045,
 "numbers": {"__ndarray__": [[27], "int64", [78, 78, 78, 78, 78, 78, 78, 78, 78, 78, 78, 78, 78, 78, 78, 78, 78, 78, 78, 78, 8, 8, 8, 8, 15, 1, 1]]},
 "pbc": {"__ndarray__": [[3], "bool", [true, true, true]]},
 "positions": {"__ndarray__": [[27, 3], "float64", [0.7017500000000042, 3.6472900000000057, 9.999999999999929, 2.1059499999999876, 1.2151600000000062, 9.999999999999929, 3.51014, 3.64729, 9.999999999999929, 3.51014, 2.025869999999984, 12.293040000000092, 2.1059499999999876, 4.458010000000004, 12.293040000000092, 0.7017500000000042, 2.0258699999999896, 12.293040000000092, 2.1176434333871232, 2.8733508767611995, 14.546938783870756, 0.717308594733052, 0.40061030723612423, 14.585861926329445, 0.8102619292924315, 3.692271407013056, 16.93862718336559, 2.217589612068242, 1.2593047088442162, 16.79230181457859, 3.5922389076957555, 3.6877844064455667, 16.79192948897253, 4.914330000000012, 6.079429999999993, 9.999999999999929, 6.3185299999999955, 6.890139999999992, 12.293040000000092, 3.5458653225673196, 5.29808208344575, 14.508432365842074, 4.958062090081864, 6.122221725679207, 16.801921191217506, 6.3185299999999955, 3.6472899999999937, 9.999999999999929, 4.914330000000012, 4.458010000000012, 12.293040000000092, 4.958870365592752, 2.850653413497595, 14.532476363060299, 6.3723576939725834, 3.702738740732599, 16.933042122379526, 6.37599212977053, 5.243253806282054, 14.626802101331123, 0.8835382263189976, 3.8526051420471386, 19.138596010596654, 1.5845515613895806, 1.3250026364864298, 19.950792723146957, 6.228549344289794, 3.417079285306719, 19.036416862972537, 6.9716195430491865, 2.4407231745603832, 21.257626887939946, 0.38831908451799063, 0.31541287483074426, 19.751558634295623, 6.27507203879775, 6.624410328284193, 21.318900451638967, 1.3474261935353034, 2.2746503052117433, 19.731186456270425]]},
 "stress": {"__ndarray__": [[6], "float64", [0.018620594541632698, 0.022002963083057367, -0.00045201548980185945, 1.093107324912477e-05, 6.787773494391512e-05, -0.00024577108721220956]]},
 "unique_id": "47cdc2731fdc46df8e0911ebf2cbe10c",
 "user": "khamkins"},
"ids": [1],
"nextid": 2}
