{"1": {
 "calculator": "vasp",
 "calculator_parameters": {"amix": 0.1, "amix_mag": 0.1, "bmix": 0.0001, "bmix_mag": 0.0001, "encut": 600, "sigma": 0.05, "ediff": 1e-06, "ediffg": -0.01, "algo": "normal", "gga": "PE", "prec": "Normal", "ibrion": 2, "isif": 2, "ismear": 0, "ispin": 2, "istart": 0, "kpar": 16, "ldauprint": 2, "ldautype": 2, "lmaxmix": 6, "lorbit": 11, "nelm": 250, "npar": 8, "nsw": 200, "inimix": 0, "laechg": true, "lasph": true, "ldau": true, "lvtot": false, "lwave": true, "lreal": "auto", "ldau_luj": {"Ti": {"L": 2, "U": 3.0, "J": 0.0}, "V": {"L": 2, "U": 3.25, "J": 0.0}, "Cr": {"L": 2, "U": 3.5, "J": 0.0}, "Mn": {"L": 2, "U": 3.75, "J": 0.0}, "Fe": {"L": 2, "U": 4.3, "J": 0.0}, "Co": {"L": 2, "U": 3.32, "J": 0.0}, "Ni": {"L": 2, "U": 6.45, "J": 0.0}, "Cu": {"L": 2, "U": 3.0, "J": 0.0}, "Mo": {"L": 2, "U": 4.38, "J": 0.0}, "W": {"L": 2, "U": 3.0, "J": 0.0}, "Ce": {"L": 3, "U": 4.5, "J": 0.0}, "O": {"L": -1, "U": 0.0, "J": 0.0}, "C": {"L": -1, "U": 0.0, "J": 0.0}, "Au": {"L": -1, "U": 0.0, "J": 0.0}, "Ir": {"L": -1, "U": 0.0, "J": 0.0}, "H": {"L": -1, "U": 0.0, "J": 0.0}}, "xc": "PBE", "pp": "PBE", "setups": "recommended", "txt": "-", "kpts": [4, 6, 1], "gamma": true, "reciprocal": false, "ignore_constraints": false, "custom": {}},
 "cell": {"array": {"__ndarray__": [[3, 3], "float64", [7.02028, 2.43099, 0.0, 0.0, 4.8636, 0.0, 0.0, 0.0, 26.8791169]]}, "__ase_objtype__": "cell"},
 "constraints": [{"name": "FixAtoms", "kwargs": {"indices": [0, 1, 2, 3, 4, 5, 11, 12, 15, 16]}}],
 "ctime": 26.344921247814305,
 "dipole": {"__ndarray__": [[1, 3], "float64", [0.0, 0.0, 0.0]]},
 "energy": -169.48922264,
 "forces": {"__ndarray__": [[29, 3], "float64", [0.04652839, 0.04592851, -0.03596366, -0.04528787, 0.05950098, -0.11491705, 0.03008115, 0.02316334, -0.08130893, -0.12434257, 0.04867946, 0.12567542, 0.01238851, -0.13076531, 0.21112607, 0.10238772, 0.0016848, 0.15663038, 0.00043651, -0.00056438, 0.00128052, 0.00012922, -0.00055205, -0.00302578, -0.0020578, 0.00075798, 0.00164892, -0.00138543, -0.00072138, 0.00132542, -0.0005335, 0.00138241, 0.00097117, -0.00051808, -0.08702158, -0.060448, 0.04330327, 0.00188401, -0.06185477, 0.00071316, -0.00031076, -0.0003273, -0.00093747, 0.00093408, 0.00081042, -0.04665548, -0.01205645, -0.19253062, 0.00543716, 0.04178316, 0.05335511, -0.00081296, 0.00039742, 0.00101738, 0.00053537, 0.00107259, -0.00077169, -0.00090225, -0.00184712, -0.00072634, -0.00114662, -0.00347779, -0.00632703, 0.00381777, 0.00528453, -0.00127789, -0.00604343, 0.00510466, -0.00056041, -0.00156962, -0.00183288, -0.00301286, -0.00482189, 0.00555522, 0.00501215, -0.00805191, 0.00076006, -0.00128869, -0.00040451, -0.00065093, 0.00184905, 0.00461946, 0.00092727, -0.0003041, -0.00490631, -0.00499984, 0.00394308]]},
 "free_energy": -169.51990851,
 "initial_charges": {"__ndarray__": [[29], "float64", [0.0, 0.0, -0.0, 0.0, 0.0, -0.0, -0.0, 0.0, 0.0, 0.0, -0.0, 0.0, 0.0, 0.0, 0.0, 0.0, -0.0, 0.0, 0.0, -0.0, 0.0, 0.0, 0.0, 0.0, 0.0, 0.0, 0.0, 0.0, 0.0]]},
 "initial_magmoms": {"__ndarray__": [[29], "float64", [0.302, 0.302, 0.302, 0.302, 0.302, 0.302, 0.302, 0.302, 0.302, 0.302, 0.302, 0.302, 0.302, 0.302, 0.302, 0.302, 0.302, 0.302, 0.302, 0.302, 0.0, 0.0, 0.0, 0.0, 0.0, 0.0, 0.0, 0.0, 0.0]]},
 "magmom": 3.1e-05,
 "magmoms": {"__ndarray__": [[29], "float64", [0.0, 0.0, 0.0, 0.0, 0.0, 0.0, 0.0, 0.0, 0.0, 0.0, 0.0, 0.0, 0.0, 0.0, 0.0, 0.0, 0.0, 0.0, 0.0, 0.0, 0.0, 0.0, 0.0, 0.0, 0.0, 0.0, 0.0, 0.0, 0.0]]},
 "mtime": 26.344921247814305,
 "numbers": {"__ndarray__": [[29], "int64", [78, 78, 78, 78, 78, 78, 78, 78, 78, 78, 78, 78, 78, 78, 78, 78, 78, 78, 78, 78, 8, 8, 8, 15, 8, 8, 1, 1, 1]]},
 "pbc": {"__ndarray__": [[3], "bool", [true, true, true]]},
 "positions": {"__ndarray__": [[29, 3], "float64", [0.701752283907493, 3.6472949991430075, 10.000000000867587, 2.105946143191196, 1.2151598911874508, 10.000000000867587, 3.5101400024748997, 3.6472949991430053, 10.000000000867587, 3.5101399975251497, 2.02587159669705, 12.293038966955926, 2.105946143191196, 4.458006696079364, 12.293038966955926, 0.7017522888572426, 2.0258715966970153, 12.293038966955926, 2.121910851908779, 2.804320493292395, 14.632352293678174, 0.702946739144487, 0.37234894396178464, 14.555733642115088, 0.6851385892793522, 3.5523677218265943, 16.877039526113016, 2.1313881845421787, 1.134645132849104, 16.90281774643141, 3.518294147594365, 3.557810013197002, 16.899218878357953, 4.9143338568088035, 6.079430098525337, 10.000000000867587, 6.318527711142757, 6.890141804034935, 12.293038966955926, 3.47565332041859, 5.247196533906095, 14.546673133575153, 4.910924283950688, 6.0186394060912445, 16.732784457354978, 6.318527711142757, 3.6472949991430226, 10.000000000867587, 4.9143338568088035, 4.458006698937115, 12.293038962914437, 4.915018364190025, 2.8519014399845597, 14.53012851940413, 6.298325268681975, 3.5854791103760832, 16.83931459517185, 6.352361413049927, 5.243714965524029, 14.542884401662539, 0.5557280465322307, 3.686089768308418, 18.977863714957703, 1.95990500778406, 0.9700633544914984, 19.04197907830278, 6.386047955016553, 3.5487733774498182, 19.001805134120165, 0.6065348963072349, 0.2976654661199718, 19.432889136275907, 0.5551977147265023, 0.28694212111598716, 21.03339939022613, 3.720557615473467, 3.733613345776265, 19.07296920210948, 3.279390741680716, 4.6063735442773925, 19.260431259356995, 4.701389578286757, 3.7842556895544615, 19.250881569026106, 0.7822657001096679, 4.273559567305984, 21.392782838874123]]},
 "stress": {"__ndarray__": [[6], "float64", [0.01672499919928928, 0.01589192891061315, -0.0009085971303670143, -3.259435278360542e-05, 0.00016165442476040906, -0.0004522400280926631]]},
 "tags": {"__ndarray__": [[29], "int64", [4, 4, 4, 3, 3, 3, 2, 2, 1, 1, 1, 4, 3, 2, 1, 4, 3, 2, 1, 2, 0, 0, 0, 0, 0, 0, 0, 0, 0]]},
 "unique_id": "b2c7e2d382fb46659f9812715328b937",
 "user": "khamkins"},
"ids": [1],
"nextid": 2}
