{"1": {
 "calculator": "vasp",
 "calculator_parameters": {"amix": 0.1, "amix_mag": 0.1, "bmix": 0.0001, "bmix_mag": 0.0001, "encut": 600, "sigma": 0.05, "ediff": 1e-06, "ediffg": -0.01, "algo": "normal", "gga": "PE", "prec": "Normal", "ibrion": 2, "isif": 2, "ismear": 0, "ispin": 2, "istart": 0, "kpar": 16, "ldauprint": 2, "ldautype": 2, "lmaxmix": 6, "lorbit": 11, "nelm": 250, "npar": 8, "nsw": 200, "inimix": 0, "laechg": true, "lasph": true, "ldau": true, "lvtot": false, "lwave": true, "lreal": "auto", "ldau_luj": {"Ti": {"L": 2, "U": 3.0, "J": 0.0}, "V": {"L": 2, "U": 3.25, "J": 0.0}, "Cr": {"L": 2, "U": 3.5, "J": 0.0}, "Mn": {"L": 2, "U": 3.75, "J": 0.0}, "Fe": {"L": 2, "U": 4.3, "J": 0.0}, "Co": {"L": 2, "U": 3.32, "J": 0.0}, "Ni": {"L": 2, "U": 6.45, "J": 0.0}, "Cu": {"L": 2, "U": 3.0, "J": 0.0}, "Mo": {"L": 2, "U": 4.38, "J": 0.0}, "W": {"L": 2, "U": 3.0, "J": 0.0}, "Ce": {"L": 3, "U": 4.5, "J": 0.0}, "O": {"L": -1, "U": 0.0, "J": 0.0}, "C": {"L": -1, "U": 0.0, "J": 0.0}, "Au": {"L": -1, "U": 0.0, "J": 0.0}, "Ir": {"L": -1, "U": 0.0, "J": 0.0}, "H": {"L": -1, "U": 0.0, "J": 0.0}}, "xc": "PBE", "pp": "PBE", "setups": "recommended", "txt": "-", "kpts": [4, 6, 1], "gamma": true, "reciprocal": false, "ignore_constraints": false, "custom": {}},
 "cell": {"array": {"__ndarray__": [[3, 3], "float64", [7.02028, 2.43099, 0.0, 0.0, 4.8636, 0.0, 0.0, 0.0, 26.8791169]]}, "__ase_objtype__": "cell"},
 "constraints": [{"name": "FixAtoms", "kwargs": {"indices": [0, 1, 2, 3, 4, 5, 11, 12, 15, 16]}}],
 "ctime": 26.436311295902296,
 "dipole": {"__ndarray__": [[1, 3], "float64", [0.0, 0.0, 0.0]]},
 "energy": -156.96783292,
 "forces": {"__ndarray__": [[27, 3], "float64", [0.03024853, 0.0340095, -0.02036268, -0.06014384, 0.07671692, -0.11329398, 0.02512646, 0.0229905, -0.0707696, -0.14273422, 0.03166309, 0.11248314, -0.01539104, -0.13222438, 0.20812313, 0.09055007, 0.02815253, 0.19413398, 0.00203736, 0.00051188, -0.00271292, -0.00057954, -0.00195229, -0.00299782, 4.196e-05, 0.00284599, -0.0028011, 8.169e-05, 0.00048152, 0.00307653, 0.00328603, 0.00091781, 0.00177375, 0.02269953, -0.10043493, -0.05118983, 0.06605281, -0.00903341, -0.05072374, 0.00133546, -0.00214136, 0.00084288, 0.00051448, 0.00200296, -0.00233823, -0.02881417, -0.01381135, -0.19662168, 0.01203127, 0.04662873, -0.01528468, 0.00240918, 0.00016918, 0.00351681, -0.00472482, 0.00100702, -0.00099767, 0.00233023, 0.00099328, 0.00296935, -0.00260411, -0.00391567, 0.00046042, -0.00303021, 0.00136801, -0.00022933, -0.00320952, 0.00318606, 0.00125788, 0.00371483, 0.00122494, 0.00508934, 5.118e-05, 0.0031323, -0.00187193, -0.00199671, 0.0078098, -0.00174411, 0.00071709, -0.00229864, 0.00021209]]},
 "free_energy": -156.99688596,
 "initial_charges": {"__ndarray__": [[27], "float64", [0.0, 0.0, -0.0, 0.0, 0.0, -0.0, -0.0, 0.0, 0.0, 0.0, -0.0, 0.0, 0.0, 0.0, 0.0, 0.0, -0.0, 0.0, 0.0, -0.0, 0.0, 0.0, 0.0, 0.0, 0.0, 0.0, 0.0]]},
 "initial_magmoms": {"__ndarray__": [[27], "float64", [0.302, 0.302, 0.302, 0.302, 0.302, 0.302, 0.302, 0.302, 0.302, 0.302, 0.302, 0.302, 0.302, 0.302, 0.302, 0.302, 0.302, 0.302, 0.302, 0.302, 0.0, 0.0, 0.0, 0.0, 0.0, 0.0, 0.0]]},
 "magmom": 0.0012505,
 "magmoms": {"__ndarray__": [[27], "float64", [0.0, 0.0, 0.0, 0.0, 0.0, 0.0, 0.0, 0.0, 0.0, 0.0, 0.0, 0.0, 0.0, 0.0, 0.0, 0.0, 0.0, 0.0, 0.0, 0.0, 0.0, 0.0, -0.0, -0.0, 0.0, 0.0, 0.0]]},
 "mtime": 26.436311295902296,
 "numbers": {"__ndarray__": [[27], "int64", [78, 78, 78, 78, 78, 78, 78, 78, 78, 78, 78, 78, 78, 78, 78, 78, 78, 78, 78, 78, 8, 8, 8, 15, 8, 1, 1]]},
 "pbc": {"__ndarray__": [[3], "bool", [true, true, true]]},
 "positions": {"__ndarray__": [[27, 3], "float64", [0.701752283907493, 3.6472949991430075, 10.000000000867587, 2.105946143191196, 1.2151598911874508, 10.000000000867587, 3.5101400024748997, 3.6472949991430053, 10.000000000867587, 3.5101399975251497, 2.02587159669705, 12.293038966955926, 2.105946143191196, 4.458006696079364, 12.293038966955926, 0.7017522888572426, 2.0258715966970153, 12.293038966955926, 2.113608647168751, 2.8135369371332066, 14.632750656936159, 0.7016135127681531, 0.38189860926409525, 14.569496959516623, 0.6663166696173989, 3.565617669745378, 16.87793325526503, 2.1210174899486596, 1.19904044611659, 16.90186747738961, 3.48767467280934, 3.6182901743760465, 16.903965145898724, 4.9143338568088035, 6.079430098525337, 10.000000000867587, 6.318527711142757, 6.890141804034935, 12.293038966955926, 3.4769771179566424, 5.253412685545841, 14.547993992308816, 4.896302551853258, 6.067237331201854, 16.739419943617154, 6.318527711142757, 3.6472949991430226, 10.000000000867587, 4.9143338568088035, 4.458006698937115, 12.293038962914437, 4.9086821511734025, 2.859182499197783, 14.52673126671032, 6.258380185579646, 3.6329373672416887, 16.82669267339776, 6.34172869885681, 5.253974751605189, 14.545071544109192, 0.5088269946477543, 3.7305217394392005, 18.955196702464374, 1.9365586806596797, 0.9725637553472145, 19.01937167923353, 6.35530238733713, 3.5655538096143724, 18.953178491314556, 0.5733372555229943, 0.32926931243647795, 19.51691184057536, 3.6945377218767965, 3.7586149015566086, 19.0470251005219, 3.214611166860258, 4.605740425261504, 19.271812132654212, 4.674597994307784, 3.82269616040795, 19.23802654888376]]},
 "stress": {"__ndarray__": [[6], "float64", [0.016641922490846523, 0.015622468924494745, -0.0009881309834676624, -3.444639578652876e-05, 1.5864605481078808e-05, -0.0004730411554885672]]},
 "tags": {"__ndarray__": [[27], "int64", [4, 4, 4, 3, 3, 3, 2, 2, 1, 1, 1, 4, 3, 2, 1, 4, 3, 2, 1, 2, 0, 0, 0, 0, 0, 0, 0]]},
 "unique_id": "0d17d830b4f343f489a116e233c89508",
 "user": "khamkins"},
"ids": [1],
"nextid": 2}
