{"1": {
 "calculator": "vasp",
 "calculator_parameters": {"amix": 0.1, "amix_mag": 0.1, "bmix": 0.0001, "bmix_mag": 0.0001, "encut": 600, "sigma": 0.05, "ediff": 1e-06, "ediffg": -0.01, "algo": "normal", "gga": "PE", "prec": "Normal", "ibrion": 2, "isif": 2, "ismear": 0, "ispin": 2, "istart": 0, "kpar": 16, "ldauprint": 2, "ldautype": 2, "lmaxmix": 6, "lorbit": 11, "nelm": 250, "npar": 8, "nsw": 200, "inimix": 0, "laechg": true, "lasph": true, "ldau": true, "lvtot": false, "lwave": true, "lreal": "auto", "ldau_luj": {"Ti": {"L": 2, "U": 3.0, "J": 0.0}, "V": {"L": 2, "U": 3.25, "J": 0.0}, "Cr": {"L": 2, "U": 3.5, "J": 0.0}, "Mn": {"L": 2, "U": 3.75, "J": 0.0}, "Fe": {"L": 2, "U": 4.3, "J": 0.0}, "Co": {"L": 2, "U": 3.32, "J": 0.0}, "Ni": {"L": 2, "U": 6.45, "J": 0.0}, "Cu": {"L": 2, "U": 3.0, "J": 0.0}, "Mo": {"L": 2, "U": 4.38, "J": 0.0}, "W": {"L": 2, "U": 3.0, "J": 0.0}, "Ce": {"L": 3, "U": 4.5, "J": 0.0}, "O": {"L": -1, "U": 0.0, "J": 0.0}, "C": {"L": -1, "U": 0.0, "J": 0.0}, "Au": {"L": -1, "U": 0.0, "J": 0.0}, "Ir": {"L": -1, "U": 0.0, "J": 0.0}, "H": {"L": -1, "U": 0.0, "J": 0.0}}, "xc": "PBE", "pp": "PBE", "setups": "recommended", "txt": "-", "kpts": [4, 6, 1], "gamma": true, "reciprocal": false, "ignore_constraints": false, "custom": {}},
 "cell": {"array": {"__ndarray__": [[3, 3], "float64", [7.02028, 2.43099, 0.0, 0.0, 4.8636, 0.0, 0.0, 0.0, 26.8791169]]}, "__ase_objtype__": "cell"},
 "constraints": [{"name": "FixAtoms", "kwargs": {"indices": [0, 1, 2, 3, 4, 5, 11, 12, 15, 16]}}],
 "ctime": 26.343621047469075,
 "dipole": {"__ndarray__": [[1, 3], "float64", [0.0, 0.0, 0.0]]},
 "energy": -149.31791415,
 "forces": {"__ndarray__": [[25, 3], "float64", [-0.00683315, 0.0604052, 0.02217041, -0.00106549, 0.03479513, -0.14556799, 0.00217534, -0.05932381, -0.05925169, -0.07788864, 0.0549886, 0.01109419, 0.0057105, -0.04237025, 0.0526218, 0.02701493, -0.04140984, 0.27281522, -0.00128086, 0.00101267, -0.00027575, -2.856e-05, 0.00014383, -0.00096319, -0.00453461, -0.00062904, 0.00139571, -0.00240107, 0.00082084, -0.0032043, -0.00832226, 0.00468209, -0.00099589, -0.0161802, -0.05931153, -0.05425263, 0.00725194, -0.04321236, 0.06751955, -0.00585315, 0.00242918, 0.00122352, -0.00275617, 0.00047795, 5.148e-05, -0.01851003, 0.03513039, -0.17028451, 0.10461736, 0.05009302, 0.01108272, 0.00405348, 0.0027416, -0.00018163, -0.00474368, -0.00084934, -0.00131964, -0.00330733, -0.00159497, -0.00094901, 0.00302061, 0.0009425, -0.00519119, 0.0047974, 0.0009094, -0.00074747, -0.00451409, 0.00262799, -0.0013862, 0.00100264, -0.00510169, 0.00773348, -0.00142491, 0.00160245, -0.003137]]},
 "free_energy": -149.34782252,
 "initial_charges": {"__ndarray__": [[25], "float64", [0.0, 0.0, -0.0, 0.0, 0.0, -0.0, -0.0, 0.0, 0.0, 0.0, -0.0, 0.0, 0.0, 0.0, 0.0, 0.0, -0.0, 0.0, 0.0, -0.0, 0.0, 0.0, 0.0, 0.0, 0.0]]},
 "initial_magmoms": {"__ndarray__": [[25], "float64", [0.302, 0.302, 0.302, 0.302, 0.302, 0.302, 0.302, 0.302, 0.302, 0.302, 0.302, 0.302, 0.302, 0.302, 0.302, 0.302, 0.302, 0.302, 0.302, 0.302, 0.0, 0.0, 0.0, 0.0, 0.0]]},
 "magmom": 3.57e-05,
 "magmoms": {"__ndarray__": [[25], "float64", [0.0, 0.0, 0.0, 0.0, 0.0, 0.0, 0.0, 0.0, 0.0, 0.0, 0.0, 0.0, 0.0, 0.0, 0.0, 0.0, 0.0, 0.0, 0.0, 0.0, 0.0, 0.0, 0.0, 0.0, -0.0]]},
 "mtime": 26.343621047469075,
 "numbers": {"__ndarray__": [[25], "int64", [78, 78, 78, 78, 78, 78, 78, 78, 78, 78, 78, 78, 78, 78, 78, 78, 78, 78, 78, 78, 8, 8, 8, 15, 8]]},
 "pbc": {"__ndarray__": [[3], "bool", [true, true, true]]},
 "positions": {"__ndarray__": [[25, 3], "float64", [0.701752283907493, 3.6472949991430075, 10.000000000867587, 2.105946143191196, 1.2151598911874508, 10.000000000867587, 3.5101400024748997, 3.6472949991430053, 10.000000000867587, 3.5101399975251497, 2.02587159669705, 12.293038966955926, 2.105946143191196, 4.458006696079364, 12.293038966955926, 0.7017522888572426, 2.0258715966970153, 12.293038966955926, 2.1000312478128618, 2.810922030321528, 14.590426867643204, 0.7119251912277232, 0.37807441359357047, 14.563336841521803, 0.7216767384787924, 3.61746441107004, 16.87490561115951, 2.1623480485163795, 1.2025538677044914, 16.88131164251529, 3.554760412443744, 3.6243702830004816, 16.78413452252729, 4.9143338568088035, 6.079430098525337, 10.000000000867587, 6.318527711142757, 6.890141804034935, 12.293038966955926, 3.4989531116880657, 5.271417792383371, 14.535006336479391, 4.914285280045761, 6.053316684293595, 16.78553299189201, 6.318527711142757, 3.6472949991430226, 10.000000000867587, 4.9143338568088035, 4.458006698937115, 12.293038962914437, 4.945104229824995, 2.8372506138305407, 14.534470109245403, 6.303636697966611, 3.6299184988536743, 16.885761408594764, 6.3452177554799185, 5.238804316086667, 14.588725905143168, 0.7269190540227766, 3.7645574447889993, 18.87744734602385, 2.024751979322094, 1.0945903155211056, 18.88909942428457, 6.448259635069711, 3.5242721607949634, 18.893939253903582, 0.7275475941100867, 0.37898315831718304, 19.474964618210294, 0.7315790846447228, 0.37481660314039394, 20.956084136183463]]},
 "stress": {"__ndarray__": [[6], "float64", [0.016308069966065007, 0.01666053823496162, -0.0005395089023133997, -5.665068309053184e-06, 3.4588571122907253e-07, 5.3787247224323e-05]]},
 "tags": {"__ndarray__": [[25], "int64", [4, 4, 4, 3, 3, 3, 2, 2, 1, 1, 1, 4, 3, 2, 1, 4, 3, 2, 1, 2, 0, 0, 0, 0, 0]]},
 "unique_id": "31e7259018cc4a5a9ef55c8a66ff528d",
 "user": "khamkins"},
"ids": [1],
"nextid": 2}
