{"1": {
 "calculator": "vasp",
 "calculator_parameters": {"encut": 500, "sigma": 0.05, "eb_k": 78.4, "tau": 0, "lambda_d_k": 3.0, "nupdown": 2, "ediff": 1e-05, "ediffg": -0.02, "algo": "normal", "gga": "PE", "prec": "normal", "ibrion": 2, "isif": 2, "ismear": 0, "ispin": 2, "kpar": 5, "ldauprint": 2, "ldautype": 2, "lmaxmix": 4, "lorbit": 11, "nelm": 250, "npar": 4, "nsw": 200, "laechg": true, "lasph": true, "ldau": true, "lvhar": true, "lvtot": false, "lsol": true, "lreal": "auto", "ldau_luj": {"Cr": {"L": 2, "U": 3.5, "J": 0.0}, "Fe": {"L": 2, "U": 4.3, "J": 0.0}, "Co": {"L": 2, "U": 3.32, "J": 0.0}, "Mn": {"L": 2, "U": 3.75, "J": 0.0}, "Ni": {"L": 2, "U": 6.45, "J": 0.0}, "Ti": {"L": 2, "U": 3.0, "J": 0.0}, "V": {"L": 2, "U": 3.25, "J": 0.0}, "Cu": {"L": 2, "U": 3.0, "J": 0.0}}, "xc": "PBE", "pp": "PBE", "setups": "recommended", "txt": "-", "kpts": [5, 5, 1], "gamma": true, "reciprocal": false, "ignore_constraints": false, "custom": {}},
 "cell": {"array": {"__ndarray__": [[3, 3], "float64", [9.84, 0.0, 0.0, -4.92, 8.521689973, 0.0, 0.0, 0.0, 20.0]]}, "__ase_objtype__": "cell"},
 "ctime": 25.218771398859303,
 "dipole": {"__ndarray__": [[1, 3], "float64", [0.0, 0.0, 0.0]]},
 "energy": -277.54621157,
 "forces": {"__ndarray__": [[31, 3], "float64", [0.00566469, -0.00317682, 0.00096048, -0.00545312, 0.00158044, 0.00042423, 0.00137604, -0.00662773, 0.00476818, 0.00163693, 0.00301571, 0.00038457, -0.00511579, -0.00258362, 0.00126132, 0.00752194, 0.00333087, 0.00366814, -0.0001763, -0.00041126, 0.00011897, 0.00105959, 0.00774539, 0.0061179, -0.00308313, 0.00701532, 0.00393053, -0.00182994, 0.00630326, -0.00512687, -0.00323905, -0.00180757, -0.00122462, -0.01418279, -0.00764839, 0.00451862, 0.00123118, 0.00402045, 0.00213647, 0.00205896, 0.00814628, -0.00423053, 0.0021918, 0.00346202, 0.00193977, -0.00258072, -0.0064294, 0.00162044, -0.0014413, 0.00381746, -0.00834304, -0.00715228, -0.0043073, -0.00693065, 0.00234968, -0.00126075, -0.00456877, 0.00591307, -0.00060213, -0.00664516, -0.00177571, -0.00830232, -0.00367998, 0.00424973, -0.00905259, 0.00374317, 0.00019498, -0.00243474, -0.00460346, -0.00250007, -0.0078865, 0.00306885, 0.00635356, 0.00845872, 0.0018844, 0.00627398, 0.00146369, -0.00096754, -0.00651864, -0.00045818, 0.00203308, 0.00553733, 0.00020028, 0.00011071, -0.0028049, 0.00108191, 0.00074782, 0.00220425, 0.00336635, 0.00077394, 0.00203603, -1.885e-05, 0.00210903]]},
 "free_energy": -277.54621157,
 "initial_magmoms": {"__ndarray__": [[31], "float64", [0.0, 0.0, 0.0, 0.0, 0.0, 0.0, 0.0, 0.0, 0.0, 0.0, 0.0, 0.0, 0.0, 0.0, 0.0, 0.0, 0.0, 0.0, 0.0, 0.0, 0.0, 0.0, 0.0, 0.0, 0.0, 0.0, 0.0, 0.0, 0.0, 0.0, 2.0]]},
 "magmom": 2.0000009,
 "magmoms": {"__ndarray__": [[31], "float64", [-0.001, -0.001, 0.0, -0.0, -0.001, -0.001, -0.0, 0.0, 0.0, -0.002, -0.002, -0.002, 0.0, -0.002, 0.002, 0.002, 0.003, 0.003, 0.003, 0.003, -0.002, 0.0, -0.002, 0.0, -0.002, -0.002, -0.026, -0.026, -0.026, -0.026, 2.024]]},
 "mtime": 25.218771398859303,
 "numbers": {"__ndarray__": [[31], "int64", [6, 6, 6, 6, 6, 6, 6, 6, 6, 6, 6, 6, 6, 6, 6, 6, 6, 6, 6, 6, 6, 6, 6, 6, 6, 6, 7, 7, 7, 7, 26]]},
 "pbc": {"__ndarray__": [[3], "bool", [true, true, true]]},
 "positions": {"__ndarray__": [[31, 3], "float64", [4.9278455927676434, 7.803022539799246, 9.99019634618597, -0.006976714188267674, 0.7181088256433943, 9.98994639083364, -2.4595557710709435, 7.883171191248745, 9.98535605809752, 2.460365710836238, 0.8110692760844302, 9.991258392807973, -0.006999158081390178, 7.803004403199945, 9.988933545399467, 4.927774330458538, 0.7181802920461058, 9.989264923340569, 2.4602701851516926, 7.710202390143611, 9.99119190421575, 7.380394399248407, 0.6380254164584489, 9.98523259361715, 8.589831935765904, 1.3866263369080276, 9.985299502150205, -1.262277706131479, 2.820710780746982, 9.982632843089437, 1.2010762165607902, 1.5015400871129554, 9.994005679155306, 3.71967090148714, 1.5015260350743855, 9.993741666660314, 6.171041326161268, 1.3867876237236831, 9.985186174365467, 6.183008138659779, 2.8208379882457564, 9.982820962302558, 7.380394427630497, 3.550397529085382, 9.978310756122937, -2.459481425340497, 4.970721568517926, 9.978248558616146, -0.06178002852125064, 3.5379913496895123, 9.990487350446294, -0.06165186977467707, 4.9832650436545824, 9.990296174757079, 4.982340987023083, 3.5380593402961904, 9.990928818851003, 4.982341771363423, 4.983388652932629, 9.99109000507013, 6.183183261502567, 5.700393228373694, 9.983016711108542, -3.6689293325991645, 7.134474582185516, 9.98569224957912, -1.2622213947869554, 5.700387808205626, 9.982218916671904, -1.2501697179066276, 7.134460221399296, 9.984691171281515, 1.2010252235312109, 7.019649572780803, 9.993446885341639, 3.7194306515344353, 7.019886238122999, 9.994261788683339, 1.1367481551024414, 2.8795478734289297, 9.997771268360056, 3.7839120092284406, 2.879543195296428, 9.997887389183264, 1.136740027581998, 5.6417011766480245, 9.997670875849945, 3.783926904193713, 5.641802671912533, 9.998080751427697, 2.4602509626121054, 4.260706761034269, 10.00406334642842]]},
 "stress": {"__ndarray__": [[6], "float64", [-0.014463289920202037, 0.012686684405524938, 8.788576625821152e-05, -6.760677854974227e-07, 6.998416937579121e-07, 5.795328604510368e-06]]},
 "unique_id": "bb701e28008db0d0bddcf43be05742b5",
 "user": "jiuy97"},
"ids": [1],
"nextid": 2}
