{"1": {
 "calculator": "vasp",
 "calculator_parameters": {"encut": 500, "sigma": 0.05, "eb_k": 78.4, "tau": 0, "lambda_d_k": 3.0, "nupdown": 4, "ediff": 1e-05, "ediffg": -0.02, "algo": "normal", "gga": "PE", "prec": "normal", "ibrion": 2, "isif": 2, "ismear": 0, "ispin": 2, "kpar": 5, "ldauprint": 2, "ldautype": 2, "lmaxmix": 4, "lorbit": 11, "nelm": 250, "npar": 4, "nsw": 200, "laechg": true, "lasph": true, "ldau": true, "lvhar": true, "lvtot": false, "lsol": true, "lreal": "auto", "ldau_luj": {"Cr": {"L": 2, "U": 3.5, "J": 0.0}, "Fe": {"L": 2, "U": 4.3, "J": 0.0}, "Co": {"L": 2, "U": 3.32, "J": 0.0}, "Mn": {"L": 2, "U": 3.75, "J": 0.0}, "Ni": {"L": 2, "U": 6.45, "J": 0.0}, "Ti": {"L": 2, "U": 3.0, "J": 0.0}, "V": {"L": 2, "U": 3.25, "J": 0.0}, "Cu": {"L": 2, "U": 3.0, "J": 0.0}}, "xc": "PBE", "pp": "PBE", "setups": "recommended", "txt": "-", "kpts": [5, 5, 1], "gamma": true, "reciprocal": false, "ignore_constraints": false, "custom": {}},
 "cell": {"array": {"__ndarray__": [[3, 3], "float64", [9.84, 0.0, 0.0, -4.92, 8.521689973, 0.0, 0.0, 0.0, 20.0]]}, "__ase_objtype__": "cell"},
 "ctime": 25.223154374528374,
 "dipole": {"__ndarray__": [[1, 3], "float64", [0.0, 0.0, 0.0]]},
 "energy": -277.21528142,
 "forces": {"__ndarray__": [[31, 3], "float64", [-0.00286178, 0.001216, -0.00243592, 0.00569507, 0.00148969, -0.00306383, 0.00272862, 0.00725173, 0.00093875, 0.00540512, 0.00231603, 0.00186689, 0.00309412, 0.00072015, -0.00312994, -0.00557965, 0.00063522, -0.00285824, 0.00320802, -0.00288772, 0.00574952, -0.00093504, -0.00424801, -0.00154438, 0.00147053, -0.00519428, -0.00334065, 0.00583126, -0.00713634, 0.00311203, -0.00145606, 0.00351023, -0.00177173, -0.00192774, 0.00263184, -0.00409996, 0.00303871, -0.00597559, -0.00353565, -0.01295431, -0.00060954, -0.00093744, 0.00224781, -0.00419196, 0.00396188, -0.0026036, 0.00632493, 0.00482951, 0.00349539, -0.00409078, 0.00652744, 0.00342628, 0.0049232, 0.00714647, -0.00017393, -0.00604973, 0.00614261, -0.00551124, 0.00226222, 0.0083605, -0.00420134, 0.00242468, 0.00071941, -0.0001564, 0.00070921, -0.00441134, 0.00540455, 0.00419253, 0.00356001, 0.0033101, 0.00385869, -0.00425499, -0.00205174, -0.00584315, -0.00287425, -0.00329195, -0.0035996, -0.00420664, 0.00325401, 0.00110728, -0.00101877, -0.00519668, -0.00090125, 4.423e-05, 0.00099147, -5.47e-05, -0.00106682, -0.0031596, 0.00475581, -0.00092658, -0.00054001, 0.00045323, -0.00748213]]},
 "free_energy": -277.21528142,
 "initial_magmoms": {"__ndarray__": [[31], "float64", [0.0, 0.0, 0.0, 0.0, 0.0, 0.0, 0.0, 0.0, 0.0, 0.0, 0.0, 0.0, 0.0, 0.0, 0.0, 0.0, 0.0, 0.0, 0.0, 0.0, 0.0, 0.0, 0.0, 0.0, 0.0, 0.0, 0.0, 0.0, 0.0, 0.0, 4.0]]},
 "magmom": 3.9999985,
 "magmoms": {"__ndarray__": [[31], "float64", [0.003, 0.003, -0.0, 0.001, 0.003, 0.003, 0.001, -0.0, 0.003, 0.0, 0.005, 0.005, 0.003, 0.0, 0.002, 0.002, 0.007, 0.007, 0.007, 0.007, 0.0, 0.003, 0.0, 0.003, 0.005, 0.005, 0.028, 0.028, 0.028, 0.028, 3.674]]},
 "mtime": 25.223154374528374,
 "numbers": {"__ndarray__": [[31], "int64", [6, 6, 6, 6, 6, 6, 6, 6, 6, 6, 6, 6, 6, 6, 6, 6, 6, 6, 6, 6, 6, 6, 6, 6, 6, 6, 7, 7, 7, 7, 26]]},
 "pbc": {"__ndarray__": [[3], "bool", [true, true, true]]},
 "positions": {"__ndarray__": [[31, 3], "float64", [4.930773530920189, 7.807914391490831, 9.912980998048287, -0.010093618771075952, 0.7132279570275423, 9.91274383370955, -2.4596769456478236, 7.87647799482918, 9.902871944132736, 2.460320990427804, 0.7986107617401699, 9.951659946303394, -0.010009637025015117, 7.8079365505270655, 9.91278456982455, 4.930912474977373, 0.713236890031627, 9.912424054670614, 2.460343234623253, 7.722673267897485, 9.951830194463728, 7.380451312076169, 0.644753949758752, 9.902763559072952, 8.59064849765266, 1.3909726853098796, 9.886026289901261, -1.2607209262688452, 2.824405761893676, 9.841271971657228, 1.1947675903599393, 1.4836267756397277, 9.955466558707224, 3.7260766195810104, 1.4836495467890325, 9.955321125811743, 6.170154729459123, 1.390928029869311, 9.885766975750117, 6.181517331356056, 2.8242676652311247, 9.841069015479276, 7.380345368213625, 3.5505624522553645, 9.797813315698985, -2.4596154702658466, 4.970711186316214, 9.797921589165895, -0.05191530882750994, 3.530561666229219, 9.90435589414211, -0.05187893734542959, 4.990745715670643, 9.904527925674278, 4.972551179497394, 3.5305201195433313, 9.903862166006697, 4.972570599245153, 4.990746507842639, 9.904056154301713, 6.181399328536337, 5.696980101198012, 9.841352888981078, -3.6698938031268886, 7.130373300278402, 9.886360695435418, -1.2607115114561327, 5.696942288887518, 9.841576085877659, -1.2494136311966009, 7.130336100833756, 9.886349847115593, 1.1948362638546852, 7.037645274322039, 9.95580369124067, 3.7260330533311032, 7.037497386406747, 9.955958353302124, 1.1215497176265121, 2.8471192535223437, 10.001359667119281, 3.799165786218358, 2.8471556111986773, 10.00077616780044, 1.1216450898300847, 5.674132273635295, 10.001699388458068, 3.7991018068627564, 5.673970062254854, 10.001392020525593, 2.460285285281562, 4.260548471569488, 10.394883111622079]]},
 "stress": {"__ndarray__": [[6], "float64", [-0.0155552951443991, 0.00719007173768891, 0.00011527723448353541, 5.627594288261381e-07, 1.3527722049256856e-06, 4.3505815211056665e-07]]},
 "unique_id": "d5b07745420f88dcd811a5a8557fbc93",
 "user": "jiuy97"},
"ids": [1],
"nextid": 2}
