{"1": {
 "calculator": "vasp",
 "calculator_parameters": {"encut": 500, "sigma": 0.05, "eb_k": 78.4, "tau": 0, "lambda_d_k": 3.0, "nupdown": 4, "ediff": 1e-05, "ediffg": -0.02, "algo": "normal", "gga": "PE", "prec": "normal", "ibrion": 2, "isif": 2, "ismear": 0, "ispin": 2, "kpar": 5, "ldauprint": 2, "ldautype": 2, "lmaxmix": 4, "lorbit": 11, "nelm": 250, "npar": 4, "nsw": 200, "laechg": true, "lasph": true, "ldau": true, "lvhar": true, "lvtot": false, "lsol": true, "lreal": "auto", "ldau_luj": {"Cr": {"L": 2, "U": 3.5, "J": 0.0}, "Fe": {"L": 2, "U": 4.3, "J": 0.0}, "Co": {"L": 2, "U": 3.32, "J": 0.0}, "Mn": {"L": 2, "U": 3.75, "J": 0.0}, "Ni": {"L": 2, "U": 6.45, "J": 0.0}, "Ti": {"L": 2, "U": 3.0, "J": 0.0}, "V": {"L": 2, "U": 3.25, "J": 0.0}, "Cu": {"L": 2, "U": 3.0, "J": 0.0}}, "xc": "PBE", "pp": "PBE", "setups": "recommended", "txt": "-", "kpts": [5, 5, 1], "gamma": true, "reciprocal": false, "ignore_constraints": false, "custom": {}},
 "cell": {"array": {"__ndarray__": [[3, 3], "float64", [9.84, 0.0, 0.0, -4.92, 8.521689973, 0.0, 0.0, 0.0, 20.0]]}, "__ase_objtype__": "cell"},
 "ctime": 25.220145532600682,
 "dipole": {"__ndarray__": [[1, 3], "float64", [0.0, 0.0, 0.0]]},
 "energy": -283.22898605,
 "forces": {"__ndarray__": [[32, 3], "float64", [0.00060239, -0.009605, 0.00213023, 0.00488003, 0.00797592, 0.00654498, -0.00127006, 0.00035277, 0.00475969, -0.00016644, 0.00073967, -0.00296213, 0.00804598, -0.00387623, 0.00226467, -0.00454656, 0.00168323, 0.00616545, 0.00090613, 0.00073542, -0.00140732, -0.00046291, 0.00218039, 0.0018401, 2.549e-05, -0.00756801, 0.00731085, -0.00505607, -0.00337547, 0.0023005, -0.00129602, 0.00479823, -0.00130376, 0.0022628, 0.00700505, -0.00225725, -0.00138588, -0.00748051, 0.00647992, 0.00419, -0.00155923, 0.00192624, 0.00164041, -0.00140158, -0.00129217, 0.00078777, 0.00015486, -0.00280804, 0.00332108, -0.00457383, -0.00530711, 0.00279538, 0.00564088, -0.00520983, -0.00404906, -0.00654019, -0.00370542, -0.00629212, 0.00473189, -0.00315538, 0.00601476, 0.00500461, 0.00147741, -0.00393833, 0.00717504, 0.00384574, -0.00319208, 0.00213102, 0.00192151, 0.00075462, 0.00645498, 0.00385907, -0.00322446, -0.0069289, 0.00042661, 0.00030526, -0.00937531, -0.00190298, 0.00534766, 0.00707887, -0.00447475, -0.00408058, 0.00717365, -0.00532685, 0.00480127, -0.00601735, -0.00352887, -0.00283426, -0.00501329, -0.00506439, -0.00013151, 1.272e-05, 0.00328184, -0.0047547, 0.00228572, -0.00682859]]},
 "free_energy": -283.22898783,
 "initial_magmoms": {"__ndarray__": [[32], "float64", [0.0, 0.0, 0.0, 0.0, 0.0, 0.0, 0.0, 0.0, 0.0, 0.0, 0.0, 0.0, 0.0, 0.0, 0.0, 0.0, 0.0, 0.0, 0.0, 0.0, 0.0, 0.0, 0.0, 0.0, 0.0, 0.0, 0.0, 0.0, 0.0, 0.0, 4.0, 0.0]]},
 "magmom": 3.9999974,
 "magmoms": {"__ndarray__": [[32], "float64", [0.001, 0.001, -0.005, -0.029, 0.001, 0.001, -0.029, -0.005, -0.011, 0.001, 0.002, 0.002, -0.011, 0.001, -0.017, -0.017, -0.011, -0.011, -0.011, -0.011, 0.001, -0.011, 0.001, -0.011, 0.002, 0.002, 0.004, 0.004, 0.004, 0.004, 3.872, 0.367]]},
 "mtime": 25.220145532600682,
 "numbers": {"__ndarray__": [[32], "int64", [6, 6, 6, 6, 6, 6, 6, 6, 6, 6, 6, 6, 6, 6, 6, 6, 6, 6, 6, 6, 6, 6, 6, 6, 6, 6, 7, 7, 7, 7, 26, 8]]},
 "pbc": {"__ndarray__": [[3], "bool", [true, true, true]]},
 "positions": {"__ndarray__": [[32, 3], "float64", [4.92912229042093, 7.806020105988277, 9.906719407661768, -0.008482938213396574, 0.7153659672247541, 9.90664137911291, -2.4596838707858684, 7.884123996206101, 9.898015526034559, 2.46034235810723, 0.8046679300366094, 9.962523800279934, -0.008645440756447798, 7.806016305721301, 9.90665294320246, 4.929125208552435, 0.7155016023059411, 9.906467931843618, 2.460287772469047, 7.716643665994974, 9.962584583361199, 7.380311162357081, 0.6371927450329401, 9.897966612133304, 8.591863691409701, 1.3890343399965674, 9.873531906162507, -1.2562370706227206, 2.8204089874418043, 9.820461898599559, 1.195197659725889, 1.4945380580232765, 9.96147812541439, 3.7254432918629625, 1.4945641175937958, 9.961247512358922, 6.168837729592373, 1.389041367951349, 9.87342643287414, 6.176867823039646, 2.8203650521252794, 9.820250780932975, 7.38025593618654, 3.5489005342419015, 9.77816658718057, -2.4596935736418812, 4.97231374522041, 9.778487654315441, -0.039509452318239324, 3.5276585918118655, 9.88589267830601, -0.03950487297365113, 4.993592683302597, 9.886086061690847, 4.960131636251, 3.5276699223754084, 9.885425997958261, 4.960163047614935, 4.993617299854332, 9.885698138406266, 6.1768866506393065, 5.700841781154113, 9.820848783680113, -3.671129644796223, 7.132267820925857, 9.873897244768413, -1.2562737922992255, 5.700843858320428, 9.820970767197862, -1.2482150310487645, 7.132254470515951, 9.873884724869153, 1.1950894985082865, 7.026931022841099, 9.961599466143573, 3.7254860935490903, 7.026830717018011, 9.961544712446106, 1.1346948344538057, 2.8654253963665752, 10.00302528089841, 3.7858549515185427, 2.865478247646436, 10.00248671455548, 1.1346867702814567, 5.6559191615075095, 10.003180694962719, 3.785871218371947, 5.65583972576938, 10.00280685179913, 2.4604854215338228, 4.260528886788184, 10.759858462607534, 2.4623406410104485, 4.2594318926968775, 12.467510338241311]]},
 "stress": {"__ndarray__": [[6], "float64", [-0.011104899309488164, 0.012436300711997009, 0.0006554002513628491, 2.0172557494854693e-06, -6.807195822489436e-06, 3.767699466857681e-06]]},
 "unique_id": "db9463591be80180e0c7e9b799a39b25",
 "user": "jiuy97"},
"ids": [1],
"nextid": 2}
