{"1": {
 "calculator": "vasp",
 "calculator_parameters": {"encut": 500, "sigma": 0.05, "eb_k": 78.4, "tau": 0, "lambda_d_k": 3.0, "nupdown": 0, "ediff": 1e-05, "ediffg": -0.02, "algo": "normal", "gga": "PE", "prec": "normal", "ibrion": 2, "isif": 2, "ismear": 0, "ispin": 2, "kpar": 5, "ldauprint": 2, "ldautype": 2, "lmaxmix": 4, "lorbit": 11, "nelm": 250, "npar": 4, "nsw": 200, "laechg": true, "lasph": true, "ldau": true, "lvhar": true, "lvtot": false, "lsol": true, "lreal": "auto", "ldau_luj": {"Cr": {"L": 2, "U": 3.5, "J": 0.0}, "Fe": {"L": 2, "U": 4.3, "J": 0.0}, "Co": {"L": 2, "U": 3.32, "J": 0.0}, "Mn": {"L": 2, "U": 3.75, "J": 0.0}, "Ni": {"L": 2, "U": 6.45, "J": 0.0}, "Ti": {"L": 2, "U": 3.0, "J": 0.0}, "V": {"L": 2, "U": 3.25, "J": 0.0}, "Cu": {"L": 2, "U": 3.0, "J": 0.0}}, "xc": "PBE", "pp": "PBE", "setups": "recommended", "txt": "-", "kpts": [5, 5, 1], "gamma": true, "reciprocal": false, "ignore_constraints": false, "custom": {}},
 "cell": {"array": {"__ndarray__": [[3, 3], "float64", [9.84, 0.0, 0.0, -4.92, 8.521689973, 0.0, 0.0, 0.0, 20.0]]}, "__ase_objtype__": "cell"},
 "ctime": 25.22226747760434,
 "dipole": {"__ndarray__": [[1, 3], "float64", [0.0, 0.0, 0.0]]},
 "energy": -286.76062327,
 "forces": {"__ndarray__": [[33, 3], "float64", [-0.00181419, 0.0009757, -0.00051063, -7.322e-05, -0.00019829, -0.00114049, -0.00263419, 0.0017912, 0.00050529, -0.00226235, -0.0015609, -0.00036647, -0.00330737, -8.494e-05, -0.00190576, -0.00268071, -0.00158478, -0.00147764, -0.00012088, 0.00066396, -0.00227733, 0.00045173, 0.00183112, -0.0023995, -0.00267492, -0.0016029, 0.00358029, 0.00324393, 0.00259851, 0.00310287, 0.00040114, 1.404e-05, -0.00182853, 0.00393396, 0.0027229, -0.003078, -0.00149328, 0.00099233, 0.00146782, 0.00023772, -0.00129371, 0.00358571, -0.00031043, -0.00259556, 0.00668892, 0.00035959, 0.00222715, 0.00702772, -0.00215803, -0.00188219, 0.00308881, 0.00327453, -0.00063868, 0.00182111, -2.506e-05, 0.00221001, 0.00364784, 0.00035378, -0.00150905, 0.00175242, 0.00165866, -0.0005234, 0.00307738, 0.00102018, -0.00167577, 0.00024288, -0.00728527, 0.00034191, 0.00246327, 0.01110875, 0.00157783, 0.00168179, 0.00107927, -0.00255966, -0.00440457, 0.00237531, -0.0014838, -0.0024724, -0.00088861, 0.00046525, -0.0018748, -0.00020264, -0.00082661, -0.00112706, -0.00051798, -0.00168094, -0.00335717, -0.00110974, -0.00013198, -0.00220899, 8.312e-05, -0.00015455, 0.00040495, -0.00299248, -0.0008036, -0.011221, 0.00296971, 0.00437942, -0.00248873]]},
 "free_energy": -286.76077885,
 "initial_magmoms": {"__ndarray__": [[33], "float64", [0.0, 0.0, 0.0, 0.0, 0.0, 0.0, 0.0, 0.0, 0.0, 0.0, 0.0, 0.0, 0.0, 0.0, 0.0, 0.0, 0.0, 0.0, 0.0, 0.0, 0.0, 0.0, 0.0, 0.0, 0.0, 0.0, 0.0, 0.0, 0.0, 0.0, 0.0, 0.0, 0.0]]},
 "magmom": -0.0,
 "magmoms": {"__ndarray__": [[33], "float64", [-0.005, -0.005, -0.007, -0.044, -0.005, -0.005, -0.044, -0.007, -0.017, -0.003, -0.004, -0.004, -0.017, -0.003, -0.025, -0.025, -0.021, -0.021, -0.021, -0.021, -0.003, -0.017, -0.003, -0.017, -0.004, -0.004, -0.079, -0.079, -0.079, -0.079, 1.309, 0.166, -0.336]]},
 "mtime": 25.22226747760434,
 "numbers": {"__ndarray__": [[33], "int64", [6, 6, 6, 6, 6, 6, 6, 6, 6, 6, 6, 6, 6, 6, 6, 6, 6, 6, 6, 6, 6, 6, 6, 6, 6, 6, 7, 7, 7, 7, 26, 8, 8]]},
 "pbc": {"__ndarray__": [[3], "bool", [true, true, true]]},
 "positions": {"__ndarray__": [[33, 3], "float64", [4.929999834985455, 7.805932770915936, 9.934989425269666, -0.010079326542338674, 0.7155070290763116, 9.934404346013775, -2.4600913565401883, 7.890121912265601, 9.93160806987893, 2.4599277002913102, 0.8067205592581713, 9.94339153357343, -0.01010014958666794, 7.805788034664095, 9.934400229087029, 4.930045312535378, 0.7153949045777943, 9.934739445309361, 2.4598536728345195, 7.714705043711208, 9.943797125694722, 7.379926726820911, 0.6313908069616408, 9.931721253697285, 8.590875157952233, 1.3864143436166387, 9.928950946397494, -1.2627569566132142, 2.816237464406112, 9.922681202927324, 1.1956147161836341, 1.4981052278254843, 9.940805684842221, 3.7243049358547995, 1.4979727786426351, 9.9423054310666, 6.169050580352526, 1.3863513388056024, 9.929172203818926, 6.182798785022665, 2.8162279565997745, 9.923173872977888, 7.379998407485457, 3.5503951041835653, 9.917297998124429, -2.4600512086393125, 4.970869245877891, 9.917258818143587, -0.0541155907656754, 3.5293353375191012, 9.930451846698988, -0.05420325643270463, 4.992036671071869, 9.930501479302915, 4.974201407587919, 3.5292299844412303, 9.932238772897685, 4.974140299560073, 4.992214416903128, 9.93210687487162, 6.182757765408713, 5.705151072690087, 9.923145437169165, -3.6709871142105985, 7.135058101468941, 9.929087471672721, -1.2627943587752135, 5.705067047589012, 9.922630004744335, -1.2493021144065355, 7.134973910877018, 9.928939135517673, 1.195598813975976, 7.023227006693752, 9.940957054703896, 3.7242770725482295, 7.023396697350954, 9.942519983960784, 1.116791317936741, 2.859778517907393, 9.943400883112059, 3.8035434785340456, 2.8594138652135253, 9.946988325489329, 1.1167946756868328, 5.66153364784015, 9.943354635731247, 3.803458380707392, 5.661943303965194, 9.946695223041818, 2.4603728407632692, 4.260606645995565, 9.973668891174396, 2.4600021980381137, 4.260877390838009, 11.669231601476216, 2.4719973514465137, 4.258741860246427, 8.225624791612171]]},
 "stress": {"__ndarray__": [[6], "float64", [-0.014316175190814519, 0.013142247113483782, 0.0006747352607481014, 6.873461924878938e-06, -1.984588314871509e-05, -5.436354448644318e-08]]},
 "unique_id": "630bd1a00394596badac32aa6a433362",
 "user": "jiuy97"},
"ids": [1],
"nextid": 2}
