{"1": {
 "calculator": "vasp",
 "calculator_parameters": {"encut": 500, "sigma": 0.05, "eb_k": 78.4, "tau": 0, "lambda_d_k": 3.0, "nupdown": 3, "ediff": 1e-05, "ediffg": -0.02, "algo": "normal", "gga": "PE", "prec": "normal", "ibrion": 2, "isif": 2, "ismear": 0, "ispin": 2, "kpar": 5, "ldauprint": 2, "ldautype": 2, "lmaxmix": 4, "lorbit": 11, "nelm": 250, "npar": 4, "nsw": 200, "laechg": true, "lasph": true, "ldau": true, "lvhar": true, "lvtot": false, "lsol": true, "lreal": "auto", "ldau_luj": {"Cr": {"L": 2, "U": 3.5, "J": 0.0}, "Fe": {"L": 2, "U": 4.3, "J": 0.0}, "Co": {"L": 2, "U": 3.32, "J": 0.0}, "Mn": {"L": 2, "U": 3.75, "J": 0.0}, "Ni": {"L": 2, "U": 6.45, "J": 0.0}, "Ti": {"L": 2, "U": 3.0, "J": 0.0}, "V": {"L": 2, "U": 3.25, "J": 0.0}, "Cu": {"L": 2, "U": 3.0, "J": 0.0}}, "xc": "PBE", "pp": "PBE", "setups": "recommended", "txt": "-", "kpts": [5, 5, 1], "gamma": true, "reciprocal": false, "ignore_constraints": false, "custom": {}},
 "cell": {"array": {"__ndarray__": [[3, 3], "float64", [9.84, 0.0, 0.0, -4.92, 8.521689973, 0.0, 0.0, 0.0, 20.0]]}, "__ase_objtype__": "cell"},
 "ctime": 25.221435526040768,
 "dipole": {"__ndarray__": [[1, 3], "float64", [0.0, 0.0, 0.0]]},
 "energy": -292.18643175,
 "forces": {"__ndarray__": [[34, 3], "float64", [-0.00435538, -0.00641302, 0.00212343, 0.00235673, 0.00346638, 0.00062324, -0.00099126, 0.00125943, -0.00151178, 0.000109, -0.00082335, 0.0001243, 0.00395334, -0.00520692, -0.00120338, 0.00012302, 0.00233456, -0.00044463, -0.00011518, 0.00029142, -0.000819, -0.0009331, 0.00258072, 0.00144032, 0.00154027, 0.00011419, -0.00024488, -0.00133951, -0.00299189, -0.00085804, -0.00770849, -0.00252127, -0.00204248, -0.00491463, 0.00261678, 0.00036012, 0.00071269, -0.00098218, -0.00038028, 0.00010411, -0.00292347, -0.00065037, 0.00037391, -0.00362857, 0.00103199, -0.00562991, 0.00056386, 0.00131313, 0.00267132, 0.00175555, 0.00155231, -0.0008944, -0.00070688, 0.00087607, -0.00160689, 0.00390426, -0.00125901, -0.00064159, -0.0023684, -0.00136926, 0.00241359, -0.00119582, -0.00130831, 0.00035525, 0.00249567, -0.00134704, 0.00551335, -0.00292121, 0.00051838, -0.00095587, 0.00375587, -0.00186832, -0.00241959, 0.00554566, -0.00049154, 0.0001737, -0.000351, -0.00215962, -0.00030612, 0.00211817, -0.00036942, 0.00171341, 0.00056923, -9.271e-05, 0.00027991, -0.00079059, -0.0030243, -0.00142383, -0.00162919, -0.00290934, -0.00114508, -0.00106965, 0.00228955, 0.00124941, 0.00364036, 0.01645491, 0.01246123, 0.00578034, 0.00259723, -0.0007234, -0.00626905, -0.00695125]]},
 "free_energy": -292.18692902,
 "initial_magmoms": {"__ndarray__": [[34], "float64", [0.0, 0.0, 0.0, 0.0, 0.0, 0.0, 0.0, 0.0, 0.0, 0.0, 0.0, 0.0, 0.0, 0.0, 0.0, 0.0, 0.0, 0.0, 0.0, 0.0, 0.0, 0.0, 0.0, 0.0, 0.0, 0.0, 0.0, 0.0, 0.0, 0.0, 3.0, 0.0, 0.0, 0.0]]},
 "magmom": 2.9999987,
 "magmoms": {"__ndarray__": [[34], "float64", [-0.001, -0.0, -0.008, -0.042, -0.001, -0.0, -0.044, -0.007, -0.019, -0.0, -0.005, -0.005, -0.019, -0.0, -0.025, -0.024, -0.018, -0.017, -0.018, -0.017, -0.001, -0.018, -0.001, -0.018, -0.004, -0.004, -0.011, -0.011, -0.016, -0.016, 3.354, 0.326, -0.044, 0.002]]},
 "mtime": 25.221435526040768,
 "numbers": {"__ndarray__": [[34], "int64", [6, 6, 6, 6, 6, 6, 6, 6, 6, 6, 6, 6, 6, 6, 6, 6, 6, 6, 6, 6, 6, 6, 6, 6, 6, 6, 7, 7, 7, 7, 26, 8, 8, 1]]},
 "pbc": {"__ndarray__": [[3], "bool", [true, true, true]]},
 "positions": {"__ndarray__": [[34, 3], "float64", [4.934150120831015, 7.808426387789706, 9.994171996804651, -0.012844198144703611, 0.7084625627962177, 9.994936249501333, -2.459570869145707, 7.884510915940624, 9.987876182207383, 2.460450565255375, 0.7983404489405175, 10.022220860226582, -0.013375484954141648, 7.80868108722304, 9.994573327793177, 4.933618796137, 0.7087709717791901, 9.994679924884512, 2.460531816272886, 7.718628227615987, 10.018275779617596, 7.38053692097371, 0.6320618331792601, 9.984394354302657, 8.590627071026821, 1.3847588003398585, 9.975603004559106, -1.2644864714709632, 2.814720719448588, 9.95204519536264, 1.1881510908367714, 1.4807528107673147, 10.022325717975223, 3.7327229966520297, 1.4810055838428615, 10.021716811310998, 6.170399652774945, 1.3848063469300211, 9.975152950620839, 6.185680483556761, 2.814715533188314, 9.951311104592111, 7.3806036746398895, 3.548387690814103, 9.927585347646561, -2.4594361346993914, 4.968439092359111, 9.929260105254741, -0.05394841123416083, 3.519264905307128, 9.988673946219157, -0.05489514470487533, 4.996005962965841, 9.986409439051188, 4.975033342575202, 3.519183680348047, 9.9873268829777, 4.975883236048761, 4.995796898548814, 9.985001044751181, 6.185549530816763, 5.701813758403484, 9.952226718579807, -3.6696664257504312, 7.132032138156091, 9.976243913528792, -1.26464163279829, 5.701941550980179, 9.953179718694953, -1.2494730839605874, 7.132120402441731, 9.976925898351327, 1.1875653779377915, 7.036735583233182, 10.01836715854109, 3.7333922807407607, 7.036565378183344, 10.017816639669919, 1.0984610524259208, 2.830550705856013, 10.04237351326907, 3.8223840616622793, 2.830825501889995, 10.041251890711681, 1.0982077682635198, 5.686060378627615, 10.03349665328166, 3.8226689296233145, 5.685782915008917, 10.032297053150597, 2.460240796994572, 4.259616054644647, 10.212749394335763, 2.460007453293697, 4.260850776365372, 11.901526822147597, 2.458650736279427, 4.234649462919659, 8.24381332761523, 2.4605501012439586, 5.155594933165246, 7.925501072463637]]},
 "stress": {"__ndarray__": [[6], "float64", [-0.017965293623887588, 0.007667944451633332, 0.0007036890473642344, 0.00016532770891871952, 6.388334386560536e-06, 6.099714521561442e-06]]},
 "unique_id": "edc764d794b6a38b4231f3f8e5ae6430",
 "user": "jiuy97"},
"ids": [1],
"nextid": 2}
