{"1": {
 "calculator": "vasp",
 "calculator_parameters": {"encut": 500, "sigma": 0.05, "eb_k": 78.4, "tau": 0, "lambda_d_k": 3.0, "nupdown": 4, "ediff": 1e-05, "ediffg": -0.02, "algo": "normal", "gga": "PE", "prec": "normal", "ibrion": 2, "isif": 2, "ismear": 0, "ispin": 2, "kpar": 5, "ldauprint": 2, "ldautype": 2, "lmaxmix": 4, "lorbit": 11, "nelm": 250, "npar": 4, "nsw": 200, "laechg": true, "lasph": true, "ldau": true, "lvhar": true, "lvtot": false, "lsol": true, "lreal": "auto", "ldau_luj": {"Cr": {"L": 2, "U": 3.5, "J": 0.0}, "Fe": {"L": 2, "U": 4.3, "J": 0.0}, "Co": {"L": 2, "U": 3.32, "J": 0.0}, "Mn": {"L": 2, "U": 3.75, "J": 0.0}, "Ni": {"L": 2, "U": 6.45, "J": 0.0}, "Ti": {"L": 2, "U": 3.0, "J": 0.0}, "V": {"L": 2, "U": 3.25, "J": 0.0}, "Cu": {"L": 2, "U": 3.0, "J": 0.0}}, "xc": "PBE", "pp": "PBE", "setups": "recommended", "txt": "-", "kpts": [5, 5, 1], "gamma": true, "reciprocal": false, "ignore_constraints": false, "custom": {}},
 "cell": {"array": {"__ndarray__": [[3, 3], "float64", [9.84, 0.0, 0.0, -4.92, 8.521689973, 0.0, 0.0, 0.0, 20.0]]}, "__ase_objtype__": "cell"},
 "ctime": 25.22096879794493,
 "dipole": {"__ndarray__": [[1, 3], "float64", [0.0, 0.0, 0.0]]},
 "energy": -297.29556761,
 "forces": {"__ndarray__": [[35, 3], "float64", [-0.00022584, -0.00262903, 0.00044858, 0.00075007, -0.01311493, -0.00137259, -0.00627375, 0.00399395, 0.0031362, 0.00444232, -0.01656811, -0.00100663, 0.00425757, 0.01772537, 0.00363184, -0.0004414, -0.0074797, -0.00277789, -0.00240014, -0.0042645, -0.0020898, -0.00674667, 0.00821766, -0.0075291, 0.00142341, 0.00657811, 0.00274382, 0.00870769, 0.00032659, 0.01201282, -0.0046561, 0.00929081, -0.00219663, -0.0016324, -0.00855755, 0.00013831, 0.00314872, 0.00479277, 0.00171081, 0.00627947, -0.0096821, 0.00878506, -0.00339467, -0.01110103, 0.01561056, -0.00284338, 0.00219315, 0.00993087, 0.00185307, -0.0040497, 0.00380922, 0.01463186, -0.00369126, 0.0030763, 0.00390022, 0.00213041, -0.00362431, -0.00894892, 0.00936616, 0.00768974, 0.00476157, 0.00982436, -0.00615039, -0.00362171, -0.00247171, -0.00213501, -0.00759609, 0.00803842, 0.00648364, 0.00205484, -0.00553732, -0.0068544, 0.01649698, 0.00548827, -0.00533532, -0.00406376, -0.01111936, -0.00405181, 0.00421492, 0.00368892, -0.00172965, -0.0065096, 0.00459949, -0.00348397, -0.00926039, -0.00995362, 0.00098079, 0.0115409, 0.0011338, 0.00089883, -0.00509779, -0.00094204, -0.01497486, -0.00419267, 0.00825436, -0.00178342, -0.01107484, 0.00575698, -0.01502894, 0.00093463, -0.00064416, 0.00177748, -0.00041811, 0.00040654, -0.00074015]]},
 "free_energy": -297.29800238,
 "initial_magmoms": {"__ndarray__": [[35], "float64", [0.0, 0.0, 0.0, 0.0, 0.0, 0.0, 0.0, 0.0, 0.0, 0.0, 0.0, 0.0, 0.0, 0.0, 0.0, 0.0, 0.0, 0.0, 0.0, 0.0, 0.0, 0.0, 0.0, 0.0, 0.0, 0.0, 0.0, 0.0, 0.0, 0.0, 4.0, 0.0, 0.0, 0.0, 0.0]]},
 "magmom": 3.9999967,
 "magmoms": {"__ndarray__": [[35], "float64", [0.001, 0.0, -0.006, -0.04, 0.001, 0.0, -0.04, -0.006, -0.016, 0.0, -0.0, -0.0, -0.017, 0.0, -0.02, -0.02, -0.015, -0.015, -0.015, -0.015, 0.0, -0.017, 0.0, -0.016, -0.0, -0.0, 0.004, 0.004, 0.005, 0.005, 4.227, 0.13, 0.116, 0.005, 0.004]]},
 "mtime": 25.22096879794493,
 "numbers": {"__ndarray__": [[35], "int64", [6, 6, 6, 6, 6, 6, 6, 6, 6, 6, 6, 6, 6, 6, 6, 6, 6, 6, 6, 6, 6, 6, 6, 6, 6, 6, 7, 7, 7, 7, 26, 8, 8, 1, 1]]},
 "pbc": {"__ndarray__": [[3], "bool", [true, true, true]]},
 "positions": {"__ndarray__": [[35, 3], "float64", [4.9347383727789875, 7.810922478801718, 10.030820467656927, -0.012940686124483791, 0.7086083405672834, 10.03045196018611, -2.459226411848295, 7.882240961890719, 10.02638498997056, 2.460703593742173, 0.7954889920767899, 10.040544409676784, -0.013299153261224106, 7.8104562581437635, 10.02973960834874, 4.9343555090595315, 0.7084322155609951, 10.028297874031145, 2.460737476581527, 7.723912474006889, 10.044687922658609, 7.380716913370256, 0.6366654212948807, 10.028207616951228, 8.591019108257518, 1.3871245064494337, 10.023777872643592, -1.265190840394622, 2.817395722332961, 10.017135148155011, 1.1870646177288509, 1.4756988028461677, 10.045814029821852, 3.73448248495673, 1.47579474016722, 10.042917594434561, 6.170092793873363, 1.3871825302605671, 10.0223578404681, 6.1860354348851745, 2.8176178366539504, 10.01567089474773, 7.380586250883226, 3.5497569132396856, 10.005294868389791, -2.4593667557330003, 4.969251749717018, 10.006037280994335, -0.05415699592628909, 3.520426622055731, 10.042345597098345, -0.05417887234206242, 4.998679772542709, 10.044850413462658, 4.975113464779298, 3.520465623254242, 10.039080939387265, 4.9753308898497375, 4.998484565785266, 10.041764285046506, 6.18613211247733, 5.701420286197056, 10.018316016530132, -3.6695704730062713, 7.1320730746914816, 10.024397764085322, -1.2649722213937729, 5.701406058438121, 10.01854231236527, -1.2489281727636627, 7.1320543036421045, 10.024337521247048, 1.1865194602936109, 7.0432640636595165, 10.048843161745566, 3.7347395978979465, 7.043607512138687, 10.047911984793853, 1.0981190674772476, 2.8241626121276817, 10.064776328820873, 3.822886606338652, 2.824309808601007, 10.060189555347694, 1.0976238637092401, 5.695459226902252, 10.073237415807135, 3.823437538421092, 5.695294629155293, 10.069496061910632, 2.4605487673506863, 4.2604429979590295, 10.123683765675706, 2.4616297403471905, 4.23145588328408, 12.10087638619803, 2.451815079224839, 4.305896904682803, 8.118267169864946, 2.4609422348844094, 5.131240055218626, 12.472728097013379, 2.460929603625206, 3.4047160556543945, 7.749524844464888]]},
 "stress": {"__ndarray__": [[6], "float64", [-0.018738051804182213, 0.005369617237145993, 0.0005714085439237486, -0.00043722911750529523, 4.853272666104304e-06, 1.7627894224232087e-07]]},
 "unique_id": "85baa645dd2008ad6f74dea01d6f9741",
 "user": "jiuy97"},
"ids": [1],
"nextid": 2}
