{"1": {
 "calculator": "vasp",
 "calculator_parameters": {"amix": 0.1, "amix_mag": 0.1, "bmix": 1e-05, "bmix_mag": 1e-05, "encut": 600, "sigma": 0.05, "ediff": 1e-05, "ediffg": -0.02, "algo": "normal", "gga": "PE", "prec": "Normal", "ibrion": 2, "isif": 3, "ismear": 0, "ispin": 2, "istart": 1, "kpar": 10, "ldauprint": 2, "ldautype": 2, "lmaxmix": 6, "lorbit": 11, "nelm": 250, "npar": 6, "nsw": 99, "nupdown": 0, "inimix": 0, "laechg": true, "lasph": true, "ldau": true, "lvtot": false, "lreal": false, "ldau_luj": {"Ti": {"L": 2, "U": 3.0, "J": 0.0}, "V": {"L": 2, "U": 3.25, "J": 0.0}, "Cr": {"L": 2, "U": 3.5, "J": 0.0}, "Mn": {"L": 2, "U": 2.75, "J": 0.0}, "Fe": {"L": 2, "U": 4.3, "J": 0.0}, "Co": {"L": 2, "U": 3.32, "J": 0.0}, "Ni": {"L": 2, "U": 6.45, "J": 0.0}, "Cu": {"L": 2, "U": 3.0, "J": 0.0}, "Mo": {"L": 2, "U": 4.38, "J": 0.0}, "W": {"L": -1, "U": 0.0, "J": 0.0}, "Ce": {"L": 3, "U": 4.5, "J": 0.0}, "O": {"L": -1, "U": 0.0, "J": 0.0}, "C": {"L": -1, "U": 0.0, "J": 0.0}, "Au": {"L": -1, "U": 0.0, "J": 0.0}, "Ir": {"L": -1, "U": 0.0, "J": 0.0}, "H": {"L": -1, "U": 0.0, "J": 0.0}}, "xc": "PBE", "pp": "PBE", "setups": {"base": "minimal"}, "txt": "-", "kpts": [9, 10, 5], "gamma": true, "reciprocal": false, "ignore_constraints": false},
 "cell": [[5.767669648609113, -0.006174423894483, -0.006006292440572], [-0.0056009026237501, 5.183652787471767, 0.2031169509570581], [-0.0100811720463936, 0.3911208601982622, 9.86922420826693]],
 "ctime": 21.63258969934168,
 "dipole": [[0.0, 0.0, 0.0]],
 "energy": -181.16747821,
 "forces": [[0.004757, -0.001465, 0.001967], [-0.011029, -0.006299, 0.000247], [-0.006786, 0.00057, -0.004026], [-0.002474, 0.006799, -0.006148], [-0.003013, 0.000487, 0.000779], [0.003778, -0.004068, 0.010977], [-0.005976, -0.007059, 0.001905], [0.004902, 0.006617, -0.009792], [0.004153, -0.006109, -0.003544], [1.9e-05, 0.00014, -0.004382], [8.5e-05, 0.011421, 0.00227], [0.010336, -0.003364, 0.003519], [0.001688, 0.003809, 0.003668], [-0.00084, -0.000303, 0.00235], [0.003004, -0.01038, 0.003022], [0.001205, 0.012062, -0.00665], [0.00212, -0.000286, -0.002026], [-0.001183, -0.002566, -0.00725], [-0.00136, 0.012841, -0.003172], [-0.006512, -0.003977, 0.001837], [-0.002187, 0.003566, 0.005578], [0.001329, -0.00457, 0.006499], [0.0032, -0.007716, 0.003521], [-0.005678, 0.012014, -0.014299], [-0.003338, -0.00613, 0.008927], [0.009801, -0.006033, 0.004225]],
 "initial_magmoms": [-3.0, -4.0, 4.0, 3.0, -3.0, -4.0, 4.0, 3.0, 0.0, 0.0, 0.0, 0.0, 0.0, 0.0, 0.0, 0.0, 0.0, 0.0, 0.0, 0.0, 0.0, 0.0, 0.0, 0.0, 0.0, 0.0],
 "magmom": -2e-07,
 "magmoms": [-2.908, -3.741, 3.727, 2.945, -2.853, -3.728, 3.734, 2.911, -0.002, -0.021, -0.02, -0.053, -0.0, 0.007, -0.009, 0.045, -0.026, -0.021, -0.013, -0.053, -0.002, 0.019, -0.003, 0.072, -0.004, 0.011],
 "mtime": 21.63258969934168,
 "numbers": [25, 25, 25, 25, 25, 25, 25, 25, 8, 8, 8, 8, 8, 8, 8, 8, 8, 8, 8, 8, 8, 8, 8, 8, 30, 30],
 "pbc": [true, true, true],
 "positions": [[0.7084017492840847, 0.543317163907763, 8.538423665867446], [0.6796263651734531, 2.626276532591424, 3.5817340857910227], [2.1488509055775826, 2.9015392147475785, 6.549542243628085], [2.119236154327265, 5.089714541094038, 1.49629087674146], [3.6044148544919743, 0.4854785390465582, 8.479996192252683], [3.6418104758073917, 2.658862529957715, 3.6409342426212667], [5.04490562220483, 2.9895530157569414, 6.461046769018371], [5.08595085745222, 5.052345484953485, 1.5053910117894456], [0.7243514875202665, 0.8363427862787235, 2.077970002607805], [0.6787398162402946, 1.9363398291028255, 7.28744827900368], [0.7280182283582861, 4.209694266557422, 0.5146022459760942], [0.7768760104800824, 3.829331499079605, 5.560510205377547], [2.135633278409278, 4.792181031996618, 7.956972069585621], [2.167614941132139, 3.817400883631234, 2.94626013659543], [2.193284313609588, 1.4214552970764474, 9.564995101344557], [2.1578296399650525, 1.7253451277669325, 4.4822074498], [3.6059794453071334, 0.9551023560077883, 1.967207098779829], [3.629424159226578, 1.9585902377425224, 7.32906705703552], [3.587164071361105, 4.171011198488271, 0.4950303048279871], [3.5296183543996413, 3.838772064449801, 5.573287393506649], [5.046105158340752, 4.743780578508572, 7.995148094623575], [5.03677791948174, 3.6426186417431534, 2.7292221085688424], [5.011400503670784, 1.4014160537623679, 9.57287990045639], [5.046317357638573, 1.7717650123676905, 4.477684879888422], [2.1286586943675423, 5.05493161600244, 4.78330895915217], [3.655300118652492, 2.3068255405788904, 0.4152951222434163]],
 "stress": [-7.019201162968312e-05, -0.0001708925198666836, -0.00017468111590609474, -5.099937106759211e-05, 3.666262460543826e-05, 2.9166572145252465e-05],
 "unique_id": "681a4baf95fac8d4d8ef2c4bef3427ae",
 "user": "ezc"},
"ids": [1],
"nextid": 2}
