{
  "Ca": -1.90696579,
  "Sc": -6.24940874,
  "Ti": -5.627328705,
  "V": -5.965813935,
  "Cr": -6.901628085,
  "Mn": -6.65199904,
  "Fe": -5.041720865,
  "Co": -4.55701137,
  "Ni": -1.6850032,
  "Cu": -2.66823971,
  "Zn": -1.08927221,
  "Ga": -2.885507535,
  "Ge": -4.49679304,
  "Sr": -1.622273425,
  "Y": -6.43760309,
  "Zr": -8.519893215,
  "Nb": -10.22395804,
  "Mo": -10.94947049,
  "Tc": -10.34639626,
  "Ru": -9.243204045,
  "Rh": -7.25036482,
  "Pd": -5.22150641,
  "Ag": -2.73498397,
  "Cd": -0.74811247,
  "In": -2.54547879,
  "Sn": -3.810092675,
  "Ba": -1.907392355,
  "La": -4.90018577,
  "Hf": -9.92863721,
  "Ta": -11.7908012,
  "W": -12.96337881,
  "Re": -12.42632685,
  "Os": -11.25330595,
  "Ir": -8.8705039,
  "Pt": -6.12763547,
  "Au": -3.18573487,
  "Hg": -0.17192794,
  "Tl": -2.194105015,
  "Pb": -3.57882549,
  "N": -8.56951971
} 