{"1": {
 "calculator": "vasp",
 "calculator_parameters": {"amix": 0.1, "amix_mag": 0.1, "bmix": 0.0001, "bmix_mag": 0.0001, "encut": 500, "sigma": 0.05, "ediff": 1e-05, "ediffg": -0.02, "algo": "normal", "gga": "PE", "prec": "Normal", "ibrion": 2, "isif": 2, "ismear": 0, "ispin": 2, "istart": 1, "kpar": 10, "ldauprint": 2, "ldautype": 2, "lmaxmix": 6, "lorbit": 11, "nelm": 250, "npar": 6, "nsw": 199, "inimix": 0, "laechg": true, "lasph": true, "ldau": true, "lvtot": false, "lreal": "Auto", "ldau_luj": {"Ti": {"L": 2, "U": 3.0, "J": 0.0}, "V": {"L": 2, "U": 3.25, "J": 0.0}, "Cr": {"L": 2, "U": 3.5, "J": 0.0}, "Mn": {"L": 2, "U": 2.75, "J": 0.0}, "Fe": {"L": 2, "U": 4.3, "J": 0.0}, "Co": {"L": 2, "U": 3.32, "J": 0.0}, "Ni": {"L": 2, "U": 6.45, "J": 0.0}, "Cu": {"L": 2, "U": 3.0, "J": 0.0}, "Mo": {"L": 2, "U": 4.38, "J": 0.0}, "W": {"L": 2, "U": 6.2, "J": 0.0}, "Ce": {"L": 3, "U": 4.5, "J": 0.0}, "O": {"L": -1, "U": 0.0, "J": 0.0}, "C": {"L": -1, "U": 0.0, "J": 0.0}, "Au": {"L": -1, "U": 0.0, "J": 0.0}, "Ir": {"L": -1, "U": 0.0, "J": 0.0}, "H": {"L": -1, "U": 0.0, "J": 0.0}}, "xc": "PBE", "pp": "PBE", "setups": {"base": "minimal"}, "txt": "-", "kpts": [3, 2, 1], "gamma": true, "reciprocal": false, "ignore_constraints": false},
 "cell": [[5.801699045203386, 0.0, 0.0], [0.0, 9.837328697191618, 0.0], [0.0, 0.0, 27.260383125397126]],
 "constraints": [{"name": "FixAtoms", "kwargs": {"indices": [0, 1, 2, 3, 4, 5, 6, 7, 8, 9, 10, 31, 32, 33, 34, 35, 36, 37, 38, 39, 40, 41]}}],
 "ctime": 23.066319328480162,
 "dipole": [[0.0, 0.0, 0.0]],
 "energy": -434.84285041,
 "forces": [[0.0, -2.536606, -0.167728], [-0.0, 2.557482, 1.405541], [0.0, 0.822834, -1.519853], [-0.0, 1.667509, -0.709887], [-0.0, -2.55467, 1.380144], [-0.0, -0.073695, -0.869932], [0.0, 0.054957, 0.182258], [-0.0, 0.103838, 0.384959], [-0.0, -0.054444, -0.044101], [0.0, 0.015146, -0.054281], [0.0, -0.008038, 0.016095], [0.0, 0.004479, 0.001471], [-0.0, -0.0018, 0.001805], [-0.0, -0.000673, -0.006292], [-0.0, 0.001257, 0.007693], [-0.0, 0.00591, 0.008653], [0.0, -0.01003, -0.004597], [-0.0, 0.000515, -0.000607], [0.0, 0.00425, -0.000592], [-0.0, -0.003815, -0.00467], [-0.0, 0.000961, -0.000585], [-0.0, -0.002299, -0.010908], [-0.0, -0.002815, 0.000341], [-0.0, 0.014284, -0.012822], [0.0, 5.8e-05, 0.000777], [0.0, -0.002715, 0.001615], [-0.0, 0.010442, -0.005344], [-0.0, -0.009973, 0.008175], [-0.0, -0.001359, 0.008952], [0.0, -0.00361, 0.003511], [-0.0, 0.002622, 0.000207], [0.0, -2.536606, -0.167728], [0.0, 2.557482, 1.405541], [-0.0, 0.822834, -1.519853], [-0.0, 1.667509, -0.709887], [0.0, -2.55467, 1.380144], [0.0, -0.073695, -0.869932], [-0.0, 0.054957, 0.182258], [0.0, 0.103838, 0.384959], [-0.0, -0.054444, -0.044101], [0.0, 0.015146, -0.054281], [-0.0, -0.008038, 0.016095], [0.0, 0.004479, 0.001471], [0.0, -0.0018, 0.001805], [-0.0, -0.000673, -0.006292], [0.0, 0.001257, 0.007693], [-0.0, 0.00591, 0.008653], [-0.0, -0.01003, -0.004597], [-0.0, 0.000515, -0.000607], [0.0, 0.00425, -0.000592], [-0.0, -0.003815, -0.00467], [0.0, 0.000961, -0.000585], [0.0, -0.002299, -0.010908], [-0.0, -0.002815, 0.000341], [-0.0, 0.014284, -0.012822], [-0.0, 5.8e-05, 0.000777], [-0.0, -0.002715, 0.001615], [0.0, 0.010442, -0.005344], [-0.0, -0.009973, 0.008175], [0.0, -0.001359, 0.008952], [0.0, -0.00361, 0.003511], [0.0, 0.002622, 0.000207]],
 "initial_magmoms": [0.0, -3.0, 0.0, 0.0, 3.0, 0.0, 0.0, 3.0, 0.0, 0.0, -3.0, 0.0, 0.0, 3.0, 0.0, 0.0, -3.0, 0.0, 0.0, -3.0, 0.0, 0.0, 3.0, 0.0, 0.0, -3.0, 0.0, 0.0, 3.0, 0.0, 0.0, 0.0, -3.0, 0.0, 0.0, 3.0, 0.0, 0.0, 3.0, 0.0, 0.0, -3.0, 0.0, 0.0, 3.0, 0.0, 0.0, -3.0, 0.0, 0.0, -3.0, 0.0, 0.0, 3.0, 0.0, 0.0, -3.0, 0.0, 0.0, 3.0, 0.0, 0.0],
 "magmom": -1.6398919,
 "magmoms": [0.91, -3.666, -0.002, -0.359, 3.341, 0.036, -0.068, 2.911, -0.022, 0.018, -2.887, -0.027, -0.011, 2.93, -0.012, 0.009, -2.921, 0.011, -0.003, -2.944, 0.022, -0.026, 2.92, 0.017, -0.016, -2.9, -0.003, -0.025, 2.492, 0.257, -0.724, 0.91, -3.666, -0.002, -0.359, 3.341, 0.036, -0.068, 2.911, -0.022, 0.018, -2.887, -0.027, -0.011, 2.93, -0.012, 0.009, -2.921, 0.011, -0.003, -2.944, 0.022, -0.026, 2.92, 0.017, -0.016, -2.9, -0.003, -0.025, 2.492, 0.257, -0.724],
 "mtime": 23.066319328480162,
 "numbers": [8, 25, 8, 8, 25, 8, 8, 25, 8, 8, 25, 8, 8, 25, 8, 8, 25, 8, 8, 25, 8, 8, 25, 8, 8, 25, 8, 8, 25, 8, 8, 8, 25, 8, 8, 25, 8, 8, 25, 8, 8, 25, 8, 8, 25, 8, 8, 25, 8, 8, 25, 8, 8, 25, 8, 8, 25, 8, 8, 25, 8, 8],
 "pbc": [true, true, false],