{"1": {
 "calculator": "vasp",
 "calculator_parameters": {"amix": 0.1, "amix_mag": 0.1, "bmix": 0.0001, "bmix_mag": 0.0001, "encut": 600, "sigma": 0.05, "ediff": 1e-06, "ediffg": -0.01, "algo": "normal", "gga": "PE", "prec": "Normal", "ibrion": 2, "isif": 2, "ismear": 0, "ispin": 2, "istart": 0, "kpar": 16, "ldauprint": 2, "ldautype": 2, "lmaxmix": 6, "lorbit": 11, "nelm": 250, "npar": 8, "nsw": 200, "inimix": 0, "laechg": true, "lasph": true, "ldau": true, "lvtot": false, "lwave": true, "lreal": "auto", "ldau_luj": {"Ti": {"L": 2, "U": 3.0, "J": 0.0}, "V": {"L": 2, "U": 3.25, "J": 0.0}, "Cr": {"L": 2, "U": 3.5, "J": 0.0}, "Mn": {"L": 2, "U": 3.75, "J": 0.0}, "Fe": {"L": 2, "U": 4.3, "J": 0.0}, "Co": {"L": 2, "U": 3.32, "J": 0.0}, "Ni": {"L": 2, "U": 6.45, "J": 0.0}, "Cu": {"L": 2, "U": 3.0, "J": 0.0}, "Mo": {"L": 2, "U": 4.38, "J": 0.0}, "W": {"L": 2, "U": 3.0, "J": 0.0}, "Ce": {"L": 3, "U": 4.5, "J": 0.0}, "O": {"L": -1, "U": 0.0, "J": 0.0}, "C": {"L": -1, "U": 0.0, "J": 0.0}, "Au": {"L": -1, "U": 0.0, "J": 0.0}, "Ir": {"L": -1, "U": 0.0, "J": 0.0}, "H": {"L": -1, "U": 0.0, "J": 0.0}}, "xc": "PBE", "pp": "PBE", "setups": "recommended", "txt": "-", "kpts": [4, 6, 1], "gamma": true, "reciprocal": false, "ignore_constraints": false, "custom": {}},
 "cell": {"array": {"__ndarray__": [[3, 3], "float64", [7.02028, 2.43099, 0.0, 0.0, 4.8636, 0.0, 0.0, 0.0, 26.8791169]]}, "__ase_objtype__": "cell"},
 "constraints": [{"name": "FixAtoms", "kwargs": {"indices": [0, 1, 2, 3, 4, 5, 11, 12, 15, 16]}}],
 "ctime": 26.36244165363002,
 "dipole": {"__ndarray__": [[1, 3], "float64", [0.0, 0.0, 0.0]]},
 "energy": -173.64988557,
 "forces": {"__ndarray__": [[30, 3], "float64", [0.05785134, 0.01581721, -0.0377774, -0.04427113, -0.0379088, 0.0065408, -0.00274731, -0.00130686, -0.12497248, -0.02633584, 0.10554515, -0.08258549, -0.00242026, -0.02335529, 0.03490038, -0.01923242, 0.03409723, 0.10194161, 0.00191345, 0.00220408, -0.00059299, -0.0011976, -0.0012029, -0.00106207, -0.00374658, -0.00398182, 0.00362973, -0.00292764, -0.00248322, -0.00249722, -0.00412041, 0.00039058, -0.00173002, 0.03284261, -0.04393051, 0.01998046, 0.04685155, -0.04701694, 0.12561574, -0.00176614, -0.00524434, 0.00093391, -0.00502619, -0.00076254, 0.00096409, -0.08552568, 0.02811112, -0.09535587, 0.07814939, -0.0068835, 0.05208006, -0.00289255, 0.00529031, -0.00190317, -0.00377765, 0.0003181, 0.00271459, -0.00036153, -0.00249188, -0.00151545, 0.00056864, -0.00774942, -0.00558611, 0.00502302, 0.00356356, 0.0017573, -0.00737272, 0.00105671, -0.00559429, -0.0020747, -0.00059554, 0.00459836, -0.00429797, -0.00109491, 0.00056842, -0.00041126, -0.00485701, 0.00145257, -0.00040702, -0.00408407, 0.00192081, 0.00200154, -2.295e-05, 0.00518776, -0.00131881, -0.00273806, -0.0017186, -0.00297012, 0.00131653, -0.00189543]]},
 "free_energy": -173.67917801,
 "initial_charges": {"__ndarray__": [[30], "float64", [-0.03, -0.08, -0.09, 0.01, 0.07, 0.06, 0.04, 0.01, 0.18, 0.01, -0.01, -0.03, 0.06, 0.06, -0.04, -0.02, 0.02, 0.06, 0.18, 0.01, -1.23, -1.22, -1.59, -1.85, 3.91, 0.86, 0.66, 0.0, 0.0, 0.0]]},
 "initial_magmoms": {"__ndarray__": [[30], "float64", [0.0, 0.0, 0.0, 0.0, 0.0, 0.0, 0.0, 0.0, 0.0, 0.0, 0.0, 0.0, 0.0, 0.0, 0.0, 0.0, 0.0, 0.0, 0.0, 0.0, 0.0, 0.0, 0.0, 0.0, 0.0, 0.0, 0.0, 0.0, 0.0, 0.0]]},
 "magmom": 1.4551424,
 "magmoms": {"__ndarray__": [[30], "float64", [0.074, 0.063, 0.072, 0.086, 0.103, 0.077, 0.083, 0.081, 0.053, 0.056, 0.037, 0.061, 0.081, 0.093, 0.053, 0.07, 0.091, 0.087, 0.046, 0.072, 0.003, 0.0, 0.002, 0.001, 0.0, 0.0, 0.0, 0.001, 0.0, -0.0]]},
 "mtime": 26.36244165363002,
 "numbers": {"__ndarray__": [[30], "int64", [78, 78, 78, 78, 78, 78, 78, 78, 78, 78, 78, 78, 78, 78, 78, 78, 78, 78, 78, 78, 8, 8, 8, 8, 15, 1, 1, 8, 1, 1]]},
 "pbc": {"__ndarray__": [[3], "bool", [true, true, true]]},
 "positions": {"__ndarray__": [[30, 3], "float64", [0.7017500000000042, 3.6472900000000057, 9.999999999999929, 2.1059499999999876, 1.2151600000000062, 9.999999999999929, 3.51014, 3.64729, 9.999999999999929, 3.51014, 2.025869999999984, 12.293040000000092, 2.1059499999999876, 4.458010000000004, 12.293040000000092, 0.7017500000000042, 2.0258699999999896, 12.293040000000092, 2.1208845218547268, 2.873528215836994, 14.558580464626477, 0.6927221346303981, 0.4018353943019549, 14.557983532505116, 0.7257484739219549, 3.6689967692994587, 16.90936632735033, 2.15376991001995, 1.2415375278414953, 16.773743850455727, 3.5368317473087942, 3.669750133755421, 16.87792774015287, 4.914330000000012, 6.079429999999993, 9.999999999999929, 6.3185299999999955, 6.890139999999992, 12.293040000000092, 3.5252280002872762, 5.277261711871667, 14.524023393959446, 4.9326734009402395, 6.102008038925406, 16.772570322990095, 6.3185299999999955, 3.6472899999999937, 9.999999999999929, 4.914330000000012, 4.458010000000012, 12.293040000000092, 4.919570301272539, 2.865416548373293, 14.54549655213964, 6.360876547281884, 3.6709283133810393, 16.889023855569803, 6.361097278539882, 5.257229785945444, 14.57875600966008, 0.7403840979607167, 3.807561172257638, 19.240624996610496, 1.5952550942856372, 1.2434988317816527, 19.982808990419056, 6.224246292099799, 3.4744135210182407, 19.128807768914672, 6.936093875163156, 2.4937228891535645, 21.369759741310205, 0.33438399415958087, 0.2869915643403144, 19.835818333423116, 6.413490006957106, 6.546036444942621, 21.502073486757656, 1.4011421568210165, 2.1972002600656277, 19.74865498086689, 3.6269151010669987, 3.7403517138091797, 19.143726049569267, 3.2863564882476743, 4.624568817668981, 19.390782302571296, 4.618213503003839, 3.720582358595095, 19.29890986796281]]},
 "stress": {"__ndarray__": [[6], "float64", [0.017386930759288235, 0.02039428969053647, -0.00029021997572765984, 0.00012180965410826697, 4.3129489659820666e-05, -0.0005785587668462876]]},
 "tags": {"__ndarray__": [[30], "int64", [0, 0, 0, 0, 0, 0, 0, 0, 0, 0, 0, 0, 0, 0, 0, 0, 0, 0, 0, 0, 0, 0, 0, 0, 0, 0, 0, 0, 0, 0]]},
 "unique_id": "e3bd8c773d7e4fdf962e5045ccee9375",
 "user": "khamkins"},
"ids": [1],
"nextid": 2}
