{"1": {
 "calculator": "vasp",
 "calculator_parameters": {"amix": 0.1, "amix_mag": 0.1, "bmix": 0.0001, "bmix_mag": 0.0001, "encut": 600, "sigma": 0.05, "ediff": 1e-06, "ediffg": -0.01, "algo": "normal", "gga": "PE", "prec": "Normal", "ibrion": 2, "isif": 2, "ismear": 0, "ispin": 2, "istart": 0, "kpar": 16, "ldauprint": 2, "ldautype": 2, "lmaxmix": 6, "lorbit": 11, "nelm": 250, "npar": 8, "nsw": 200, "inimix": 0, "laechg": true, "lasph": true, "ldau": true, "lvtot": false, "lwave": true, "lreal": "auto", "ldau_luj": {"Ti": {"L": 2, "U": 3.0, "J": 0.0}, "V": {"L": 2, "U": 3.25, "J": 0.0}, "Cr": {"L": 2, "U": 3.5, "J": 0.0}, "Mn": {"L": 2, "U": 3.75, "J": 0.0}, "Fe": {"L": 2, "U": 4.3, "J": 0.0}, "Co": {"L": 2, "U": 3.32, "J": 0.0}, "Ni": {"L": 2, "U": 6.45, "J": 0.0}, "Cu": {"L": 2, "U": 3.0, "J": 0.0}, "Mo": {"L": 2, "U": 4.38, "J": 0.0}, "W": {"L": 2, "U": 3.0, "J": 0.0}, "Ce": {"L": 3, "U": 4.5, "J": 0.0}, "O": {"L": -1, "U": 0.0, "J": 0.0}, "C": {"L": -1, "U": 0.0, "J": 0.0}, "Au": {"L": -1, "U": 0.0, "J": 0.0}, "Ir": {"L": -1, "U": 0.0, "J": 0.0}, "H": {"L": -1, "U": 0.0, "J": 0.0}}, "xc": "PBE", "pp": "PBE", "setups": "recommended", "txt": "-", "kpts": [4, 6, 1], "gamma": true, "reciprocal": false, "ignore_constraints": false, "custom": {}},
 "cell": {"array": {"__ndarray__": [[3, 3], "float64", [7.02028, 2.43099, 0.0, 0.0, 4.8636, 0.0, 0.0, 0.0, 26.8791169]]}, "__ase_objtype__": "cell"},
 "constraints": [{"name": "FixAtoms", "kwargs": {"indices": [0, 1, 2, 3, 4, 5, 11, 12, 15, 16]}}],
 "ctime": 26.360387799037515,
 "dipole": {"__ndarray__": [[1, 3], "float64", [0.0, 0.0, 0.0]]},
 "energy": -162.78418584,
 "forces": {"__ndarray__": [[28, 3], "float64", [0.04353302, 0.00076905, 0.01933638, -0.04483799, -0.00635464, -0.04813893, 0.02191919, -0.024981, -0.04806041, 0.05747561, 0.05490854, -0.03965704, -0.03078792, 0.0654272, -0.0293021, -0.04349131, -0.03735415, 0.08391865, -0.00182909, 0.0010926, -0.00163117, 0.00036191, 0.00013627, -0.00105877, -0.00053192, 0.00049204, 0.00285264, -0.00099989, -0.00141566, 0.00139492, -0.00167789, -0.00256653, -0.00123132, -0.06036427, -0.00633436, 0.02446916, -0.00726734, -0.02989909, 0.0667418, -0.0011067, -0.00125012, 0.00014443, 0.00020937, -0.00215774, 0.00292386, -0.01510205, 0.06488565, -0.05122713, 0.09166997, -0.06994119, 0.01693238, -0.00067462, -0.00138723, -0.00047079, 0.0010119, -0.00047183, 0.00112062, -0.00038866, -0.0019439, 0.00030926, -0.00132243, -0.00343855, -0.00519175, 0.00036527, -0.00054262, 1.2e-06, -0.00309301, 0.00065007, 0.009331, -0.00102526, -0.00102187, -0.00057789, 0.00047831, 0.00403116, -0.004533, 0.00072932, -0.00069071, 0.00044571, -0.00104936, -0.00119004, -0.00017044, -0.00220415, 0.00054863, 0.00132874]]},
 "free_energy": -162.81341617,
 "initial_charges": {"__ndarray__": [[28], "float64", [0.0, 0.0, -0.0, 0.0, 0.0, -0.0, -0.0, 0.0, 0.0, 0.0, -0.0, 0.0, 0.0, 0.0, 0.0, 0.0, -0.0, 0.0, 0.0, -0.0, -1.39, -1.73, -0.78, -1.53, 3.87, 0.34, 0.63, 0.65]]},
 "initial_magmoms": {"__ndarray__": [[28], "float64", [0.302, 0.302, 0.302, 0.302, 0.302, 0.302, 0.302, 0.302, 0.302, 0.302, 0.302, 0.302, 0.302, 0.302, 0.302, 0.302, 0.302, 0.302, 0.302, 0.302, -0.0, 0.0, -0.0, -0.0, 0.0, -0.0, -0.0, 0.0]]},
 "magmom": 1.6959592,
 "magmoms": {"__ndarray__": [[28], "float64", [0.072, 0.081, 0.083, 0.096, 0.103, 0.101, 0.096, 0.096, 0.062, 0.053, 0.057, 0.076, 0.096, 0.103, 0.068, 0.08, 0.114, 0.093, 0.052, 0.1, 0.001, 0.0, 0.0, 0.0, 0.0, -0.0, 0.0, -0.0]]},
 "mtime": 26.360387799037515,
 "numbers": {"__ndarray__": [[28], "int64", [78, 78, 78, 78, 78, 78, 78, 78, 78, 78, 78, 78, 78, 78, 78, 78, 78, 78, 78, 78, 8, 8, 8, 8, 15, 1, 1, 1]]},
 "pbc": {"__ndarray__": [[3], "bool", [true, true, true]]},
 "positions": {"__ndarray__": [[28, 3], "float64", [0.701752283907493, 3.6472949991430075, 10.000000000867587, 2.105946143191196, 1.2151598911874508, 10.000000000867587, 3.5101400024748997, 3.6472949991430053, 10.000000000867587, 3.5101399975251497, 2.02587159669705, 12.293038966955926, 2.105946143191196, 4.458006696079364, 12.293038966955926, 0.7017522888572426, 2.0258715966970153, 12.293038966955926, 2.122999229326456, 2.833991679420504, 14.535927865053594, 0.7012362418137209, 0.40838463796356866, 14.569806723770881, 0.7513388761308117, 3.6360003059421784, 16.83365000450298, 2.161674766301393, 1.210730416668242, 16.845147167719272, 3.5248585096079323, 3.6394086871991447, 16.834350164499156, 4.9143338568088035, 6.079430098525337, 10.000000000867587, 6.318527711142757, 6.890141804034935, 12.293038966955926, 3.5228004455037643, 5.265359858261034, 14.535624309895773, 4.929639673029637, 6.062249972398838, 16.827474105400253, 6.318527711142757, 3.6472949991430226, 10.000000000867587, 4.9143338568088035, 4.458006698937115, 12.293038962914437, 4.943878627304392, 2.8400959057888593, 14.568576192679878, 6.358393136188747, 3.62726798877536, 16.93434493941172, 6.334461301114214, 5.252360799895503, 14.575015862371565, 6.3454361273075035, 3.8088354438951106, 19.166564030188635, 0.18498934225003405, 4.051085731341401, 20.274822539869593, 6.895824599967253, 3.5741240561697394, 21.667289385292072, 1.762354901953682, 1.2279071252916043, 20.05329249079695, 0.2593162934921168, 0.7669544676737479, 20.181838033347667, 6.9186970168192286, 4.540641770201755, 21.816232392049777, 2.0804673672924245, 1.2835427156202504, 19.09802823504741, -0.00625392331880452, 3.6184874690902538, 19.4043554416666]]},
 "stress": {"__ndarray__": [[6], "float64", [0.02109754679426165, 0.021876472178516012, -0.0003408208763696373, 0.00046985394133645323, 0.0004867216884057531, 0.00016495082787317127]]},
 "tags": {"__ndarray__": [[28], "int64", [4, 4, 4, 3, 3, 3, 2, 2, 1, 1, 1, 4, 3, 2, 1, 4, 3, 2, 1, 2, 0, 0, 0, 0, 0, 0, 0, 0]]},
 "unique_id": "98ead45b44d24f0890e02ea2c872d67b",
 "user": "khamkins"},
"ids": [1],
"nextid": 2}
