{"1": {
 "calculator": "vasp",
 "calculator_parameters": {"amix": 0.1, "amix_mag": 0.1, "bmix": 1e-05, "bmix_mag": 1e-05, "encut": 600, "sigma": 0.05, "ediff": 1e-05, "ediffg": -0.02, "algo": "Normal", "gga": "PE", "prec": "Normal", "ibrion": 2, "isif": 3, "ismear": 0, "ispin": 2, "kpar": 20, "ldauprint": 2, "ldautype": 2, "lmaxmix": 4, "lorbit": 11, "nelm": 250, "nsw": 199, "inimix": 0, "laechg": true, "lasph": true, "ldau": true, "lvtot": false, "lreal": "Auto", "ldau_luj": {"Mn": {"L": 2, "U": 2.75, "J": 0.0}, "O": {"L": -1, "U": 0.0, "J": 0.0}, "H": {"L": -1, "U": 0.0, "J": 0.0}}, "pp": "pbe", "txt": "-", "kpts": [4, 4, 3], "gamma": true, "reciprocal": false, "ignore_constraints": false, "custom": {}},
 "cell": {"array": {"__ndarray__": [[3, 3], "float64", [5.693379241493995, 0.0417108084215992, -0.7480619378655154, -2.841760867012058, 4.922842667749169, 0.687340363922097, -1.2606006451849148, 0.575106554005765, 9.879399428703556]]}, "__ase_objtype__": "cell"},
 "ctime": 26.36659281966466,
 "dipole": {"__ndarray__": [[1, 3], "float64", [0.0, 0.0, 0.0]]},
 "energy": -178.11248472,
 "forces": {"__ndarray__": [[25, 3], "float64", [-0.01348069, -0.00140374, 0.0009779, -0.00372519, -0.00179394, -0.00118592, -0.00602173, -0.0053851, 0.00087087, 0.00124625, -0.00471969, 0.00405849, 0.00100899, -0.00010652, -0.00585587, 0.00331524, -0.00166914, -0.0079612, 0.01429132, 0.00682365, -0.00422973, 0.01379777, 0.00405105, 0.00227959, -0.01299769, -0.00833811, 0.00210674, 0.01017265, 0.00455607, 0.00174307, -0.00773673, -0.00286282, -0.00557603, 0.00968305, 0.00402544, 0.00422548, -0.00892368, -0.00438499, -0.00757282, 0.00224029, 0.0104963, 0.00573152, -0.00936388, 0.00029065, -0.00153105, 0.00330532, -0.00656155, -0.00285946, 0.00401794, 0.00857236, 0.00418258, -0.00209278, -0.00866547, 0.00672488, -0.00051654, 0.00932977, 0.00027574, -0.00389367, -0.00278245, 0.00504263, 0.00039058, 0.00938694, -0.00984267, 0.0012349, -0.00685634, 0.0070753, 0.00108098, 0.00525447, -0.00521193, 0.0050884, -0.00648342, 0.00717486, -0.00212111, -0.00077342, -0.00064301]]},
 "free_energy": -178.11248472,
 "initial_magmoms": {"__ndarray__": [[25], "float64", [3.078, 3.077, 3.063, 3.881, 3.921, 3.065, 3.072, 3.093, -0.006, -0.125, -0.053, -0.05, 0.007, -0.002, -0.03, -0.14, -0.069, -0.098, -0.055, -0.084, -0.06, -0.053, -0.022, -0.018, 0.019]]},
 "magmom": 25.9999972,
 "magmoms": {"__ndarray__": [[25], "float64", [3.079, 3.078, 3.064, 3.882, 3.922, 3.066, 3.074, 3.094, -0.007, -0.126, -0.054, -0.05, 0.007, -0.002, -0.03, -0.141, -0.07, -0.098, -0.055, -0.084, -0.061, -0.054, -0.023, -0.018, 0.019]]},
 "mtime": 26.36659281966466,
 "numbers": {"__ndarray__": [[25], "int64", [25, 25, 25, 25, 25, 25, 25, 25, 8, 8, 8, 8, 8, 8, 8, 8, 8, 8, 8, 8, 8, 8, 8, 8, 30]]},
 "pbc": {"__ndarray__": [[3], "bool", [true, true, true]]},
 "positions": {"__ndarray__": [[25, 3], "float64", [5.304882601106673, 0.06565288970192885, -0.6524123269362403, 3.8693455961634537, 2.531073674951682, -0.31092618238118963, 2.4792678309394787, 0.06715719300782604, -0.24992680626810282, 1.2169070570455944, 2.4164136917870698, 2.1533605942037974, -3.091680785114072, 5.06949875307726, 7.734976662528237, 3.568703678197154, 2.685001415113965, 4.4699060325379945, -0.6398074705588198, 5.195838515662652, 5.198114332998389, 0.7616858272077229, 2.7118368708325042, 4.935656745102908, -0.2748131836544499, 1.623087497596258, 1.1470880182347196, 0.7558588243482084, 1.2543016717920823, 3.666030557801458, -1.6797817720576123, 4.08750229670761, 1.4954492117511817, -0.7757576465919961, 3.560827788954846, 4.179466828095251, 2.6317539649715447, 1.6204538059522313, 0.7884171746131067, 3.3990226823575718, 1.180167485810392, 3.4593871502608877, 1.1656799210563609, 4.146107790070339, 1.167588251128197, 2.0047237521521812, 3.4303736282435153, 3.6510840564365967, -0.527316676946108, 1.9003314762260368, 6.152134571088585, -0.369692633181026, 1.3565487101492244, 8.670245556106952, -1.896362697497354, 4.2330774430472555, 6.433172012135372, -1.9328146101750974, 4.072295400100397, 9.03086976749347, 2.3099010989941178, 1.829514869883746, 5.6404892882810405, 2.489468973153957, 1.5155059932926354, 8.502633956007678, 0.78976422166228, 4.229123135971484, 6.109569136449146, 1.187205211808231, 4.072724489010734, 8.720495801829795, -0.41728467849789974, 3.3083581428068425, 7.812634181558815]]},
 "stress": {"__ndarray__": [[6], "float64", [0.0004547300594339069, 0.0005769781982827945, 0.0006145240401201091, 0.00011017963794269841, -0.00012331626703012742, 5.653365479442153e-05]]},
 "unique_id": "bde3429b717577141df92b17e2cd76ad",
 "user": "jiuy97"},
"ids": [1],
"nextid": 2}
