{"1": {
 "calculator": "vasp",
 "calculator_parameters": {"amix": 0.1, "amix_mag": 0.1, "bmix": 1e-05, "bmix_mag": 1e-05, "encut": 600, "sigma": 0.05, "ediff": 1e-05, "ediffg": -0.02, "algo": "Normal", "gga": "PE", "prec": "Normal", "ibrion": 2, "isif": 3, "ismear": 0, "ispin": 2, "kpar": 20, "ldauprint": 2, "ldautype": 2, "lmaxmix": 4, "lorbit": 11, "nelm": 250, "nsw": 199, "inimix": 0, "laechg": true, "lasph": true, "ldau": true, "lvtot": false, "lreal": "Auto", "ldau_luj": {"Mn": {"L": 2, "U": 2.75, "J": 0.0}, "O": {"L": -1, "U": 0.0, "J": 0.0}, "H": {"L": -1, "U": 0.0, "J": 0.0}}, "pp": "pbe", "txt": "-", "kpts": [4, 4, 2], "gamma": true, "reciprocal": false, "ignore_constraints": false, "custom": {}},
 "cell": {"array": {"__ndarray__": [[3, 3], "float64", [5.679158616735723, 0.0276494001193006, -0.7023523883486336, -2.828360540820134, 4.931558216916168, 0.7664431564295416, -1.1770433223576768, 0.7801106575096266, 9.902052375172604]]}, "__ase_objtype__": "cell"},
 "ctime": 26.366143350434623,
 "dipole": {"__ndarray__": [[1, 3], "float64", [0.0, 0.0, 0.0]]},
 "energy": -178.10536213,
 "forces": {"__ndarray__": [[25, 3], "float64", [0.00292091, -0.00980531, 0.00405122, 0.01183129, -0.01504255, -0.00138482, 0.00453359, 0.00317674, -0.00322347, 0.00394514, -0.0025065, -0.0149667, -0.00346432, -0.00633503, -0.01084987, -0.00821842, 0.02207758, 0.0080197, -0.01491039, -0.00499754, 0.00152563, -0.02410848, 0.00777272, -0.00621919, 0.00462073, -0.00689916, -0.00022824, -0.00790034, 0.00683985, -0.00202589, -0.00676952, -0.00581236, -0.00439135, 0.00242497, 0.00977601, 0.01496208, 3.73e-05, -0.0082815, 0.00607022, -0.00491619, 0.0106666, -0.00186581, -0.00015585, -0.00712947, 0.00411756, -0.00388528, 0.01551643, -0.00185433, -0.00395477, -0.00070811, 0.01281466, 0.02213506, -0.01429777, -0.01147888, -0.01050454, 0.0056792, -0.00458129, 0.0118231, -0.00295259, -0.00571832, -0.02290866, 0.01281933, 0.01014017, 0.00953834, -0.0163862, 0.00340361, 0.00750348, 0.01778425, 0.01128885, 0.01363446, -0.0080219, -0.01342655, 0.01674841, -0.00293272, 0.00582099]]},
 "free_energy": -178.10536213,
 "initial_magmoms": {"__ndarray__": [[25], "float64", [3.096, 3.067, 3.072, 3.915, 3.888, 3.076, 3.061, 3.078, -0.068, -0.097, -0.061, -0.052, -0.053, -0.084, -0.022, -0.018, -0.006, -0.13, 0.006, 0.001, -0.054, -0.051, -0.026, -0.142, 0.02]]},
 "magmom": 26.0000007,
 "magmoms": {"__ndarray__": [[25], "float64", [3.096, 3.068, 3.073, 3.92, 3.89, 3.072, 3.058, 3.077, -0.069, -0.097, -0.06, -0.053, -0.054, -0.084, -0.022, -0.017, -0.006, -0.128, 0.008, -0.001, -0.054, -0.05, -0.028, -0.142, 0.02]]},
 "mtime": 26.366143350434623,
 "numbers": {"__ndarray__": [[25], "int64", [25, 25, 25, 25, 25, 25, 25, 25, 8, 8, 8, 8, 8, 8, 8, 8, 8, 8, 8, 8, 8, 8, 8, 8, 30]]},
 "pbc": {"__ndarray__": [[3], "bool", [true, true, true]]},
 "positions": {"__ndarray__": [[25, 3], "float64", [2.740782937032421, 4.848969021219603, 0.09119384295386374, 2.9996035502308316, 3.2203307115821667, 9.53086544488245, -1.283481820341401, 5.587910132387239, 10.27130023517416, 1.6124610401408688, 2.0320304762218258, 2.149199457198332, -3.5562067444309684, 5.32707647913522, 7.908916158650048, 3.3717637791117734, 3.006685331754844, 4.714392821304297, 1.9446123118261835, 0.48582981915651363, 4.714529451509403, 0.5425430032578688, 2.982467671935172, 5.070072267763898, -0.051113116438990046, 1.406496902976038, 1.2531211311013226, 0.5240867823889195, 1.4983008960832072, 3.766397078806093, -1.3952542633740053, 3.9300625219419936, 1.500073972206624, -0.9972437116406958, 3.883235400725809, 4.348138028412276, 2.9244931316158334, 1.4401924532560475, 0.8335936421511456, 3.072005714863838, 1.5081513589033586, 3.4270300810074095, 1.4507519507106958, 4.053813630491456, 1.2692511980352994, 1.8175063911989864, 3.745309881400406, 3.8675900310315714, -0.7775498864282407, 2.077715346656686, 6.121322958901588, -0.028770579331081236, 1.4137637265833605, 8.665358212166339, -2.145456336520352, 4.503264336682132, 6.519723152966041, -1.479320077850899, 4.104768021977457, 9.20671880946817, 2.069855814952029, 2.074469922900993, 5.775075444331378, 2.8812937361340127, 1.6011689699843061, 8.484264521086343, 0.6189513402073312, 4.5227768144027785, 6.200504091949888, 1.5720049560957934, 4.196543744348237, 8.710008484259157, 4.48354193947614, 0.5954268994703439, 2.2060018237096126]]},
 "stress": {"__ndarray__": [[6], "float64", [-0.0008850502507594699, -0.0009966868004868594, -0.0008681716996378732, -8.77663224980695e-05, -2.199438535209963e-05, 0.0001056649733881824]]},
 "unique_id": "83b0838b4a733fefb5a833cc18880320",
 "user": "jiuy97"},
"ids": [1],
"nextid": 2}
