{"1": {
 "calculator": "vasp",
 "calculator_parameters": {"amix": 0.1, "amix_mag": 0.1, "bmix": 1e-05, "bmix_mag": 1e-05, "encut": 600, "sigma": 0.05, "ediff": 1e-05, "ediffg": -0.02, "algo": "Normal", "gga": "PE", "prec": "Normal", "ibrion": 2, "isif": 3, "ismear": 0, "ispin": 2, "ldauprint": 2, "ldautype": 2, "lmaxmix": 4, "lorbit": 11, "nelm": 250, "npar": 6, "nsw": 199, "inimix": 0, "laechg": true, "lasph": true, "ldau": true, "lvtot": false, "lreal": "Auto", "ldau_luj": {"Mn": {"L": 2, "U": 2.75, "J": 0.0}, "O": {"L": -1, "U": 0.0, "J": 0.0}, "H": {"L": -1, "U": 0.0, "J": 0.0}}, "pp": "pbe", "txt": "-", "kpts": [3, 3, 2], "gamma": true, "reciprocal": false, "ignore_constraints": false, "custom": {}},
 "cell": {"array": {"__ndarray__": [[3, 3], "float64", [7.658499444384051, -1.6053976113e-06, 0.0, -3.829248332163403, 6.632455875824034, -0.0, 0.0, 0.0, 14.512377354483013]]}, "__ase_objtype__": "cell"},
 "ctime": 26.34336365177999,
 "dipole": {"__ndarray__": [[1, 3], "float64", [0.0, 0.0, 0.0]]},
 "energy": -449.7248836,
 "forces": {"__ndarray__": [[66, 3], "float64", [-0.00388596, -0.01216728, -0.00650215, 0.00388596, 0.01216728, 0.00650215, 0.01248016, 0.0027183, -0.00650215, -0.01248016, -0.0027183, 0.00650215, -0.00859419, 0.00944899, -0.00650215, 0.00859419, -0.00944899, 0.00650215, -0.00388596, -0.01216728, -0.00650215, 0.00388596, 0.01216728, 0.00650215, 0.01248016, 0.0027183, -0.00650215, -0.01248016, -0.0027183, 0.00650215, -0.00859419, 0.00944899, -0.00650215, 0.00859419, -0.00944899, 0.00650215, -0.00388596, -0.01216728, -0.00650215, 0.00388596, 0.01216728, 0.00650215, 0.01248016, 0.0027183, -0.00650215, -0.01248016, -0.0027183, 0.00650215, -0.00859419, 0.00944899, -0.00650215, 0.00859419, -0.00944899, 0.00650215, 0.0, -0.0, -0.01508628, 0.0, 0.0, 0.01508628, 0.0, -0.0, -0.01508628, 0.0, 0.0, 0.01508628, 0.0, -0.0, -0.01508628, 0.0, 0.0, 0.01508628, 0.00867751, -0.00533656, -0.01034656, -0.00867751, 0.00533656, 0.01034656, 0.00028284, 0.01018322, -0.01034656, -0.00028284, -0.01018322, 0.01034656, -0.00896035, -0.00484666, -0.01034656, 0.00896035, 0.00484666, 0.01034656, 0.00867751, -0.00533656, -0.01034656, -0.00867751, 0.00533656, 0.01034656, 0.00028284, 0.01018322, -0.01034656, -0.00028284, -0.01018322, 0.01034656, -0.00896035, -0.00484666, -0.01034656, 0.00896035, 0.00484666, 0.01034656, 0.00867751, -0.00533656, -0.01034656, -0.00867751, 0.00533656, 0.01034656, 0.00028284, 0.01018322, -0.01034656, -0.00028284, -0.01018322, 0.01034656, -0.00896035, -0.00484666, -0.01034656, 0.00896035, 0.00484666, 0.01034656, -0.00685531, -0.00978764, 0.00819735, 0.00685531, 0.00978764, -0.00819735, 0.011904, -0.00104305, 0.00819735, -0.011904, 0.00104305, -0.00819735, -0.00504869, 0.01083069, 0.00819735, 0.00504869, -0.01083069, -0.00819735, -0.00685531, -0.00978764, 0.00819735, 0.00685531, 0.00978764, -0.00819735, 0.011904, -0.00104305, 0.00819735, -0.011904, 0.00104305, -0.00819735, -0.00504869, 0.01083069, 0.00819735, 0.00504869, -0.01083069, -0.00819735, -0.00685531, -0.00978764, 0.00819735, 0.00685531, 0.00978764, -0.00819735, 0.011904, -0.00104305, 0.00819735, -0.011904, 0.00104305, -0.00819735, -0.00504869, 0.01083069, 0.00819735, 0.00504869, -0.01083069, -0.00819735, 0.0, 0.0, 0.00728119, 0.0, -0.0, -0.00728119, 0.0, 0.0, 0.00728119, 0.0, 0.0, -0.00728119, 0.0, 0.0, 0.00728119, 0.0, -0.0, -0.00728119]]},
 "free_energy": -449.7248836,
 "initial_magmoms": {"__ndarray__": [[66], "float64", [3.054, 3.054, 3.054, 3.054, 3.054, 3.054, 3.054, 3.054, 3.054, 3.054, 3.054, 3.054, 3.054, 3.054, 3.054, 3.054, 3.054, 3.054, 0.018, 0.018, 0.018, 0.018, 0.018, 0.018, -0.064, -0.064, -0.064, -0.064, -0.064, -0.064, -0.064, -0.064, -0.064, -0.064, -0.064, -0.064, -0.064, -0.064, -0.064, -0.064, -0.064, -0.064, -0.026, -0.026, -0.026, -0.026, -0.026, -0.026, -0.026, -0.026, -0.026, -0.026, -0.026, -0.026, -0.026, -0.026, -0.026, -0.026, -0.026, -0.026, -0.067, -0.067, -0.067, -0.067, -0.067, -0.067]]},
 "magmom": 53.9999975,
 "magmoms": {"__ndarray__": [[66], "float64", [3.053, 3.053, 3.053, 3.053, 3.053, 3.053, 3.053, 3.053, 3.053, 3.053, 3.053, 3.053, 3.053, 3.053, 3.053, 3.053, 3.053, 3.053, 0.018, 0.018, 0.018, 0.018, 0.018, 0.018, -0.063, -0.063, -0.063, -0.063, -0.063, -0.063, -0.063, -0.063, -0.063, -0.063, -0.063, -0.063, -0.063, -0.063, -0.063, -0.063, -0.063, -0.063, -0.025, -0.025, -0.025, -0.025, -0.025, -0.025, -0.025, -0.025, -0.025, -0.025, -0.025, -0.025, -0.025, -0.025, -0.025, -0.025, -0.025, -0.025, -0.065, -0.065, -0.065, -0.065, -0.065, -0.065]]},
 "mtime": 26.34336365177999,
 "numbers": {"__ndarray__": [[66], "int64", [25, 25, 25, 25, 25, 25, 25, 25, 25, 25, 25, 25, 25, 25, 25, 25, 25, 25, 30, 30, 30, 30, 30, 30, 8, 8, 8, 8, 8, 8, 8, 8, 8, 8, 8, 8, 8, 8, 8, 8, 8, 8, 8, 8, 8, 8, 8, 8, 8, 8, 8, 8, 8, 8, 8, 8, 8, 8, 8, 8, 8, 8, 8, 8, 8, 8]]},
 "pbc": {"__ndarray__": [[3], "bool", [true, true, true]]},
 "positions": {"__ndarray__": [[66, 3],