{"1": {
 "calculator": "vasp",
 "calculator_parameters": {"encut": 500, "sigma": 0.05, "ediff": 1e-05, "ediffg": -0.02, "algo": "Normal", "gga": "PE", "prec": "Normal", "ibrion": 2, "isif": 2, "ismear": 0, "ispin": 2, "kpar": 8, "ldauprint": 2, "ldautype": 2, "lmaxmix": 4, "lorbit": 11, "nelm": 250, "npar": 4, "nsw": 200, "ivdw": 12, "nedos": 3000, "laechg": true, "lasph": true, "ldau": true, "lvhar": true, "lvtot": false, "lsol": true, "lreal": "Auto", "ldau_luj": {"Ti": {"L": 2, "U": 3.0, "J": 0.0}, "V": {"L": 2, "U": 3.25, "J": 0.0}, "Cr": {"L": 2, "U": 3.5, "J": 0.0}, "Mn": {"L": 2, "U": 3.75, "J": 0.0}, "Fe": {"L": 2, "U": 4.3, "J": 0.0}, "Co": {"L": 2, "U": 3.32, "J": 0.0}, "Ni": {"L": 2, "U": 6.45, "J": 0.0}, "Cu": {"L": 2, "U": 3.0, "J": 0.0}, "C": {"L": -1, "U": 0.0, "J": 0.0}, "N": {"L": -1, "U": 0.0, "J": 0.0}}, "pp": "pbe", "setups": {"base": "recommended", "W": "_sv"}, "txt": "-", "kpts": [5, 5, 1], "gamma": true, "reciprocal": false, "ignore_constraints": false, "custom": {}},
 "cell": {"array": {"__ndarray__": [[3, 3], "float64", [9.84, 0.0, 0.0, -4.92, 8.521689973, 0.0, 0.0, 0.0, 20.0]]}, "__ase_objtype__": "cell"},
 "ctime": 24.846024302639186,
 "dipole": {"__ndarray__": [[1, 3], "float64", [0.0, 0.0, 0.0]]},
 "energy": -279.59668529,
 "forces": {"__ndarray__": [[31, 3], "float64", [-0.00204717, -0.01002952, 0.00378739, 0.00090051, 0.01369298, -0.00138933, -0.00393465, 0.00158456, 0.01508812, -0.00209219, 0.00473519, 0.00599899, 0.00071715, -0.00675865, 0.00211428, 0.00581028, 0.00485963, 0.00192892, 0.00133349, 0.00733988, 0.00671046, -0.00098349, 0.00744993, 0.01295345, -0.00097414, -0.00661531, -0.00382026, -0.00455965, -0.00133555, 0.00160879, -0.01030127, -0.00324118, 0.00241496, 0.00557207, 0.00588675, 0.00540262, 0.00409705, -0.00639343, -0.00174732, 0.01186988, -0.00038532, 0.00120998, 0.00044381, 0.00835502, 0.01138139, 0.00444854, -0.00422282, 0.01174933, 0.00149987, -0.00044039, -0.00870573, 0.00079858, -0.00833572, -0.00968237, -0.00271175, -0.00175936, -0.00631022, 0.00374033, -0.00618548, -0.00500056, -0.00661732, 0.0122183, -0.00060837, 0.0105453, -0.00710832, -0.00102535, -0.00988397, -0.00647805, 0.00190792, -0.00055326, -0.00168196, -0.00204729, -0.01021625, -0.00229161, 0.00344763, 0.00264094, -0.00028086, 0.00267623, 0.00228349, 0.0081762, -0.00900129, -0.00619775, 0.01242683, -0.00911061, 0.00333187, -0.00109104, -0.00816206, 0.00306272, -0.00109238, -0.00989484, -0.00202301, -0.01099833, -0.01387486]]},
 "free_energy": -279.59668529,
 "initial_magmoms": {"__ndarray__": [[31], "float64", [-0.001, -0.001, 0.0, -0.001, -0.001, -0.001, -0.001, 0.0, -0.001, -0.0, -0.002, -0.002, -0.001, -0.0, -0.001, -0.001, -0.001, -0.001, -0.001, -0.001, -0.0, -0.001, -0.0, -0.001, -0.002, -0.002, -0.016, -0.016, -0.016, -0.016, 1.03]]},
 "magmom": 1.0000012,
 "magmoms": {"__ndarray__": [[31], "float64", [-0.001, -0.001, 0.0, -0.001, -0.001, -0.001, -0.001, 0.0, -0.001, -0.0, -0.002, -0.002, -0.001, -0.0, -0.001, -0.001, -0.001, -0.001, -0.001, -0.001, -0.0, -0.001, -0.0, -0.001, -0.002, -0.002, -0.016, -0.016, -0.016, -0.016, 1.03]]},
 "mtime": 24.846024302639186,
 "numbers": {"__ndarray__": [[31], "int64", [6, 6, 6, 6, 6, 6, 6, 6, 6, 6, 6, 6, 6, 6, 6, 6, 6, 6, 6, 6, 6, 6, 6, 6, 6, 6, 7, 7, 7, 7, 27]]},
 "pbc": {"__ndarray__": [[3], "bool", [true, true, true]]},
 "positions": {"__ndarray__": [[31, 3], "float64", [4.9260700000000215, 7.80127999999998, 9.915249999999958, -0.005339999999981582, 0.7197699999999884, 9.915440000000046, -2.459560000000014, 7.8845000000000205, 9.909459999999937, 2.460400000000034, 0.8127799999999838, 9.917489999999985, -0.005290000000016448, 7.8013299999999886, 9.915270000000051, 4.925979999999966, 0.7199500000000206, 9.915160000000041, 2.460389999999986, 7.708130000000019, 9.917520000000051, 7.3803800000000415, 0.636749999999983, 9.909349999999932, 8.59072999999999, 1.3867199999999862, 9.909310000000035, -1.25864000000003, 2.82083000000001, 9.904020000000033, 1.2057299999999591, 1.5073900000000215, 9.920390000000054, 3.715039999999963, 1.5073800000000201, 9.920170000000041, 6.169979999999988, 1.3867099999999846, 9.908999999999965, 6.179249999999973, 2.82083000000001, 9.903680000000035, 7.38035, 3.5495499999999818, 9.896030000000025, -2.4596599999999795, 4.971549999999994, 9.895960000000061, -0.054910000000033765, 3.5389700000000057, 9.915989999999935, -0.05492000000001296, 4.982430000000026, 9.915919999999973, 4.9757200000000115, 3.5389600000000043, 9.915239999999981, 4.975599999999984, 4.982410000000022, 9.91533000000004, 6.1793399999999945, 5.7004900000000065, 9.903769999999952, -3.67002999999999, 7.134739999999995, 9.909080000000046, -1.258609999999988, 5.700540000000016, 9.903850000000034, -1.2492399999999684, 7.134639999999977, 9.909200000000025, 1.2057600000000006, 7.013819999999975, 9.920359999999988, 3.7150799999999844, 7.013730000000019, 9.920479999999971, 1.1480699999999973, 2.890009999999993, 9.928469999999976, 3.7728300000000017, 2.889909999999974, 9.927880000000044, 1.1480500000000045, 5.631129999999991, 9.928299999999977, 3.772580000000037, 5.6310899999999835, 9.928270000000055, 2.4604599999999786, 4.260910000000023, 9.938329999999949]]},
 "stress": {"__ndarray__": [[6], "float64", [-0.011425272877131227, 0.015530300415678117, -8.255851338908765e-05, -1.099061100467657e-06, -3.455343142652853e-06, 5.936854823939771e-06]]},
 "unique_id": "a0e39835553efad8b567d9737d452025",
 "user": "jiuy97"},
"ids": [1],
"nextid": 2}
