{"1": {
 "calculator": "vasp",
 "calculator_parameters": {"encut": 500, "sigma": 0.05, "ediff": 1e-05, "ediffg": -0.02, "algo": "Normal", "gga": "PE", "prec": "Normal", "ibrion": 2, "isif": 2, "ismear": 0, "ispin": 2, "kpar": 8, "ldauprint": 2, "ldautype": 2, "lmaxmix": 4, "lorbit": 11, "nelm": 250, "npar": 4, "nsw": 200, "ivdw": 12, "nedos": 3000, "laechg": true, "lasph": true, "ldau": true, "lvhar": true, "lvtot": false, "lsol": true, "lreal": "Auto", "ldau_luj": {"Ti": {"L": 2, "U": 3.0, "J": 0.0}, "V": {"L": 2, "U": 3.25, "J": 0.0}, "Cr": {"L": 2, "U": 3.5, "J": 0.0}, "Mn": {"L": 2, "U": 3.75, "J": 0.0}, "Fe": {"L": 2, "U": 4.3, "J": 0.0}, "Co": {"L": 2, "U": 3.32, "J": 0.0}, "Ni": {"L": 2, "U": 6.45, "J": 0.0}, "Cu": {"L": 2, "U": 3.0, "J": 0.0}, "C": {"L": -1, "U": 0.0, "J": 0.0}, "N": {"L": -1, "U": 0.0, "J": 0.0}, "H": {"L": -1, "U": 0.0, "J": 0.0}}, "pp": "pbe", "setups": {"base": "recommended", "W": "_sv"}, "txt": "-", "kpts": [5, 5, 1], "gamma": true, "reciprocal": false, "ignore_constraints": false, "custom": {}},
 "cell": {"array": {"__ndarray__": [[3, 3], "float64", [9.84, 0.0, 0.0, -4.92, 8.521689973, 0.0, 0.0, 0.0, 20.0]]}, "__ase_objtype__": "cell"},
 "ctime": 24.88172039437161,
 "dipole": {"__ndarray__": [[1, 3], "float64", [0.0, 0.0, 0.0]]},
 "energy": -282.01531488,
 "forces": {"__ndarray__": [[32, 3], "float64", [0.01058884, 0.00054627, 0.00355983, -0.0090084, 0.00576097, -0.00078859, 0.00309121, -0.00522634, 0.00624054, 0.00555787, -0.00093704, 0.00063423, -0.00380308, 0.00165809, 8.09e-06, -0.00250565, 0.00282301, 0.00051429, -0.00147325, 0.00172625, -0.00739573, -0.00044611, 0.00035068, -0.00536859, 0.00115658, -0.00632498, -0.00651961, -0.01465287, -0.00316876, 0.00154836, -0.0025766, -0.00950763, -0.00347143, -0.00372492, -0.0112465, -0.00522318, 0.00034499, 0.00335898, -0.00411676, -0.00708381, 0.0009224, 0.00386529, 0.00552769, -0.00269479, -0.00328435, -0.00844988, 0.00045394, 0.00748948, -0.00761737, 0.00445601, -0.0103953, -0.00398978, -0.00362235, -0.00119055, 0.01238383, -0.00984222, -0.006905, -0.00111968, 0.0106867, 0.00366423, 0.00671666, 0.00598084, 0.00207139, 0.01100144, 0.00611204, 0.01155508, 0.00348599, -0.00112026, 0.00986586, -0.00871115, -0.00104702, 0.00962936, 0.00330568, -0.00196633, -0.00323371, 0.00472365, -0.00016711, -0.00211344, 0.00135085, -0.00611596, -0.01194172, -0.0001728, -0.00278559, 0.00066936, 0.00581825, 0.01011778, -0.00101166, 0.0027828, 0.00198645, 0.00645813, 0.00019911, 0.00466495, 0.00726963, -0.00270008, 0.00416754, -0.00208353]]},
 "free_energy": -282.01798785,
 "initial_magmoms": {"__ndarray__": [[32], "float64", [-0.001, -0.002, 0.0, -0.001, -0.001, -0.002, -0.001, 0.0, -0.0, -0.001, -0.002, -0.002, -0.0, -0.002, -0.0, -0.0, -0.001, -0.001, -0.0, -0.0, -0.001, -0.001, -0.001, -0.001, -0.003, -0.002, -0.016, -0.016, -0.016, -0.015, 1.021, -0.0]]},
 "magmom": 0.9903198,
 "magmoms": {"__ndarray__": [[32], "float64", [-0.001, -0.001, 0.0, -0.0, -0.001, -0.001, -0.0, 0.0, -0.0, -0.001, -0.002, -0.002, -0.0, -0.001, -0.0, -0.0, -0.001, -0.001, -0.0, -0.0, -0.001, -0.001, -0.0, -0.001, -0.002, -0.002, -0.016, -0.016, -0.015, -0.015, 1.024, -0.0]]},
 "mtime": 24.88172039437161,
 "numbers": {"__ndarray__": [[32], "int64", [6, 6, 6, 6, 6, 6, 6, 6, 6, 6, 6, 6, 6, 6, 6, 6, 6, 6, 6, 6, 6, 6, 6, 6, 6, 6, 7, 7, 7, 7, 27, 1]]},
 "pbc": {"__ndarray__": [[3], "bool", [true, true, true]]},
 "positions": {"__ndarray__": [[32, 3], "float64", [4.924907786432544, 7.811930007270442, 9.953129437501472, -0.0008109818940176816, 0.7249005431332181, 9.87198303971445, -2.4605117775238567, 7.8775489639994785, 9.910228939819195, 2.46576732169042, 0.8107353977236176, 9.909343187960296, 0.0006706725328715635, 7.803676221440862, 9.8815842490413, 4.929380175533598, 0.71631089050837, 9.902641786132442, 2.4676272227065983, 7.720237233144443, 9.926115541100316, 7.381500120766519, 0.6512041235033308, 9.867940362824536, 8.595655562095791, 1.393647491350522, 9.842653558435543, -1.254128355063764, 2.8237815449942203, 9.805083179564166, 1.2121093781276209, 1.5091265681579564, 9.873223088600032, 3.7195700327995236, 1.4990114959961696, 9.92849781342278, 6.171426801369458, 1.3927210446270255, 9.874111044801786, 6.185932962347675, 2.8174668252760995, 9.87172114481012, 7.381120683755864, 3.550528372696831, 9.823642195309501, -2.4560212483620996, 4.97341464280772, 9.832677730530083, -0.05050434818344973, 3.54165412797129, 9.80766737441526, -0.04803905368323713, 4.983101766896263, 9.816486664550633, 4.976565212718351, 3.5422655441374538, 9.953910126484642, 5.007091517783486, 4.95124459681871, 10.038679609109769, 6.180976793545572, 5.697865502543111, 9.943987871761866, -3.6655593330760414, 7.131135249961094, 9.962166353191655, -1.2550677714363445, 5.702894675506286, 9.821141457913997, -1.2466512632440896, 7.131788266451229, 9.868396758808103, 1.2044969567430135, 7.015688296334117, 9.896408551508557, 3.715107260079167, 7.077256160306009, 10.012994667294759, 1.1476395915774424, 2.8849628806490406, 9.845370895371792, 3.7739258049349806, 2.8796779890211472, 9.96581992539143, 1.1515438855905504, 5.633512354310261, 9.869603032434428, 3.774025598199675, 5.639314491543944, 10.347452861758843, 2.4601396425980635, 4.237508795643926, 9.956148745113397, 3.6504931485382768, 5.606607935275734, 11.373138805322846]]},
 "stress": {"__ndarray__": [[6], "float64", [-0.012420332778332351, 0.013082175702660211, -0.0003456566852932074, 3.736692897822118e-05, 8.763288527446725e-05, -5.99917504425989e-05]]},
 "unique_id": "9387902b124b2f1e5a69741a26fe353c",
 "user": "jiuy97"},
"ids": [1],
"nextid": 2}
