{"1": {
 "calculator": "vasp",
 "calculator_parameters": {"encut": 500, "sigma": 0.05, "ediff": 1e-05, "ediffg": -0.02, "algo": "Normal", "gga": "PE", "prec": "Normal", "ibrion": 2, "isif": 2, "ismear": 0, "ispin": 2, "kpar": 8, "ldauprint": 2, "ldautype": 2, "lmaxmix": 4, "lorbit": 11, "nelm": 250, "npar": 4, "nsw": 200, "ivdw": 12, "nedos": 3000, "laechg": true, "lasph": true, "ldau": true, "lvhar": true, "lvtot": false, "lsol": true, "lreal": "Auto", "ldau_luj": {"Ti": {"L": 2, "U": 3.0, "J": 0.0}, "V": {"L": 2, "U": 3.25, "J": 0.0}, "Cr": {"L": 2, "U": 3.5, "J": 0.0}, "Mn": {"L": 2, "U": 3.75, "J": 0.0}, "Fe": {"L": 2, "U": 4.3, "J": 0.0}, "Co": {"L": 2, "U": 3.32, "J": 0.0}, "Ni": {"L": 2, "U": 6.45, "J": 0.0}, "Cu": {"L": 2, "U": 3.0, "J": 0.0}, "C": {"L": -1, "U": 0.0, "J": 0.0}, "N": {"L": -1, "U": 0.0, "J": 0.0}, "O": {"L": -1, "U": 0.0, "J": 0.0}}, "pp": "pbe", "setups": {"base": "recommended", "W": "_sv"}, "txt": "-", "kpts": [5, 5, 1], "gamma": true, "reciprocal": false, "ignore_constraints": false, "custom": {}},
 "cell": {"array": {"__ndarray__": [[3, 3], "float64", [9.84, 0.0, 0.0, -4.92, 8.521689973, 0.0, 0.0, 0.0, 20.0]]}, "__ase_objtype__": "cell"},
 "ctime": 24.86608112314836,
 "dipole": {"__ndarray__": [[1, 3], "float64", [0.0, 0.0, 0.0]]},
 "energy": -288.84268193,
 "forces": {"__ndarray__": [[33, 3], "float64", [-0.00334339, 0.00325443, 0.00119888, 0.0017927, -0.00209917, -0.00279244, -0.00612551, -0.00991925, -0.00419282, 0.00217027, -0.01445893, -0.00853045, -0.00179039, -0.00214544, -0.00381614, 0.00606582, -0.00044415, -0.00050398, -0.00327598, 0.01494651, -0.0058028, 0.00708148, 0.00951792, -0.00432737, -0.01662854, -0.00535389, 0.00067596, 0.01120818, 0.00915155, 0.00488099, -0.00901526, 0.00809554, -0.0011766, 0.00637263, 0.01045157, 0.00034489, -0.00148052, -0.01157447, 0.00050884, -0.01057933, 0.01151248, 0.007136, 0.00143065, 0.00587108, 0.00027944, -0.0012671, 0.00276755, 0.00531478, -0.01625165, -0.00284254, 0.00454513, -0.00622997, 0.00032969, 0.00273077, 0.01188115, -0.00484478, 0.00901471, 0.01432835, -0.00389572, 0.00986195, -0.01110246, -0.00214407, 0.00591512, 0.01302663, 0.00372305, 0.00085666, 0.00523578, -0.00211012, 0.00475562, -0.00551955, 0.00088433, 0.00147665, -0.01047605, -0.01092697, 0.00020776, 0.01061869, -0.01177455, 0.0011607, 0.00316584, 0.00317481, -0.00329907, 0.00092386, 0.00505927, 0.00130341, 0.00110594, -0.0024778, -0.00221426, -0.0027086, -0.00513953, 0.00182021, -0.00081125, 0.00016676, -0.00898736, -0.00325456, 0.00181404, -0.00975866, 0.01345212, 0.00143081, -0.00858649]]},
 "free_energy": -288.84756186,
 "initial_magmoms": {"__ndarray__": [[33], "float64", [0.003, 0.003, 0.007, 0.041, 0.003, 0.003, 0.041, 0.007, 0.015, 0.002, -0.001, -0.001, 0.015, 0.002, 0.021, 0.021, 0.016, 0.016, 0.016, 0.016, 0.002, 0.015, 0.002, 0.015, -0.001, -0.001, 0.048, 0.048, 0.048, 0.048, 0.724, 0.576, 0.576]]},
 "magmom": 2.2009115,
 "magmoms": {"__ndarray__": [[33], "float64", [-0.0, -0.0, 0.0, 0.009, -0.0, -0.0, 0.009, 0.0, 0.002, 0.0, -0.002, -0.002, 0.002, 0.0, 0.003, 0.003, 0.002, 0.002, 0.002, 0.002, 0.0, 0.002, 0.0, 0.002, -0.002, -0.002, 0.002, 0.002, 0.002, 0.002, 0.73, 0.544, 0.544]]},
 "mtime": 24.86608112314836,
 "numbers": {"__ndarray__": [[33], "int64", [6, 6, 6, 6, 6, 6, 6, 6, 6, 6, 6, 6, 6, 6, 6, 6, 6, 6, 6, 6, 6, 6, 6, 6, 6, 6, 7, 7, 7, 7, 27, 8, 8]]},
 "pbc": {"__ndarray__": [[3], "bool", [true, true, true]]},
 "positions": {"__ndarray__": [[33, 3], "float64", [4.928626146025697, 7.803065105486426, 9.937993819556686, -0.007748603876780058, 0.7182793645733824, 9.937588264651252, -2.459454134363813, 7.892173632128866, 9.93761158229413, 2.460484696165134, 0.8090283825176168, 9.942894581555086, -0.007671587732241747, 7.80319062337385, 9.937671308290483, 4.928630999474972, 0.7183323942561917, 9.937963749293134, 2.460560275742954, 7.7123359748217535, 9.942949709004568, 7.380458441424985, 0.6292896301887256, 9.937734905669021, 8.59280440660724, 1.3862250465896404, 9.93708243843544, -1.2601247679335643, 2.8166970041946082, 9.939677445357185, 1.201164274206173, 1.5037711355997492, 9.940105959988957, 3.719774184949621, 1.503891620494613, 9.941330229543725, 6.168333056708562, 1.3862092334510798, 9.937646844861854, 6.18086206418295, 2.8166017168639734, 9.940607006439835, 7.380353339516581, 3.5503274086850216, 9.93970887271678, -2.4595995174393432, 4.971100419807576, 9.939553089310854, -0.04811258724940881, 3.5305054753965477, 9.938233799092538, -0.04819127705755477, 4.990854064725635, 9.938415597433124, 4.968935891312842, 3.5306321376550196, 9.940219561915285, 4.968855206806874, 4.990931570360574, 9.940383159509162, 6.180807930045505, 5.70476414074748, 9.940540016441934, -3.6719057870997847, 7.135310232697617, 9.937553429532992, -1.2600128200824985, 5.704695344843337, 9.93945216705885, -1.2473097270903866, 7.13525437918228, 9.936887576149463, 1.2012600612873952, 7.017537706392231, 9.9402723971128, 3.7196895486464534, 7.017439983889162, 9.94165647259559, 1.1272498731326588, 2.870972272260634, 9.940374343153609, 3.793434705990869, 2.8710793042213854, 9.943466351672365, 1.12736217674727, 5.650249276455809, 9.940875282566532, 3.7933381998315, 5.650249163050695, 9.94416287432693, 2.4602586360217926, 4.26027250511291, 9.944428860281576, 2.4528529299687354, 4.257988195803882, 11.685024905261832, 2.466763765128609, 4.26120555417167, 8.202763398926464]]},
 "stress": {"__ndarray__": [[6], "float64", [-0.011179505715828257, 0.016189439075105498, 0.000505686301673439, -1.0011873717137691e-05, -2.8363133883023143e-05, 7.874974479218165e-06]]},
 "unique_id": "427c2805cb163cffb57a885454ca9b50",
 "user": "jiuy97"},
"ids": [1],
"nextid": 2}
