{"1": {
 "calculator": "vasp",
 "calculator_parameters": {"encut": 500, "sigma": 0.05, "ediff": 1e-05, "ediffg": -0.02, "algo": "Normal", "gga": "PE", "prec": "Normal", "ibrion": 2, "isif": 2, "ismear": 0, "ispin": 2, "kpar": 8, "ldauprint": 2, "ldautype": 2, "lmaxmix": 4, "lorbit": 11, "nelm": 250, "npar": 4, "nsw": 200, "ivdw": 12, "nedos": 3000, "laechg": true, "lasph": true, "ldau": true, "lvhar": true, "lvtot": false, "lsol": true, "lreal": "Auto", "ldau_luj": {"Ti": {"L": 2, "U": 3.0, "J": 0.0}, "V": {"L": 2, "U": 3.25, "J": 0.0}, "Cr": {"L": 2, "U": 3.5, "J": 0.0}, "Mn": {"L": 2, "U": 3.75, "J": 0.0}, "Fe": {"L": 2, "U": 4.3, "J": 0.0}, "Co": {"L": 2, "U": 3.32, "J": 0.0}, "Ni": {"L": 2, "U": 6.45, "J": 0.0}, "Cu": {"L": 2, "U": 3.0, "J": 0.0}, "C": {"L": -1, "U": 0.0, "J": 0.0}, "N": {"L": -1, "U": 0.0, "J": 0.0}, "O": {"L": -1, "U": 0.0, "J": 0.0}}, "pp": "pbe", "setups": {"base": "recommended", "W": "_sv"}, "txt": "-", "kpts": [5, 5, 1], "gamma": true, "reciprocal": false, "ignore_constraints": false, "custom": {}},
 "cell": {"array": {"__ndarray__": [[3, 3], "float64", [9.84, 0.0, 0.0, -4.92, 8.521689973, 0.0, 0.0, 0.0, 20.0]]}, "__ase_objtype__": "cell"},
 "ctime": 24.845844568531202,
 "dipole": {"__ndarray__": [[1, 3], "float64", [0.0, 0.0, 0.0]]},
 "energy": -284.79356609,
 "forces": {"__ndarray__": [[32, 3], "float64", [0.00256413, 0.00434505, -0.0067811, -0.00089216, -0.00550238, -0.0053691, 0.00085499, 0.00164389, -0.00042538, -0.00351264, 0.00060393, 0.00347349, -0.0020984, 0.00982534, -0.00449391, 0.0010455, -0.00716695, -0.0066314, 0.00615029, 0.00521054, 0.00322254, -0.00144212, -0.00653707, -0.00013719, -0.00299802, 0.00591633, -0.0014059, 0.00167811, 0.00029994, 0.00071487, 0.00198091, -0.01308057, -0.00265569, 0.0002063, -0.01324213, -0.00550657, 0.00459216, 0.00813921, 0.00066483, 0.00122933, 0.00083039, 0.00339414, 0.00047762, 0.00119444, 0.00281363, 0.00091798, -0.00115455, 0.00414229, 0.01079498, -2.64e-06, 0.00576051, 0.0098896, -0.0022636, 0.00396882, -0.01062619, 0.00315438, 0.00842387, -0.00991075, -0.00267652, 0.00864345, 0.00283319, 0.00783514, 0.00010413, 0.00208797, -0.00746587, -0.00024302, -0.00273286, 0.00477251, 0.00039155, -0.00224661, -0.00944371, -0.00123043, -0.00096634, 0.0100903, -0.00483485, -0.00513439, 0.0120231, -0.00562498, -0.00205367, 0.00240331, -0.0011475, 0.00230271, 0.00215857, -0.00058646, -0.00268561, -0.0025224, -0.00087497, 0.00372336, -0.00196706, -0.00146307, 0.00115805, -0.00161679, 0.00444306, -0.00718743, -0.00580416, -0.00074964]]},
 "free_energy": -284.79508219,
 "initial_magmoms": {"__ndarray__": [[32], "float64", [0.002, 0.002, -0.005, -0.026, 0.002, 0.002, -0.026, -0.005, -0.011, 0.001, 0.002, 0.002, -0.011, 0.001, -0.017, -0.017, -0.013, -0.013, -0.013, -0.013, 0.001, -0.011, 0.001, -0.011, 0.002, 0.002, 0.017, 0.017, 0.017, 0.017, 2.616, 0.542]]},
 "magmom": 3.1661337,
 "magmoms": {"__ndarray__": [[32], "float64", [0.003, 0.003, -0.003, -0.021, 0.003, 0.003, -0.021, -0.003, -0.009, 0.002, 0.004, 0.004, -0.009, 0.002, -0.013, -0.013, -0.012, -0.012, -0.012, -0.012, 0.002, -0.009, 0.002, -0.009, 0.004, 0.004, 0.021, 0.021, 0.021, 0.022, 2.64, 0.556]]},
 "mtime": 24.845844568531202,
 "numbers": {"__ndarray__": [[32], "int64", [6, 6, 6, 6, 6, 6, 6, 6, 6, 6, 6, 6, 6, 6, 6, 6, 6, 6, 6, 6, 6, 6, 6, 6, 6, 6, 7, 7, 7, 7, 27, 8]]},
 "pbc": {"__ndarray__": [[3], "bool", [true, true, true]]},
 "positions": {"__ndarray__": [[32, 3], "float64", [4.9281075517054616, 7.804716577555097, 9.92284026471349, -0.007623412389443918, 0.7164953418727988, 9.923129461043318, -2.4597596366990677, 7.887066277392538, 9.91299832595276, 2.460215176408613, 0.8082273752039263, 9.965574384343217, -0.007646680471118827, 7.80464123758066, 9.922691130263987, 4.928102731288445, 0.7164674151278746, 9.92280888979115, 2.4601192597339043, 7.7130198632880465, 9.964771284012603, 7.380268904304793, 0.6342058957004268, 9.91243682752087, 8.592413903207667, 1.3880653338275446, 9.89145143171352, -1.2560512380805446, 2.819216351225448, 9.840406193741213, 1.1964310849420334, 1.5019571303038095, 9.963559062281199, 3.723922041955663, 1.5019467247221987, 9.962996540544918, 6.168048037900836, 1.3880288970855785, 9.89119654395109, 6.1763375107190255, 2.819162381738106, 9.840101369172341, 7.380150289189237, 3.5494604034441863, 9.802757453589662, -2.4598965965464092, 4.971799370918279, 9.802988325947956, -0.03906504940414557, 3.5280153579836533, 9.888185343170049, -0.03908087199588772, 4.993152246929387, 9.8877166275108, 4.959456858075351, 3.5279692448912514, 9.88707264688564, 4.959487216574621, 4.993211431471617, 9.886887588372845, 6.176337969533355, 5.702066205882272, 9.840362486835456, -3.671904803339419, 7.133182052361925, 9.891511553177665, -1.2560693012664972, 5.701971193122204, 9.840442949275443, -1.2476348213875577, 7.133140339095129, 9.891471011245242, 1.196466620128163, 7.019248320964992, 9.962289871808267, 3.7239416960849283, 7.019273356472008, 9.962140458743775, 1.1395445799229618, 2.873954350505792, 9.988081975768768, 3.780807910748523, 2.8739199195726504, 9.986500095714838, 1.1395539349161532, 5.647282698116849, 9.986205647602347, 3.7808516164348123, 5.647373411248022, 9.985037763958884, 2.4607000942523682, 4.26152703678921, 10.678716338486849, 2.465917423553127, 4.268766257606671, 12.348660152859814]]},
 "stress": {"__ndarray__": [[6], "float64", [-0.010524634282567606, 0.014820970847860222, 0.00019749845671946035, 1.1474352927969028e-05, 7.668043485658632e-06, 1.284953839216576e-05]]},
 "unique_id": "8c538c9481e81335886f764af49beb84",
 "user": "jiuy97"},
"ids": [1],
"nextid": 2}
