{"1": {
 "calculator": "vasp",
 "calculator_parameters": {"encut": 500, "sigma": 0.05, "ediff": 1e-05, "ediffg": -0.02, "algo": "Normal", "gga": "PE", "prec": "Normal", "ibrion": 2, "isif": 2, "ismear": 0, "ispin": 2, "kpar": 8, "ldauprint": 2, "ldautype": 2, "lmaxmix": 4, "lorbit": 11, "nelm": 250, "npar": 4, "nsw": 200, "ivdw": 12, "nedos": 3000, "laechg": true, "lasph": true, "ldau": true, "lvhar": true, "lvtot": false, "lsol": true, "lreal": "Auto", "ldau_luj": {"Ti": {"L": 2, "U": 3.0, "J": 0.0}, "V": {"L": 2, "U": 3.25, "J": 0.0}, "Cr": {"L": 2, "U": 3.5, "J": 0.0}, "Mn": {"L": 2, "U": 3.75, "J": 0.0}, "Fe": {"L": 2, "U": 4.3, "J": 0.0}, "Co": {"L": 2, "U": 3.32, "J": 0.0}, "Ni": {"L": 2, "U": 6.45, "J": 0.0}, "Cu": {"L": 2, "U": 3.0, "J": 0.0}, "C": {"L": -1, "U": 0.0, "J": 0.0}, "N": {"L": -1, "U": 0.0, "J": 0.0}, "O": {"L": -1, "U": 0.0, "J": 0.0}, "H": {"L": -1, "U": 0.0, "J": 0.0}}, "pp": "pbe", "setups": {"base": "recommended", "W": "_sv"}, "txt": "-", "kpts": [5, 5, 1], "gamma": true, "reciprocal": false, "ignore_constraints": false, "custom": {}},
 "cell": {"array": {"__ndarray__": [[3, 3], "float64", [9.84, 0.0, 0.0, -4.92, 8.521689973, 0.0, 0.0, 0.0, 20.0]]}, "__ase_objtype__": "cell"},
 "ctime": 24.845886610950476,
 "dipole": {"__ndarray__": [[1, 3], "float64", [0.0, 0.0, 0.0]]},
 "energy": -293.6918733,
 "forces": {"__ndarray__": [[34, 3], "float64", [0.00455333, 0.00554, -0.00019336, -0.00289901, 0.00544274, -0.00298613, 0.00021696, 0.01009468, -0.00319938, -0.00829082, -0.00239359, 0.00966084, -0.00335346, -0.00316338, -0.00025713, 0.00710127, 0.00117083, -0.00215755, 0.00655587, 0.00684163, -0.00720486, -0.00102894, -0.00058202, -0.0050939, 0.00238795, -0.00358405, 0.00373748, -0.00245387, 0.00733419, -0.00445983, 0.00380379, 0.00857403, 0.0031244, 0.00456434, 0.01827775, -0.00235267, -0.00547548, -0.00338963, -0.00269054, 0.00442804, 0.00211562, -0.00015598, 0.00349184, 0.00368522, 0.00646111, 0.00108796, -0.00293987, -0.00475172, -0.00340714, 0.00576843, -0.0038304, -0.00758447, -0.00869543, 0.0006591, -0.00064171, 0.00609035, -0.00396188, -0.00794307, -0.00314106, 0.00113378, -0.00765098, -0.00341556, 0.00161654, 0.00114583, -0.0060059, -0.00473618, 0.00474592, -0.00756758, 0.00230949, 0.00569607, 0.00423038, -0.00081625, -7.263e-05, -0.01089727, 0.0018708, -0.00494807, -0.01626006, -4.57e-06, 0.00268798, 0.00798659, -0.00157352, 0.00170255, 0.00474543, 0.00027678, 0.00600649, 0.00024674, -0.00289208, -0.00545128, 4.422e-05, 6.18e-06, -0.00214705, 0.00573081, 0.00614462, 0.00199238, -0.00982809, 0.00879546, 0.00074658, -0.00808705, 0.0115831, 0.00043283, -0.0139691, -0.00406177]]},
 "free_energy": -293.69982381,
 "initial_magmoms": {"__ndarray__": [[34], "float64", [0.002, -0.0, -0.004, -0.019, 0.002, -0.0, -0.012, -0.009, -0.005, -0.003, -0.003, -0.003, -0.005, -0.003, -0.016, -0.019, -0.007, -0.007, -0.007, -0.007, -0.001, -0.007, -0.001, -0.007, -0.005, -0.005, 0.008, 0.008, 0.016, 0.017, 1.903, -0.012, 0.287, -0.0]]},
 "magmom": 2.5282804,
 "magmoms": {"__ndarray__": [[34], "float64", [0.003, 0.002, -0.0, 0.002, 0.003, 0.002, 0.004, -0.002, -0.001, 0.001, -0.0, -0.0, -0.001, 0.001, 0.001, 0.001, -0.002, -0.001, -0.002, -0.001, 0.001, -0.001, 0.001, -0.001, -0.0, -0.0, 0.033, 0.033, 0.04, 0.041, 1.915, 0.0, 0.336, -0.0]]},
 "mtime": 24.845886610950476,
 "numbers": {"__ndarray__": [[34], "int64", [6, 6, 6, 6, 6, 6, 6, 6, 6, 6, 6, 6, 6, 6, 6, 6, 6, 6, 6, 6, 6, 6, 6, 6, 6, 6, 7, 7, 7, 7, 27, 8, 8, 1]]},
 "pbc": {"__ndarray__": [[3], "bool", [true, true, true]]},
 "positions": {"__ndarray__": [[34, 3], "float64", [4.9271234804882456, 7.816778775613777, 9.937227034657186, -0.007559780937968497, 0.7298263280026915, 9.94148856270245, -2.4604967887230744, 7.902862055471772, 9.927059791454816, 2.4594703787956584, 0.8181057261943384, 9.987033005761978, -0.008079174368931241, 7.816903400489267, 9.934361793338635, 4.926000464588008, 0.7300659159503158, 9.938074670756409, 2.4594222602243416, 7.72711687376329, 10.001260883061152, 7.379281085291534, 0.6417001105989002, 9.938589006218129, 8.593650198222305, 1.4010812060986182, 9.913022358119587, -1.2529670052912216, 2.829991229853114, 9.85862013825601, 1.1952410371285587, 1.5190604162999226, 9.98746337153737, 3.7230743395513937, 1.5191256305346017, 9.984217502943938, 6.165044544748555, 1.4012082563245527, 9.911664660335086, 6.172236761666762, 2.8301375214991062, 9.857584128054802, 7.379619046828347, 3.561991000600868, 9.819503848159444, -2.460243477508094, 4.983041906347905, 9.81400122295516, -0.024756911737436216, 3.5331260115024476, 9.91477469988201, -0.026455991128948142, 5.009840061944062, 9.909717839719006, 4.943973265042185, 3.5331483056592687, 9.911987832319975, 4.946306732733113, 5.0098088826860865, 9.908487631487858, 6.172808237730705, 5.714420485037042, 9.848360730438229, -3.674576065986391, 7.143654379891472, 9.903120538311914, -1.2531896310745982, 5.714320417824571, 9.847756887205337, -1.246361364198942, 7.143422065414791, 9.901317629450624, 1.194228402316467, 7.0301666046412645, 9.988469664685574, 3.725032542615348, 7.0302007037113325, 9.989175980700232, 1.1453681588706524, 2.886853058895817, 10.020793331572174, 3.7733768300741852, 2.887159161204471, 10.015784335701582, 1.1405092888206099, 5.661525554029208, 10.02371274527982, 3.779110379336369, 5.661570357236752, 10.022121424992761, 2.4614754038922717, 4.344615302508729, 11.067769720444872, 2.473755034524814, 3.0636738088543627, 12.397322078044738, 2.459368978690445, 5.485641136194863, 12.320509989402478, 2.473409338774751, 3.6049773491204764, 13.211634962048894]]},
 "stress": {"__ndarray__": [[6], "float64", [-0.007825259779249426, 0.016917944100610857, -0.0002602565189047602, 0.00014570360531377443, 1.2462483686742362e-05, -1.2350111556439957e-05]]},
 "unique_id": "f08be04d46e8cc92062f18733bde569e",
 "user": "jiuy97"},
"ids": [1],
"nextid": 2}
