{"1": {
 "calculator": "vasp",
 "calculator_parameters": {"amix": 0.1, "amix_mag": 0.1, "bmix": 1e-05, "bmix_mag": 1e-05, "encut": 600, "sigma": 0.05, "ediff": 1e-05, "ediffg": -0.02, "algo": "Normal", "gga": "PE", "prec": "Normal", "ibrion": 2, "isif": 3, "ismear": 0, "ispin": 2, "kpar": 22, "ldautype": 2, "lmaxmix": 4, "lorbit": 11, "nelm": 250, "nsw": 199, "inimix": 0, "laechg": true, "lasph": true, "ldau": true, "lvtot": false, "lreal": "Auto", "ldau_luj": {"Mn": {"L": 2, "U": 2.75, "J": 0.0}, "O": {"L": -1, "U": 0.0, "J": 0.0}, "H": {"L": -1, "U": 0.0, "J": 0.0}}, "pp": "pbe", "txt": "-", "kpts": [5, 4, 2], "gamma": true, "reciprocal": false, "ignore_constraints": false, "custom": {}},
 "cell": {"array": {"__ndarray__": [[3, 3], "float64", [5.429024726449894, 0.1204723349576994, 0.1071434568546721, -0.1422485833187382, 5.7773888989278985, 0.1407920839735388, -3.5004631778817843, -5.78014016714523, 9.213902567300165]]}, "__ase_objtype__": "cell"},
 "ctime": 26.348453104065072,
 "dipole": {"__ndarray__": [[1, 3], "float64", [0.0, 0.0, 0.0]]},
 "energy": -181.53000437,
 "forces": {"__ndarray__": [[27, 3], "float64", [0.00651584, -0.00062754, -6.189e-05, 0.00168735, 0.00348119, -0.00363754, 0.00192945, -0.00593371, 0.00609447, -0.00577639, 0.0012111, 0.00195929, 0.0016727, -0.00481538, -0.00538522, -8.8e-07, -0.00298734, 0.00427396, -8.316e-05, -0.00943937, 0.00584152, -0.00652702, -0.00346506, -0.00078201, 0.0026674, 0.00959161, 0.00158132, 0.01313839, 0.00599628, 0.00185557, -0.00069526, 0.00830917, -0.00299374, 0.00248784, -0.003233, -0.00643319, -0.00773491, -0.00477934, 0.00827079, -0.0123141, 0.00400644, 0.00066559, 0.00282226, 0.00718384, 0.00587706, -0.00217935, 0.00276219, -0.0004798, 0.00666443, 0.00546372, 0.00296507, 0.006771, 0.00539574, 0.00163471, 0.00331399, 0.00446689, 0.0019321, 0.00210983, -0.00786668, -0.00300851, -0.00983032, 0.00502616, -0.00422991, -0.00662237, -0.00314964, -0.00213967, -0.00835414, -0.00793286, 0.00194361, -0.000589, -0.0016077, -9.07e-05, 0.00717255, 0.00346782, -0.01220589, -0.00651748, 0.00127, -0.00457704, 0.00827139, -0.0117945, 0.00113003]]},
 "free_energy": -181.53000437,
 "initial_magmoms": {"__ndarray__": [[27], "float64", [2.991, -2.915, 2.945, 2.991, -2.915, 3.06, 3.061, -0.023, 0.012, -0.005, -0.046, -0.022, 0.012, -0.004, -0.046, -0.017, -0.018, -0.017, -0.066, -0.018, -0.018, -0.016, -0.066, 0.001, 0.001, 0.005, 0.005]]},
 "magmom": 9.0000003,
 "magmoms": {"__ndarray__": [[27], "float64", [2.991, -2.917, 2.937, 2.991, -2.916, 3.064, 3.054, -0.024, 0.013, -0.001, -0.041, -0.023, 0.012, -0.001, -0.042, -0.018, -0.018, -0.015, -0.067, -0.017, -0.018, -0.015, -0.067, 0.001, 0.001, 0.005, 0.005]]},
 "mtime": 26.348453104065072,
 "numbers": {"__ndarray__": [[27], "int64", [25, 25, 25, 25, 25, 25, 25, 8, 8, 8, 8, 8, 8, 8, 8, 8, 8, 8, 8, 8, 8, 8, 8, 1, 1, 1, 1]]},
 "pbc": {"__ndarray__": [[3], "bool", [true, true, true]]},
 "positions": {"__ndarray__": [[27, 3], "float64", [2.413968492532822, 0.03989241538139026, 0.8273222628306799, 2.3042930049585597, 2.9430592856402007, 1.0400899005874717, 1.5151472288094356, -1.3252332233910722, 3.1817523872756066, 0.61582078488847, -2.690468809416272, 5.5374862607108115, 0.5823612464432137, 0.18311622395112184, 5.466032807856225, -0.2351603637175086, -4.215129176653776, 7.788918187262106, -0.305784886508131, -1.326139187534261, 7.859294896074616, 1.9740073527057986, 0.19640843083692014, 4.241526609801189, 3.14590563242235, 1.4277949192473407, 1.9893240824078375, 2.888568481261346, 4.421979463184941, 2.13235036623393, 2.2574373465662054, -2.499981485960607, 4.54019927668105, 0.9124592942539579, 2.931653208920596, 2.2650944756144957, -0.262099123448445, 1.6981108246168812, 4.519521934906789, -0.0007181858052838946, -1.2956459227872137, 4.373158917566353, 0.7705294312567121, -0.15239857673020235, 1.8239014652406438, 0.3167539652283253, -2.7815956820083927, 8.95282290324568, 1.1808049676895949, -1.242262430448173, 6.635389162336712, 1.1140968249638403, 1.6156738866278733, 6.689403963045102, 0.26559657971269585, 0.10563006477910394, 9.014315237886816, -0.9300556513889281, 0.1282064749830672, 6.767530656177664, -1.792667447558704, -1.411373103514497, 9.084028571095404, -1.727208882634269, -4.269280897741409, 9.031320144889124, -0.8788567360794387, -2.758022188194407, 6.705773402458308, 2.7731827340806716, 1.1976724459324157, 2.886329172707349, 0.1065416352853724, 1.9272196774405517, 3.621492358441725, 0.39730742359332444, 0.717413147958003, 2.0832722695881123, 2.4878638929594574, 2.407203643217863, 4.423178152225942]]},
 "stress": {"__ndarray__": [[6], "float64", [-0.00023280529447106512, -0.0005230231293610947, -0.000439838293014243, 0.00018863930235674554, 3.826910791482197e-05, 3.013655259548773e-05]]},
 "unique_id": "75a7ee4e63b115cf9ab7fae65ee63aa6",
 "user": "jiuy97"},
"ids": [1],
"nextid": 2}
