{"1": {
 "calculator": "vasp",
 "calculator_parameters": {"amix": 0.1, "amix_mag": 0.1, "bmix": 1e-05, "bmix_mag": 1e-05, "encut": 600, "sigma": 0.05, "ediff": 1e-05, "ediffg": -0.02, "algo": "normal", "gga": "PE", "prec": "Normal", "ibrion": 2, "isif": 3, "ismear": 0, "ispin": 2, "istart": 1, "kpar": 10, "ldauprint": 2, "ldautype": 2, "lmaxmix": 6, "lorbit": 11, "nelm": 250, "npar": 6, "nsw": 99, "nupdown": 0, "inimix": 0, "laechg": true, "lasph": true, "ldau": true, "lvtot": false, "lreal": false, "ldau_luj": {"Ti": {"L": 2, "U": 3.0, "J": 0.0}, "V": {"L": 2, "U": 3.25, "J": 0.0}, "Cr": {"L": 2, "U": 3.5, "J": 0.0}, "Mn": {"L": 2, "U": 2.75, "J": 0.0}, "Fe": {"L": 2, "U": 4.3, "J": 0.0}, "Co": {"L": 2, "U": 3.32, "J": 0.0}, "Ni": {"L": 2, "U": 6.45, "J": 0.0}, "Cu": {"L": 2, "U": 3.0, "J": 0.0}, "Mo": {"L": 2, "U": 4.38, "J": 0.0}, "W": {"L": -1, "U": 0.0, "J": 0.0}, "Ce": {"L": 3, "U": 4.5, "J": 0.0}, "O": {"L": -1, "U": 0.0, "J": 0.0}, "C": {"L": -1, "U": 0.0, "J": 0.0}, "Au": {"L": -1, "U": 0.0, "J": 0.0}, "Ir": {"L": -1, "U": 0.0, "J": 0.0}, "H": {"L": -1, "U": 0.0, "J": 0.0}}, "xc": "PBE", "pp": "PBE", "setups": {"base": "minimal"}, "txt": "-", "kpts": [9, 5, 5], "gamma": true, "reciprocal": false, "ignore_constraints": false},
 "cell": [[5.805149521761753, 0.0002438761518526, 4.12169804652e-05], [0.000384457961889, 9.882087055524531, -0.0702066822785009], [-1.65118471354e-05, -0.0623836307259716, 9.98810461363914]],
 "ctime": 21.464069051314993,
 "dipole": [[0.0, 0.0, 0.0]],
 "energy": -359.77896406,
 "forces": [[0.002961, -0.008151, 0.012208], [-0.001488, -0.002203, 0.010345], [0.003034, -0.006069, 0.00708], [0.001066, 0.009656, -9.9e-05], [-0.00035, -0.003753, -0.016805], [-0.001339, -0.00092, -0.003528], [-0.00491, -0.014619, -0.001566], [-0.000273, 0.002589, -0.003282], [0.003069, 0.002801, -0.003112], [-0.00296, 0.00023, 0.010392], [-0.004093, -0.0022, 0.012017], [-6.9e-05, 0.002862, 0.000549], [0.003436, -0.004421, -0.012491], [-0.000876, 0.000963, 7.8e-05], [0.004706, -0.006437, -0.004437], [-0.002668, 0.013694, -0.002231], [-0.003949, -0.003675, -0.012987], [-0.001764, -0.005633, 0.002666], [0.000315, 0.000432, 0.013878], [5.2e-05, -0.00557, -0.005239], [0.001196, 1.3e-05, -0.001346], [-0.00082, 0.003474, 0.005381], [-0.00119, 0.012416, 0.01127], [-0.000569, 0.00447, -0.007187], [-0.005681, -0.013936, -0.0104], [0.000606, 0.000155, 0.005859], [-0.002163, 0.002236, 0.008149], [0.004835, -0.006829, -0.013505], [0.002205, 0.008918, -0.002172], [-0.000927, -0.002794, 0.005864], [-0.000839, 0.00732, -0.00844], [-0.001639, -0.000128, -0.004721], [0.003909, 0.001608, -0.010311], [0.001294, -0.000258, 0.003943], [0.004093, 0.011111, 0.007383], [-0.002105, -0.008917, 0.005956], [0.002027, 0.012812, -0.009258], [-0.007014, 0.000894, 0.00151], [0.00354, 0.012854, 0.010862], [-0.000584, -0.002063, -0.013249], [0.007892, -0.010569, -0.010967], [-0.001438, -0.005941, 0.005473], [0.001069, 0.001863, 0.014882], [-0.003319, -0.004633, -0.000227], [0.000497, -0.004197, 0.00373], [0.000764, 0.003958, 0.006918], [0.003524, 0.008546, -0.001785], [0.000643, -0.005003, -0.002928], [-0.00065, 0.008936, 0.004164], [-0.003056, -0.00589, -0.008283]],
 "initial_magmoms": [-2.967, -2.905, -2.906, 2.918, 2.908, 3.694, 2.906, -2.908, -3.693, -2.909, -2.907, 2.91, 2.904, 2.97, 2.907, -2.916, -0.005, 0.004, -0.009, 0.016, -0.0, 0.025, -0.004, 0.009, 0.008, -0.021, 0.04, -0.019, 0.068, -0.025, 0.006, -0.011, -0.008, 0.022, -0.04, 0.018, -0.068, 0.025, -0.007, 0.011, 0.005, -0.005, 0.008, -0.017, -0.001, -0.024, 0.004, -0.01, 0.001, -0.001],
 "magmom": 1.7e-06,
 "magmoms": [-2.965, -2.903, -2.906, 2.916, 2.907, 3.693, 2.906, -2.908, -3.693, -2.907, -2.906, 2.908, 2.903, 2.967, 2.906, -2.916, -0.005, 0.005, -0.008, 0.016, 0.0, 0.025, -0.004, 0.01, 0.008, -0.022, 0.041, -0.019, 0.068, -0.025, 0.006, -0.01, -0.007, 0.022, -0.04, 0.019, -0.068, 0.025, -0.007, 0.01, 0.005, -0.005, 0.008, -0.017, -0.001, -0.025, 0.004, -0.01, 0.001, -0.001],
 "mtime": 21.464069051314993,
 "numbers": [25, 25, 25, 25, 25, 25, 25, 25, 25, 25, 25, 25, 25, 25, 25, 25, 8, 8, 8, 8, 8, 8, 8, 8, 8, 8, 8, 8, 8, 8, 8, 8, 8, 8, 8, 8, 8, 8, 8, 8, 8, 8, 8, 8, 8, 8, 8, 8, 1, 1],
 "pbc": [true, true, true],
 "positions": [[5.803360345898171, 1.6214923115042739, 3.478338421447343], [5.7784727454515386, 8.177172336060014, 6.425918025474706], [0.0040293906709834735, 6.427108259876211, 1.6710621204624427], [1.4470996883966714, 8.36420283591798, 3.291079352197395], [1.4228262793605053, 3.276177153144777, 1.4745614233852602], [1.4505041944875345, 6.468088480343986, 8.494979038442402], [1.4562202012708423, 1.4257626472560312, 6.70995717484778], [5.801228907813824, 3.3734162769789515, 8.320743827544549], [2.9028614745124663, 1.5662976806861362, 3.5438939321939236], [2.930688607646888, 8.179548705977123, 6.424033240684295], [2.8973286846592896, 6.40496660275017, 1.674264118172163], [4.357216398480236, 8.3539472272204, 3.283938489784892], [4.38026613496811, 3.2738408268115218, 1.476507497818663], [4.355111618704079, 6.52395811135202, 8.430122177767563], [4.349041308467313, 1.4476404886272638, 6.706706423137608], [2.9063134664508095, 3.3833653445079452, 8.327495283662783], [5.7740075835193805, 5.259359326365645, 8.346818056403906], [5.802399439099127, 4.4867101097367605, 1.6219154208933653], [0.00017257361058553868, 1.4740029375487753, 7.971978499417227], [5.803606361591694, 1.5777603859883376, 5.440144242465854], [0.0003342598549032731, 1.9849645225400885, 1.5337621354844382], [1.4537183320112919, 2.876881003830813, 3.348412523352141], [1.4385822071308072, 3.285751244413832, 9.559858145136213], [1.457240083692717, 3.329532264316541, 7.063188851536904], [1.419354043024295, 0.3589215849819923, 3.393551100512133], [1.4495409040384264, 9.379487835413867, 6.566853012084283], [1.4517620723586098, 6.448555799327196, 2.989518908928211], [1.4498248344888405, 6.5319375939381175, 0.5180733081493463], [1.454088213927992, 6.860108327364811, 6.263090097618081], [0.0031336607811566766, 7.776527330509517, 8.297893026454076], [5.792031596444408, 8.232622250095332, 4.524989735622935], [0.00575326399302868, 8.307959310523248, 2.0214410533938425], [2.9341705429931304, 5.260006621976968, 8.352227459850031], [2.9038333004155814, 4.476694175773601, 1.6117052488704182], [2.901463054208842, 1.4666156427966535, 8.025279637438281], [2.903370111474113, 1.5566414800199222, 5.5530762064130395], [2.899541452844081, 1.9573888020184556, 1.3182733439803112], [4.351331392034524, 2.8757676511427452, 3.349343839917279], [4.366034120514243, 3.254292251165033, 9.56154756925219], [4.347711364299983, 3.3273261241167886, 7.059005975575578], [4.384125407146086, 0.35783020621097134, 3.387580542362706], [4.356450200054223, 9.389538663474967, 6.577254215862347], [4.352974413099348, 6.45536557689888, 2.9359181752582995], [4.354996859874624, 6.5520590419091445, 0.4039808765992996], [4.353125996180701, 6.887953363392396, 6.482739877848826], [2.8991872981279427, 7.777622470210929, 8.297158422233498], [2.9148814889394625, 8.263613075277707, 4.523119156010053], [2.896061413151319, 8.311098239549974, 2.025859484234863], [1.451777408203293, 6.33874580424639, 5.429985354318235], [2.9036165524619824, 1.4352023639060973, 0.4861967764806106]],
 "stress": [-0.0008133185711755956, -0.0007614578718486316, -0.000632321048034107, 0.00013254468779725688, -1.3313138965508989e-05, 6.30017931166656e-05],
 "unique_id": "ee2a9ae812c258d53e1d950203e12159",
 "user": "ezc"},
"ids": [1],
"nextid": 2}
