{"1": {
 "calculator": "vasp",
 "calculator_parameters": {"amix": 0.1, "amix_mag": 0.1, "bmix": 1e-05, "bmix_mag": 1e-05, "encut": 600, "sigma": 0.05, "ediff": 1e-05, "ediffg": -0.02, "algo": "normal", "gga": "PE", "prec": "Normal", "ibrion": 2, "isif": 3, "ismear": 0, "ispin": 2, "istart": 1, "kpar": 10, "ldauprint": 2, "ldautype": 2, "lmaxmix": 6, "lorbit": 11, "nelm": 250, "npar": 6, "nsw": 99, "nupdown": 0, "inimix": 0, "laechg": true, "lasph": true, "ldau": true, "lvtot": false, "lreal": false, "ldau_luj": {"Ti": {"L": 2, "U": 3.0, "J": 0.0}, "V": {"L": 2, "U": 3.25, "J": 0.0}, "Cr": {"L": 2, "U": 3.5, "J": 0.0}, "Mn": {"L": 2, "U": 2.75, "J": 0.0}, "Fe": {"L": 2, "U": 4.3, "J": 0.0}, "Co": {"L": 2, "U": 3.32, "J": 0.0}, "Ni": {"L": 2, "U": 6.45, "J": 0.0}, "Cu": {"L": 2, "U": 3.0, "J": 0.0}, "Mo": {"L": 2, "U": 4.38, "J": 0.0}, "W": {"L": -1, "U": 0.0, "J": 0.0}, "Ce": {"L": 3, "U": 4.5, "J": 0.0}, "O": {"L": -1, "U": 0.0, "J": 0.0}, "C": {"L": -1, "U": 0.0, "J": 0.0}, "Au": {"L": -1, "U": 0.0, "J": 0.0}, "Ir": {"L": -1, "U": 0.0, "J": 0.0}, "H": {"L": -1, "U": 0.0, "J": 0.0}}, "xc": "PBE", "pp": "PBE", "setups": {"base": "minimal"}, "txt": "-", "kpts": [9, 11, 6], "gamma": true, "reciprocal": false, "ignore_constraints": false},
 "cell": [[5.847269523260093, 0.0247885671748896, -0.0394515427799545], [0.0200237073597195, 4.687190735532178, -0.0787706153723829], [-0.0616639970996294, -0.1650190474722606, 8.775813127817889]],
 "ctime": 21.544905206419756,
 "dipole": [[0.0, 0.0, 0.0]],
 "energy": -183.63119102,
 "forces": [[0.005418, 0.000824, -0.005099], [0.007988, 0.000733, -0.002741], [0.010902, 0.001407, 0.00306], [-0.002735, 0.000603, -0.000209], [-0.008227, 0.004985, -0.002076], [-0.006352, -0.002089, 0.001009], [-0.005617, 0.000363, -0.001573], [-0.006959, -0.00438, -0.001215], [-0.004263, 0.001977, -9.8e-05], [0.006416, -0.00102, 0.003262], [0.004283, 0.000506, -0.000825], [-0.002669, 0.001153, 0.006397], [0.000922, 0.005198, -0.002015], [0.002724, -0.004184, 0.002923], [0.003506, 0.001594, -0.006141], [0.002086, -0.009635, 0.002182], [0.003952, 0.003288, -0.003203], [-0.004205, -0.002288, 0.000332], [-0.002914, -0.003543, 0.00109], [0.007739, 0.00841, -0.00529], [0.002257, 0.002655, -0.001652], [-0.007215, -0.000791, 0.005619], [-0.008544, -0.006107, -0.004005], [-0.002005, -0.000394, 0.00809], [-0.000163, -0.001114, 0.00138], [0.003675, 0.001848, 0.000797]],
 "initial_magmoms": [2.828, -2.942, 3.65, -2.939, 2.851, -3.356, 2.817, -3.119, 0.014, 0.011, -0.002, 0.004, 0.017, 0.01, -0.009, 0.006, 0.026, 0.035, -0.002, -0.003, 0.025, 0.031, 0.029, 0.007, -0.003, -0.002],
 "magmom": 4.8e-06,
 "magmoms": [2.857, -2.899, 3.655, -2.903, 2.883, -3.623, 2.842, -2.852, 0.007, 0.008, -0.003, -0.001, 0.011, 0.005, -0.006, -0.001, 0.022, 0.031, -0.004, -0.032, 0.017, 0.019, -0.03, 0.004, -0.002, -0.002],
 "mtime": 21.544905206419756,
 "numbers": [25, 25, 25, 25, 25, 25, 25, 25, 8, 8, 8, 8, 8, 8, 8, 8, 8, 8, 8, 8, 8, 8, 8, 8, 1, 1],
 "pbc": [true, true, true],
 "positions": [[-0.007040802186420042, 4.6102950005707015, -0.032172127586660486], [1.5006569587251175, 2.261470625671095, 2.127819566299666], [2.8305448117637777, -0.1434126786160476, 8.728375179031657], [4.318351193786845, 2.2709037509283645, 2.1070522057217764], [0.021476330331981493, 4.515203791195014, 4.322058748167334], [1.477660244605247, 2.251426036093856, 6.45232795028785], [2.9531679229373267, 4.577039878939532, 4.264863758780855], [4.3099595552272305, 2.2720361553846002, 6.452028083411374], [1.4671200719306405, 3.773173818364162, 3.3246162768145973], [1.4065198947138657, 0.7704796001915896, 0.9749987542330617], [5.8314226957118, 3.049518560840602, 1.0850844134969533], [-0.0036527097875027163, 1.5123986196727266, 3.2554320059059214], [4.407576215742935, 3.8105537329297534, 3.2787504586377816], [4.379353043883535, 0.7577633943623049, 0.9610293721953268], [2.9043756965007277, 3.0009086031451035, 1.198723846013234], [2.916820177463299, 1.4530427429066188, 3.105551199719892], [1.360569844798118, 3.7433850407606366, 7.759487357391248], [1.4425260408672642, 0.639302956965015, 5.280263710583486], [-0.023437308062681076, 2.960535479003744, 5.436496663127196], [5.715451648485686, 1.430494208323629, 7.626631783306617], [4.3646229474897495, 3.716816815637484, 7.696616720930447], [4.402545710729483, 0.7137621006734503, 5.2682985850715], [2.9983774433255745, 3.128731274842032, 5.445771721836712], [2.9126094716169115, 1.49857184120914, 7.355251979440626], [-0.015961360028195443, 2.1115644719278848, 4.093512965051133], [5.731165903923116, 2.0429621097016115, 8.436233539545162]],
 "stress": [-9.211219167978512e-05, -0.00020636925773820407, -0.00021763518171042336, 2.8211621248992325e-05, -2.06157046427924e-05, 3.371663229802136e-05],
 "unique_id": "1af321903699dd6ac3dd4431a3543229",
 "user": "ezc"},
"ids": [1],
"nextid": 2}
