{"1": {
 "calculator": "vasp",
 "calculator_parameters": {"amix": 0.1, "amix_mag": 0.1, "bmix": 1e-05, "bmix_mag": 1e-05, "encut": 600, "sigma": 0.05, "ediff": 1e-05, "ediffg": -0.02, "algo": "normal", "gga": "PE", "prec": "Normal", "ibrion": 2, "isif": 3, "ismear": 0, "ispin": 2, "istart": 1, "kpar": 10, "ldauprint": 2, "ldautype": 2, "lmaxmix": 6, "lorbit": 11, "nelm": 250, "npar": 6, "nsw": 99, "nupdown": 0, "inimix": 0, "laechg": true, "lasph": true, "ldau": true, "lvtot": false, "lreal": false, "ldau_luj": {"Ti": {"L": 2, "U": 3.0, "J": 0.0}, "V": {"L": 2, "U": 3.25, "J": 0.0}, "Cr": {"L": 2, "U": 3.5, "J": 0.0}, "Mn": {"L": 2, "U": 2.75, "J": 0.0}, "Fe": {"L": 2, "U": 4.3, "J": 0.0}, "Co": {"L": 2, "U": 3.32, "J": 0.0}, "Ni": {"L": 2, "U": 6.45, "J": 0.0}, "Cu": {"L": 2, "U": 3.0, "J": 0.0}, "Mo": {"L": 2, "U": 4.38, "J": 0.0}, "W": {"L": -1, "U": 0.0, "J": 0.0}, "Ce": {"L": 3, "U": 4.5, "J": 0.0}, "O": {"L": -1, "U": 0.0, "J": 0.0}, "C": {"L": -1, "U": 0.0, "J": 0.0}, "Au": {"L": -1, "U": 0.0, "J": 0.0}, "Ir": {"L": -1, "U": 0.0, "J": 0.0}, "H": {"L": -1, "U": 0.0, "J": 0.0}}, "xc": "PBE", "pp": "PBE", "setups": {"base": "minimal"}, "txt": "-", "kpts": [9, 10, 8], "gamma": true, "reciprocal": false, "ignore_constraints": false},
 "cell": [[5.8636396943788345, -0.0059674131004823, -0.2944267099083214], [0.0073783611657597, 5.143042256373881, 0.006409920685898], [-2.6693012723479805, 0.0001786972410868, 6.087044780476492]],
 "ctime": 22.217394510838503,
 "dipole": [[0.0, 0.0, 0.0]],
 "energy": -121.82610765,
 "forces": [[0.000662, 0.003734, -0.004811], [-0.000951, -0.007888, 0.001318], [-0.003317, 0.005621, 0.003828], [3.4e-05, 0.000196, 0.001122], [0.010019, -0.011313, 0.004685], [-0.005567, -0.000792, -0.015511], [-0.006547, 0.010143, -5.2e-05], [0.004515, 0.005577, 0.013377], [0.01586, -0.010627, 0.005455], [-0.004981, 0.004491, -0.018018], [-0.012582, 0.007768, -0.006875], [0.006121, -0.002803, 0.01111], [0.00655, 0.00997, -0.001447], [-0.008611, 0.006571, 0.006691], [-0.00243, -0.014501, -0.000549], [0.00689, -0.005476, -0.004906], [-0.004216, -0.015796, 0.004121], [-0.010762, 0.002063, 0.00697], [-0.001466, 0.012949, -0.001048], [0.010779, 0.000113, -0.005459]],
 "initial_magmoms": [-4.642, 4.642, -4.642, 4.642, -0.016, 0.017, -0.016, 0.016, -0.017, 0.017, -0.017, 0.016, -0.001, 0.001, -0.001, 0.001, -0.001, 0.001, -0.001, 0.001],
 "magmom": -6e-07,
 "magmoms": [-4.597, 4.598, -4.597, 4.598, -0.019, 0.019, -0.019, 0.019, -0.019, 0.019, -0.019, 0.019, -0.001, 0.001, -0.001, 0.001, -0.001, 0.001, -0.001, 0.001],
 "mtime": 22.217394510838503,
 "numbers": [25, 25, 25, 25, 8, 8, 8, 8, 8, 8, 8, 8, 1, 1, 1, 1, 1, 1, 1, 1],
 "pbc": [true, true, true],
 "positions": [[3.760940840385447, 2.6151630453662857, 1.372284192550534], [0.8269262195296103, 0.05648207736073971, 1.5112669080976067], [-0.49703088166839227, 2.6122797959726314, 4.553307271713324], [2.430114392197568, 0.04197266588749926, 4.404107791956308], [1.8681260401587334, 1.80415028902203, 0.6222602825843382], [2.7265203061183243, 4.371291873046335, 2.2653973462946593], [1.3907220987644031, 3.435587450171895, 5.3037056154090925], [0.534604964177088, 0.8600899744061329, 3.6620817118917715], [3.46871372578712, 1.796946744661805, 3.5159432887915467], [-1.539161175720783, 4.366587287381255, 5.460339573027927], [-0.20814030087887875, 3.4424295912991045, 2.4111191178120532], [4.798341735536913, 0.8656381950496574, 0.46848861104855194], [1.2249037810524428, 2.540056366299141, 0.6602940745621895], [3.3811042061383003, 5.0954284410112205, 2.204363134230459], [2.0405110501644055, 2.705838179937147, 5.263236848494437], [-0.11172604729379176, 0.12775181491805332, 3.713543314109565], [0.449703277309935, 2.7220949594260975, 2.344603109154714], [-0.8824970451033309, 5.089272023683946, 5.402660019739022], [2.8202582842516435, 2.526100982335889, 3.5788716391844213], [4.149470394651114, 0.13502933134885908, 0.5153685504170035]],
 "stress": [-7.846825273060432e-05, -0.00012992949547351178, -0.0006867594906300607, 6.58791288236978e-05, 0.0004053048781074812, 0.0001863340134441188],
 "unique_id": "58ccf65af1d9b76d65e368c4eb163ed7",
 "user": "ezc"},
"ids": [1],
"nextid": 2}
