{"1": {
 "calculator": "vasp",
 "calculator_parameters": {"amix": 0.1, "amix_mag": 0.1, "bmix": 1e-05, "bmix_mag": 1e-05, "encut": 600, "sigma": 0.05, "ediff": 1e-05, "ediffg": -0.02, "algo": "Normal", "gga": "PE", "prec": "Normal", "ibrion": 2, "isif": 3, "ismear": 0, "ispin": 2, "kpar": 8, "ldauprint": 2, "ldautype": 2, "lmaxmix": 4, "lorbit": 11, "nelm": 250, "nsw": 199, "inimix": 0, "laechg": true, "lasph": true, "ldau": true, "lvtot": false, "lreal": "Auto", "ldau_luj": {"Mn": {"L": 2, "U": 2.75, "J": 0.0}, "O": {"L": -1, "U": 0.0, "J": 0.0}, "H": {"L": -1, "U": 0.0, "J": 0.0}}, "pp": "pbe", "txt": "-", "kpts": [2, 9, 6], "gamma": true, "reciprocal": false, "ignore_constraints": false, "custom": {}},
 "cell": {"array": {"__ndarray__": [[3, 3], "float64", [14.367844499557286, 0.0402727099871076, 0.1904008305937261, 0.0081050361889657, 2.902639841816236, 0.0063252610969212, -0.0855098509867722, 0.0100287552991736, 5.180349573009258]]}, "__ase_objtype__": "cell"},
 "ctime": 26.346679469922073,
 "dipole": {"__ndarray__": [[1, 3], "float64", [0.0, 0.0, 0.0]]},
 "energy": -136.85480673,
 "forces": {"__ndarray__": [[20, 3], "float64", [-0.01494332, 0.00064905, -0.04674413, 0.03571973, -0.00526271, -0.0351338, -0.02854317, -0.00163924, 0.03032168, -0.01494332, 0.00064905, -0.04674413, 0.03571973, -0.00526271, -0.0351338, -0.02854317, -0.00163924, 0.03032168, 0.0304124, -0.00957418, -0.03596679, -0.01254329, -0.00843072, 0.04481492, 0.03811752, 0.00916145, 0.03801715, -0.05384401, -0.01967931, -0.00340965, -0.00396075, -0.00811856, -0.06904261, 0.0374855, -0.00271278, 0.07431254, 0.0304124, -0.00957418, -0.03596679, -0.01254329, -0.00843072, 0.04481492, 0.03811752, 0.00916145, 0.03801715, -0.05384401, -0.01967931, -0.00340965, -0.00396075, -0.00811856, -0.06904261, 0.0374855, -0.00271278, 0.07431254, -0.02790062, 0.04560701, 0.00283069, -0.02790062, 0.04560701, 0.00283069]]},
 "free_energy": -136.85480673,
 "initial_magmoms": {"__ndarray__": [[20], "float64", [2.987, 2.986, -2.859, 2.987, 2.986, -2.859, -0.001, -0.001, 0.03, 0.03, -0.105, -0.105, -0.001, -0.001, 0.03, 0.03, -0.105, -0.105, -2.859, -2.859]]},
 "magmom": 5.9999358,
 "magmoms": {"__ndarray__": [[20], "float64", [3.738, 2.971, -3.706, 3.738, 2.971, -3.706, -0.001, 0.039, -0.019, -0.062, 0.023, -0.057, -0.001, 0.039, -0.019, -0.062, 0.023, -0.057, 0.007, 0.007]]},
 "mtime": 26.346679469922073,
 "numbers": {"__ndarray__": [[20], "int64", [25, 25, 25, 25, 25, 25, 8, 8, 8, 8, 8, 8, 8, 8, 8, 8, 8, 8, 30, 30]]},
 "pbc": {"__ndarray__": [[3], "bool", [true, true, true]]},
 "positions": {"__ndarray__": [[20, 3], "float64", [5.075115720245999, 0.013732684133623574, 2.4730789515343763, 2.2353261601595777, 1.4634909081549428, 2.859732739327145, 7.358946565218643, 1.4801406888947732, 0.051275162318813586, 12.263093655109802, 1.4851907773991224, 2.5714460005329216, 9.41519884874552, 0.032305534994635336, 2.951763046121554, 0.1709686303548393, 0.008682595629274599, -0.047091886679731444, 1.0158491958851128, 1.467895587392468, 4.279400466548151, 6.269022848015188, 0.031736277589498464, 0.7631965463016405, 1.5024575944340668, 0.015231603037724185, 1.9243934752941902, 5.712839129805276, 1.4677628654828454, 3.5677804242876086, 3.25294036379529, 0.0048308565323725424, 3.825855181205056, 3.9502929716112924, 1.4664899380182432, 1.6640219974723658, 8.195721884471057, 0.03671021423216133, 4.371430773342597, 13.45700058284595, 1.5031943475623561, 0.861552122040783, 8.690425130839861, 1.4866896671300731, 2.0227603731060304, 12.892712018424161, 0.036577515615178594, 3.659822204341455, 10.440918298659096, 1.476288949797871, 3.9242222302036383, 11.130155261739231, 0.03530453568478583, 1.7560521530801425, 11.444184200229321, 2.8810895482140295, 5.069093833573466, 4.2562062653655195, 1.409631454948532, 4.9707267845749215]]},
 "stress": {"__ndarray__": [[6], "float64", [-6.391712915450376e-05, -7.210661952008431e-05, 0.0004268311877241943, 0.00017793915246226016, -0.0006389992381044735, 8.927071968419027e-05]]},
 "unique_id": "8d67326e2693f2a8c06568da2c3a84d8",
 "user": "jiuy97"},
"ids": [1],
"nextid": 2}
