{"1": {
 "calculator": "vasp",
 "calculator_parameters": {"amix": 0.1, "amix_mag": 0.1, "bmix": 1e-05, "bmix_mag": 1e-05, "encut": 600, "sigma": 0.05, "ediff": 1e-05, "ediffg": -0.02, "algo": "normal", "gga": "PE", "prec": "Normal", "ibrion": 2, "isif": 3, "ismear": 0, "ispin": 2, "istart": 1, "kpar": 10, "ldauprint": 2, "ldautype": 2, "lmaxmix": 6, "lorbit": 11, "nelm": 250, "npar": 6, "nsw": 99, "nupdown": 0, "inimix": 0, "laechg": true, "lasph": true, "ldau": true, "lvtot": false, "lreal": false, "ldau_luj": {"Ti": {"L": 2, "U": 3.0, "J": 0.0}, "V": {"L": 2, "U": 3.25, "J": 0.0}, "Cr": {"L": 2, "U": 3.5, "J": 0.0}, "Mn": {"L": 2, "U": 2.75, "J": 0.0}, "Fe": {"L": 2, "U": 4.3, "J": 0.0}, "Co": {"L": 2, "U": 3.32, "J": 0.0}, "Ni": {"L": 2, "U": 6.45, "J": 0.0}, "Cu": {"L": 2, "U": 3.0, "J": 0.0}, "Mo": {"L": 2, "U": 4.38, "J": 0.0}, "W": {"L": -1, "U": 0.0, "J": 0.0}, "Ce": {"L": 3, "U": 4.5, "J": 0.0}, "O": {"L": -1, "U": 0.0, "J": 0.0}, "C": {"L": -1, "U": 0.0, "J": 0.0}, "Au": {"L": -1, "U": 0.0, "J": 0.0}, "Ir": {"L": -1, "U": 0.0, "J": 0.0}, "H": {"L": -1, "U": 0.0, "J": 0.0}}, "xc": "PBE", "pp": "PBE", "setups": {"base": "minimal"}, "txt": "-", "kpts": [5, 5, 5], "gamma": true, "reciprocal": false, "ignore_constraints": false},
 "cell": [[9.487048331103017, 0.0124007656818911, 0.0152445301131529], [0.0120256620492558, 9.588196439851751, 0.000236014082148], [0.0152953531812717, 0.0001542259863313, 9.559943552476211]],
 "ctime": 21.04036322084477,
 "dipole": [[0.0, 0.0, 0.0]],
 "energy": -613.78970007,
 "forces": [[-0.0, -0.0, 0.0], [0.0, 0.0, 0.0], [-0.0, 0.0, 0.0], [-0.0, 0.0, -0.0], [0.0, 0.0, 0.0], [-0.0, 0.0, 0.0], [-0.0, 0.0, -0.0], [0.0, 0.0, -0.0], [0.008958, -0.001633, 0.002058], [-0.004521, 0.004598, 0.004252], [-0.000115, 0.003268, 0.0029], [-0.001038, -0.001028, -0.000527], [-0.008958, 0.001633, -0.002058], [0.004521, -0.004598, -0.004252], [0.000115, -0.003268, -0.0029], [0.001038, 0.001028, 0.000527], [0.002592, 0.001026, -0.006858], [0.006212, 0.00136, 0.00767], [0.000825, -0.000881, -0.001981], [-0.006185, -0.005091, 0.00212], [-0.002592, -0.001026, 0.006858], [-0.006212, -0.00136, -0.00767], [-0.000825, 0.000881, 0.001981], [0.006185, 0.005091, -0.00212], [-7.9e-05, 0.004697, 0.005409], [0.005232, -0.007062, -0.010299], [-0.001908, -0.008066, 0.008928], [-0.007336, 0.009095, -0.015389], [7.9e-05, -0.004697, -0.005409], [-0.005232, 0.007062, 0.010299], [0.001908, 0.008066, -0.008928], [0.007336, -0.009095, 0.015389], [-0.002306, 0.002024, 0.002521], [0.004659, -0.002586, -0.00562], [-0.002584, -0.001843, 0.004568], [-0.004187, 0.006902, -0.010912], [0.002306, -0.002024, -0.002521], [-0.004659, 0.002586, 0.00562], [0.002584, 0.001843, -0.004568], [0.004187, -0.006902, 0.010912], [0.005631, 0.002003, 0.005689], [0.005115, -0.006453, -0.002846], [-0.004708, -0.0064, 0.007466], [-0.00534, 0.010978, -0.010171], [-0.005631, -0.002003, -0.005689], [-0.005115, 0.006453, 0.002846], [0.004708, 0.0064, -0.007466], [0.00534, -0.010978, 0.010171], [-0.002868, -0.00429, -0.000648], [0.002286, 0.010035, 0.001057], [0.002377, 0.00692, 0.001158], [-0.0017, -0.011958, 0.00188], [0.002868, 0.00429, 0.000648], [-0.002286, -0.010035, -0.001057], [-0.002377, -0.00692, -0.001158], [0.0017, 0.011958, -0.00188], [-0.005658, -0.005581, 0.01672], [-0.004316, 0.001073, -0.012837], [0.004504, 0.006333, 0.011], [0.002067, -0.00146, -0.013896], [0.005658, 0.005581, -0.01672], [0.004316, -0.001073, 0.012837], [-0.004504, -0.006333, -0.011], [-0.002067, 0.00146, 0.013896], [0.003829, 0.005863, 0.005388], [0.005656, -0.001812, -0.000543], [-0.006651, -0.000309, -0.001283], [-0.003877, 0.001037, 0.000421], [-0.003829, -0.005863, -0.005388], [-0.005656, 0.001812, 0.000543], [0.006651, 0.000309, 0.001283], [0.003877, -0.001037, -0.000421], [0.000151, -0.004635, -0.005342], [0.002701, 0.001802, -0.000415], [-0.007306, -0.000746, -0.004214], [-0.000635, 0.000316, -0.001437], [-0.000151, 0.004635, 0.005342], [-0.002701, -0.001802, 0.000415], [0.007306, 0.000746, 0.004214], [0.000635, -0.000316, 0.001437]],
 "initial_magmoms": [-3.796, -3.755, 3.782, 3.769, 3.832, 3.789, -3.841, -3.767, -3.818, 3.79, -3.796, 3.813, -3.818, 3.79, -3.796, 3.813, -3.772, 3.818, 3.803, -3.842, -3.772, 3.818, 3.803, -3.842, 3.792, 3.777, -3.775, -3.808, 3.792, 3.777, -3.775, -3.808, -0.039, -0.081, 0.118, 0.003, -0.039, -0.081, 0.118, 0.003, 0.032, -0.048, -0.003, 0.024, 0.032, -0.048, -0.003, 0.024, 0.063, 0.054, -0.088, -0.035, 0.063, 0.054, -0.088, -0.035, -0.003, 0.093, -0.055, -0.038, -0.003, 0.093, -0.055, -0.038, 0.059, 0.021, -0.094, 0.024, 0.059, 0.021, -0.094, 0.024, 0.001, -0.104, 0.055, 0.053, 0.001, -0.104, 0.055, 0.053],
 "magmom": -1.4e-06,
 "magmoms": [-3.796, -3.755, 3.782, 3.769, 3.832, 3.789, -3.841, -3.767, -3.817, 3.789, -3.795, 3.812, -3.817, 3.789, -3.795, 3.812, -3.771, 3.817, 3.802, -3.841, -3.771, 3.817, 3.802, -3.841, 3.791, 3.777, -3.775, -3.808, 3.791, 3.777, -3.775, -3.808, -0.039, -0.081, 0.118, 0.003, -0.039, -0.081, 0.118, 0.003, 0.032, -0.048, -0.003, 0.024, 0.032, -0.048, -0.003, 0.024, 0.062, 0.054, -0.088, -0.036, 0.062, 0.054, -0.088, -0.036, -0.003, 0.092, -0.056, -0.038, -0.003, 0.092, -0.056, -0.038, 0.059, 0.021, -0.094, 0.024, 0.059, 0.021, -0.094, 0.024, 0.0, -0.104, 0.055, 0.053, 0.0, -0.104, 0.055, 0.053],
 "mtime": 21.04036322084477,
 "numbers": [25, 25, 25, 25, 25, 25, 25, 25, 25, 25, 25, 25, 25, 25, 25, 25, 25, 25, 25, 25, 25, 25, 25, 25, 25, 25, 25, 25, 25, 25, 25, 25, 8, 8, 8, 8, 8, 8, 8, 8, 8, 8, 8, 8, 8, 8, 8, 8, 8, 8, 8, 8, 8, 8, 8, 8, 8, 8, 8, 8, 8, 8, 8, 8, 8, 8, 8, 8, 8, 8, 8, 8, 8, 8, 8, 8, 8, 8, 8, 8],
 "pbc": [true, true, true],