{"1": {
 "calculator": "vasp",
 "calculator_parameters": {"amix": 0.1, "amix_mag": 0.1, "bmix": 1e-05, "bmix_mag": 1e-05, "encut": 600, "sigma": 0.05, "ediff": 1e-06, "ediffg": -0.02, "algo": "Normal", "gga": "PE", "prec": "Normal", "ibrion": 2, "isif": 3, "ismear": 0, "ispin": 2, "ldauprint": 2, "ldautype": 2, "lmaxmix": 4, "lorbit": 11, "nelm": 250, "npar": 6, "nsw": 199, "inimix": 0, "laechg": true, "lasph": true, "ldau": true, "lvtot": false, "lreal": "Auto", "ldau_luj": {"Mn": {"L": 2, "U": 2.75, "J": 0.0}, "O": {"L": -1, "U": 0.0, "J": 0.0}, "H": {"L": -1, "U": 0.0, "J": 0.0}}, "pp": "pbe", "txt": "-", "kpts": [5, 5, 2], "gamma": true, "reciprocal": false, "ignore_constraints": false, "custom": {}},
 "cell": {"array": {"__ndarray__": [[3, 3], "float64", [5.028966226139815, 3.177104738e-07, -0.0, -2.514483387695914, 4.355212347452899, 0.0, 0.0, -0.0, 13.963719573510408]]}, "__ase_objtype__": "cell"},
 "ctime": 26.34287985225131,
 "dipole": {"__ndarray__": [[1, 3], "float64", [0.0, 0.0, 0.0]]},
 "energy": -185.6792286,
 "forces": {"__ndarray__": [[30, 3], "float64", [0.0, 0.0, 0.01406919, 0.0, 0.0, -0.01406919, 0.0, 0.0, 0.01406919, 0.0, 0.0, -0.01406919, 0.0, -0.0, 0.01406919, 0.0, 0.0, -0.01406919, 0.0, 0.0, -0.00431207, 0.0, 0.0, 0.00431207, 0.0, 0.0, -0.00431207, 0.0, 0.0, 0.00431207, 0.0, 0.0, -0.00431207, 0.0, 0.0, 0.00431207, 0.00867986, 0.01193637, -0.00513814, -0.00867986, -0.01193637, 0.00513814, -0.01467713, 0.0015488, -0.00513814, 0.01467713, -0.0015488, 0.00513814, 0.00599727, -0.01348516, -0.00513814, -0.00599727, 0.01348516, 0.00513814, 0.00867986, 0.01193637, -0.00513814, -0.00867986, -0.01193637, 0.00513814, -0.01467713, 0.0015488, -0.00513814, 0.01467713, -0.0015488, 0.00513814, 0.00599727, -0.01348516, -0.00513814, -0.00599727, 0.01348516, 0.00513814, 0.00867986, 0.01193637, -0.00513814, -0.00867986, -0.01193637, 0.00513814, -0.01467713, 0.0015488, -0.00513814, 0.01467713, -0.0015488, 0.00513814, 0.00599727, -0.01348516, -0.00513814, -0.00599727, 0.01348516, 0.00513814]]},
 "free_energy": -185.6792286,
 "initial_magmoms": {"__ndarray__": [[30], "float64", [0.023, 0.023, 0.023, 0.023, 0.023, 0.023, 2.977, 2.977, 2.977, 2.977, 2.977, 2.977, -0.022, -0.022, -0.022, -0.022, -0.022, -0.022, -0.022, -0.022, -0.022, -0.022, -0.022, -0.022, -0.022, -0.022, -0.022, -0.022, -0.022, -0.022]]},
 "magmom": 18.0000041,
 "magmoms": {"__ndarray__": [[30], "float64", [0.018, 0.018, 0.018, 0.018, 0.018, 0.018, 3.039, 3.039, 3.039, 3.039, 3.039, 3.039, -0.04, -0.04, -0.04, -0.04, -0.04, -0.04, -0.04, -0.04, -0.04, -0.04, -0.04, -0.04, -0.04, -0.04, -0.04, -0.04, -0.04, -0.04]]},
 "mtime": 26.34287985225131,
 "numbers": {"__ndarray__": [[30], "int64", [30, 30, 30, 30, 30, 30, 25, 25, 25, 25, 25, 25, 8, 8, 8, 8, 8, 8, 8, 8, 8, 8, 8, 8, 8, 8, 8, 8, 8, 8]]},
 "pbc": {"__ndarray__": [[3], "bool", [true, true, true]]},
 "positions": {"__ndarray__": [[30, 3], "float64", [0.0, 0.0, 5.116007950063874, 0.0, 0.0, 8.847711778430122, 2.514482943873665, 1.45173554673266, 9.770581192895166, 2.514482943873665, 1.45173554673266, 13.502285021261518, -1.8342137806070514e-07, 2.903470775754857, 0.4614347072324768, -1.8342137806070514e-07, 2.903470775754857, 4.193138535598821, 0.0, 0.0, 2.222800965256851, 0.0, 0.0, 11.740918763237142, 2.514482943873665, 1.45173554673266, 6.877374208088146, 2.514482943873665, 1.45173554673266, 2.431772277574547, -1.8342137806070514e-07, 2.903470775754857, 11.531947450919544, -1.8342137806070514e-07, 2.903470775754857, 7.086345520405843, 1.5306481585196008, 0.11486344868283319, 3.402570131199931, 0.983834601932029, 4.240353002638682, 10.561149597294062, 4.164170869157692, 1.2681487777908105, 3.402570131199931, -1.6496881087054052, 3.0870575446967057, 10.561149597294062, 1.848629803943009, 2.9722045425583343, 3.402570131199931, 0.6658529565086564, 1.3830119087631794, 10.561149597294062, 4.045131102393266, 1.566598995415494, 8.057143374031327, 0.9838347853540282, 1.336872098049827, 1.2520031116313663, 1.649687741862684, 2.719884006813008, 8.057143374031327, 3.37927814588461, 0.1835870866523139, 1.2520031116313663, 1.8486299873650085, 0.06872363796948074, 8.057143374031327, 3.180335900382286, 2.8347474554958407, 1.2520031116313663, 1.5306479750982587, 3.0183342244376896, 12.711716616862624, -1.5306483419416006, 2.7886174559060213, 5.906576354462665, -0.8647953854329801, 4.171629364669202, 12.711716616862624, 0.8647950185896018, 1.6353223156745107, 5.906576354462665, -0.6658531399300168, 1.5204588669917078, 12.711716616862624, 0.66585277308664, 4.2864928133520035, 5.906576354462665]]},
 "stress": {"__ndarray__": [[6], "float64", [-0.0005749325499082953, -0.0005749325499082953, 0.0002120392381149393, -0.0, -0.0, -3.033997586091852e-08]]},
 "unique_id": "03401c4abef84fafa89a86be2299959d",
 "user": "jiuy97"},
"ids": [1],
"nextid": 2}
