{"1": {
 "calculator": "vasp",
 "calculator_parameters": {"amix": 0.1, "amix_mag": 0.1, "bmix": 1e-05, "bmix_mag": 1e-05, "encut": 600, "sigma": 0.05, "ediff": 1e-05, "ediffg": -0.02, "algo": "Normal", "gga": "PE", "prec": "Normal", "ibrion": 2, "isif": 3, "ismear": 0, "ispin": 2, "kpar": 20, "ldauprint": 2, "ldautype": 2, "lmaxmix": 4, "lorbit": 11, "nelm": 250, "nsw": 199, "inimix": 0, "laechg": true, "lasph": true, "ldau": true, "lvtot": false, "lreal": "Auto", "ldau_luj": {"Mn": {"L": 2, "U": 2.75, "J": 0.0}, "O": {"L": -1, "U": 0.0, "J": 0.0}, "H": {"L": -1, "U": 0.0, "J": 0.0}}, "pp": "pbe", "txt": "-", "kpts": [3, 2, 3], "gamma": true, "reciprocal": false, "ignore_constraints": false, "custom": {}},
 "cell": {"array": {"__ndarray__": [[3, 3], "float64", [9.982816048642219, -0.0138315494297635, 0.0697676841372923, -5.003358598466767, 8.685657852844379, -0.1101789025797353, 0.0627356662135194, -0.0781332074355518, 9.410186964118491]]}, "__ase_objtype__": "cell"},
 "ctime": 26.36605527297519,
 "dipole": {"__ndarray__": [[1, 3], "float64", [0.0, 0.0, 0.0]]},
 "energy": -526.3620665,
 "forces": {"__ndarray__": [[73, 3], "float64", [-0.01032653, 0.01132313, 0.02966223, -0.00641797, 0.01935327, 0.03046331, -0.00354158, 0.00755337, 0.02381901, -0.00841621, -0.01614964, -0.02527747, -0.00239688, 0.00029093, -0.02322202, -0.00241952, -0.01126442, -0.03257818, 0.00752176, 0.00768135, 0.02512597, -0.00144732, 0.01638025, 0.03001003, 0.00794025, 0.02214323, 0.01746368, 0.00245033, -0.00306196, -0.00964515, 0.00161301, -0.0087508, -0.01417474, -0.00077694, -0.00196601, -0.02922964, -0.02704238, -0.00078587, 0.01186805, -0.01247687, 0.00941432, 0.0316992, -0.00323769, 0.01976614, 0.03458185, -0.01425724, -0.00470447, -0.02345035, -0.00342585, -0.01762859, -0.02381031, -0.0192227, -0.00680453, -0.0080985, -0.01283682, 0.01520375, 0.02894068, 0.01099628, 0.0316559, 0.03965839, -0.00431489, -0.00566936, 0.03466565, 0.0022683, -0.00751587, -0.0324992, 0.00558956, 0.02036645, -0.00922721, 0.01387828, 0.00346691, -0.01194817, -0.00821736, 0.01165462, 0.03330828, -0.01359027, 0.01345359, 0.04147673, -0.02638581, -0.0037886, 0.04711012, 0.0243876, -0.01177832, -0.01895946, -0.01065847, -0.0086284, -0.01086445, -0.01006875, 0.01351691, -0.01539118, 0.01407909, 0.01048528, 0.0334182, 0.01070609, -0.01665162, 0.01967623, -0.00236254, 0.01520197, 0.04237966, 0.00349707, -0.01509938, -0.02641865, 0.00578023, -0.01234649, -0.03628167, 0.00540325, -0.0141932, -0.01232748, -0.00368385, 0.00022866, 0.02671017, -0.01757355, -0.00246451, 0.02323997, -0.00484222, -0.00147785, 0.03300269, 0.00545379, 0.00109706, -0.01134202, -0.02687278, -0.03405399, -0.02758813, -0.01876083, -0.0063646, -0.03553938, 0.04336081, 0.00319108, 0.03036661, -0.00144415, 0.0119416, 0.02488933, 0.00101504, 0.00493574, 0.01788064, -0.00581957, -0.04299981, -0.00713232, 0.0022882, -0.00603489, -0.01529296, 0.02117563, -0.01134733, -0.05244773, 0.01766988, -0.02124869, 0.00263654, -0.02398319, 0.02239012, 0.00796821, -0.01279837, -0.0050953, 0.00817894, 0.00187563, -0.00078247, -0.01605129, -0.0097441, -0.00104184, -0.00601527, -0.00862598, 0.01983259, -0.00848812, -0.03415027, 0.00147073, -0.01709094, -0.00915102, -0.02484755, -0.00081603, 0.0037404, 0.01926603, 0.00068959, -0.01274941, -0.00794779, -0.01459575, 0.02050858, 0.01324937, 0.00443439, 0.00391261, -0.00263697, -0.00522717, 0.0186981, -0.00431335, -0.01835026, 0.00015385, -0.01592911, -0.02253684, -0.02869025, -0.00841224, -0.00177997, 0.00149446, -0.00632187, -0.00669088, 0.02527371, -0.02245707, -0.05107844, 0.00636424, -0.00169417, 0.00329664, 0.00139233, -0.00168079, -0.00808817, -0.01248839, -0.00783516, -0.00372811, -0.00962187, 0.01855251, -0.01630658, 0.02731593, 0.0129059, -0.02152014, 0.02158597, 0.01755025, -0.0083321, -0.00176404, -0.01874078, -0.02808661, 0.10721416, 0.0269927, 0.02890808]]},
 "free_energy": -526.37221549,
 "initial_magmoms": {"__ndarray__": [[73], "float64", [-0.094, -0.094, -0.069, -0.074, -0.078, -0.082, -0.079, -0.102, -0.065, -0.075, -0.071, -0.08, -0.075, -0.087, -0.076, -0.074, -0.042, -0.047, -0.073, -0.096, -0.087, -0.074, -0.032, -0.159, -0.102, -0.068, -0.132, -0.124, -0.089, -0.112, -0.086, -0.067, -0.092, -0.069, -0.1, -0.041, -0.093, -0.111, -0.095, -0.043, -0.161, -0.061, -0.03, -0.068, -0.084, -0.088, -0.047, -0.068, 3.051, 3.12, 3.107, 3.119, 3.057, 3.109, 3.031, 3.123, 3.062, 3.998, 3.059, 3.06, 3.048, 4.035, 3.049, 3.124, 3.042, 3.058, 3.058, 3.113, 3.047, 3.125, 3.104, 3.098, 0.005]]},
 "magmom": 73.0000103,
 "magmoms": {"__ndarray__": [[73], "float64", [-0.094, -0.093, -0.068, -0.073, -0.077, -0.082, -0.078, -0.102, -0.065, -0.075, -0.07, -0.079, -0.074, -0.087, -0.075, -0.074, -0.041, -0.047, -0.072, -0.095, -0.087, -0.073, -0.031, -0.159, -0.101, -0.068, -0.13, -0.123, -0.088, -0.111, -0.086, -0.066, -0.091, -0.069, -0.1, -0.041, -0.092, -0.11, -0.095, -0.043, -0.161, -0.06, -0.03, -0.068, -0.084, -0.088, -0.046, -0.068, 3.051, 3.119, 3.107, 3.118, 3.056, 3.108, 3.031, 3.123, 3.061, 3.997, 3.059, 3.059, 3.048, 4.033, 3.048, 3.123, 3.042, 3.057, 3.058, 3.112, 3.046, 3.124, 3.103, 3.097, 0.005]]},
 "mtime": 26.36605527297519,
 "numbers": {"__ndarray__": [[73], "int64", [8, 8, 8, 8, 8, 8, 8, 8, 8, 8, 8, 8, 8, 8, 8, 8, 8, 8, 8, 8, 8, 8, 8, 8, 8, 8, 8, 8, 8, 8, 8, 8, 8, 8, 8, 8, 8, 8, 8, 8, 8, 8, 8, 8, 8, 8, 8, 8, 25, 25, 25, 25, 25, 25, 25, 25, 25, 25, 25, 25, 25, 25, 25, 25, 25, 25, 25, 25, 25, 25, 25, 25, 1]]},
 "pbc": {"__ndarray__": [[3], "bool", [true, true, true]]},
 "positions": {"__ndarray__": [[73, 3],