{"1": {
 "calculator": "vasp",
 "calculator_parameters": {},
 "cell": {"array": {"__ndarray__": [[3, 3], "float64", [10.124684653, 0.018557481, -0.192853999, -5.045658709, 8.730590812, 0.118695226, -0.184788406, 0.028689162, 9.455090527]]}, "__ase_objtype__": "cell"},
 "ctime": 26.367525128840843,
 "energy": -551.20902938,
 "forces": {"__ndarray__": [[78, 3], "float64", [0.009322, 0.001774, -0.004123, -0.002603, -0.001937, 0.012739, 0.005591, 0.000635, 0.000374, 0.003002, 0.004504, 0.00221, -0.015371, -0.004752, -0.009676, 0.008353, -0.012512, -0.001467, 0.022525, -0.003679, 0.002085, 0.001655, -0.016674, 0.00839, 0.013529, -0.005504, -9e-06, 0.015333, 0.000967, -0.004763, -0.008095, -0.0074, 0.015063, 0.009772, -0.011205, -0.009776, 0.008944, 0.006301, 0.007968, 0.009874, 0.002911, 0.009732, -0.002678, 0.00304, 0.006551, -0.008833, -0.014525, -0.00507, -0.011202, 0.008874, -0.002201, -0.005666, 0.006033, -0.002484, -0.004629, -0.00428, 0.00481, -0.008967, -0.005685, 0.03392, -0.002797, 0.01162, -0.024243, -0.007923, -0.010764, -0.003879, 0.008535, -0.002377, 0.006375, -0.015188, 0.006179, -0.020649, -0.007986, -0.015275, 0.020536, -0.000796, 0.012461, 0.00635, 0.010764, 0.006651, 0.00995, -0.001495, -0.003574, 0.006585, -0.005441, 0.005341, 0.00337, -0.011412, 0.006221, 0.000296, -0.009718, 0.015537, 0.016149, 0.008352, 0.015925, 0.006533, 0.009324, 0.001422, 0.008393, -0.000695, -0.004917, -0.004427, 0.005507, -0.006581, -0.002449, 0.000174, 0.001105, 0.001039, 0.006687, -0.00093, -0.000466, 0.050747, -0.018697, 0.077866, 0.006775, -0.001755, 0.009632, -0.006817, 0.00992, 0.007476, -0.004847, -0.009, 0.009277, 0.000511, 0.000329, 0.010164, -0.000435, 0.000109, 0.008118, -0.00055, 0.010941, 0.002331, 0.010253, -0.015167, 0.004264, 0.000653, -0.00608, 0.011585, -0.000125, -0.010909, -0.000199, -0.005749, -0.009355, 0.001263, -0.007786, 0.003633, -0.014249, 9.5e-05, 0.011899, -0.011388, -0.015053, -0.01187, 0.003152, -0.016499, 0.030543, -0.01581, 0.008041, 0.002677, 0.006957, -0.012144, 0.013651, -0.016881, 0.004215, -0.000311, -0.01918, 0.00244, -0.001889, 0.001993, 0.005592, -0.01108, 0.002739, -0.022988, 0.0062, 0.013654, 0.00574, 0.009619, -0.007271, 0.03174, -0.009347, 0.019321, 0.009159, 0.013861, -0.007865, -0.012269, -0.001005, 0.008382, 0.015761, -0.012752, -0.015264, 0.015489, 0.006751, -0.010873, 0.01038, -0.008252, -0.023542, -0.003632, 0.025653, 0.013262, 0.001021, 0.012198, -0.003356, -0.006348, 0.002123, 0.005853, 0.0093, -0.004476, 0.001812, -0.039843, 0.0014, -0.022428, 0.002288, 0.002654, -0.004858, -0.003456, -0.010861, -0.012537, 0.002274, 0.001775, -0.017003, 0.012541, 0.01484, -0.026823, -0.00037, 0.011646, 0.013233, -0.001976, -0.014864, -0.001059, -0.001174, -0.012066, 0.011192, -0.068703, -0.007614, -0.106676]]},
 "free_energy": -551.20902938,
 "magmom": 72.0000005,
 "magmoms": {"__ndarray__": [[78], "float64", [-0.066, -0.07, -0.093, -0.068, -0.059, -0.107, -0.103, -0.101, -0.069, -0.059, -0.059, -0.079, -0.081, -0.056, -0.047, -0.086, 0.022, -0.066, -0.068, -0.002, -0.026, -0.08, 0.01, 0.016, -0.039, -0.088, -0.039, -0.006, -0.112, -0.024, -0.016, -0.059, -0.006, -0.061, -0.079, -0.069, -0.058, 0.043, -0.087, -0.075, -0.03, -0.054, -0.026, -0.015, -0.104, 0.014, -0.062, -0.069, 3.134, 3.118, 3.121, 3.178, 3.069, 3.117, 3.043, 3.118, 3.116, -2.608, 3.078, 3.769, 3.152, 4.406, 3.147, 3.162, 3.056, 3.773, 3.098, 3.154, 3.844, 3.196, 3.073, 3.771, 0.005, 0.006, 0.005, 0.004, 0.005, 0.011]]},
 "mtime": 26.367525128840843,
 "numbers": {"__ndarray__": [[78], "int64", [8, 8, 8, 8, 8, 8, 8, 8, 8, 8, 8, 8, 8, 8, 8, 8, 8, 8, 8, 8, 8, 8, 8, 8, 8, 8, 8, 8, 8, 8, 8, 8, 8, 8, 8, 8, 8, 8, 8, 8, 8, 8, 8, 8, 8, 8, 8, 8, 25, 25, 25, 25, 25, 25, 25, 25, 25, 25, 25, 25, 25, 25, 25, 25, 25, 25, 25, 25, 25, 25, 25, 25, 1, 1, 1, 1, 1, 1]]},
 "pbc": {"__ndarray__": [[3], "bool", [true, true, true]]},
 "positions": {"__ndarray__": [[78, 3], "float64", [-0.88374, 1.44284, 3.35169, -3.42456, 8.7119, 3.39985, 1.59077, 2.84774, 3.28902, 8.30559, 2.93463, 1.29534, -1.70465, 8.69169, 1.47785, 0.73246, 1.46785, 1.38314, -0.92752, 1.49283, 7.96663, 1.58888, 0.05131, 7.90223, 1.49116, 2.98309, 7.90749, 8.21336, 2.94933, 5.91982, 3.28109, 0.15072, 5.99501, 0.6968, 1.51257, 6.01333, -3.40089, 5.8363, 3.43182, -0.85574, 4.45467, 3.40502, -0.83953, 7.17635, 3.43546, 5.86039, 7.31383, 1.32019, 0.54714, 4.3351, 1.28115, -1.81231, 5.82895, 1.42974, -3.3751, 5.94189, 8.01135, -0.94358, 4.28234, 8.08928, -1.0623, 7.4684, 8.19376, -4.31786, 7.32837, 6.13379, 0.56507, 4.40078, 5.85806, -1.69551, 6.03252, 5.92141, 4.04285, 1.27621, 3.43621, 1.65726, 8.7206, 3.36616, 6.91457, 2.93817, 3.41304, 3.2409, 2.87056, 1.35166, 3.27321, 8.7256, 1.40336, 5.84367, 1.39483, 1.35892, 4.03022, 1.72031, 8.05223, 1.63471, 8.69406, 7.96045, 6.51367, 2.78839, 7.9953, 3.2492, 2.98597, 6.00729, 8.30002, 0.03788, 5.89836, 5.76773, 1.48603, 5.97098, 1.50351, 5.80535, 3.34998, 4.28236, 4.62348, 3.5041, 4.18034, 7.32297, 3.27349, 0.78497, 7.30234, 1.4077, 5.90311, 4.45459, 1.31089, 3.31193, 5.80916, 1.42444, 1.82053, 5.9035, 8.17535, 4.36083, 4.37817, 8.0611, 4.16419, 7.35376, 7.91522, 0.83327, 7.15743, 5.91986, 5.78141, 4.42059, 5.95584, 3.32839, 5.84136, 6.07088, 2.45486, 1.4552, 2.29679, -0.08045, 2.90364, 2.36538, 5.00108, 8.74748, 2.2966, 2.40529, 1.56678, 6.99094, -0.15759, 2.9535, 6.96295, -0.11176, 0.04969, 6.98088, -0.07893, 5.7998, 2.2422, -2.60132, 7.27213, 2.45166, 7.50769, 4.40088, 2.25953, -0.10731, 5.87457, 5.08642, -2.60349, 7.37661, 7.01653, -2.6133, 4.44549, 7.10272, 7.51142, 1.45685, 2.27132, 5.00073, 2.92668, 0.2632, -0.02131, 8.73389, 2.44731, 7.43752, 1.47137, 6.93301, 4.95416, 2.95792, 6.90919, -0.0696, 8.73147, 7.06727, 5.03794, 5.83351, 2.32015, 2.47555, 7.26901, 2.39184, 2.5218, 4.29179, 2.42335, 5.017, 5.87378, 6.98569, 2.47928, 7.28668, 6.98306, 2.38199, 4.43439, 6.99551, 2.31125, 5.91167, 9.03544, -0.77341, 4.2124, 9.05859, -1.33452, 7.86307, 9.05553, 3.77195, 0.86672, 4.30252, 7.43607, 2.93295, 4.26627, 4.81678, 4.43527, 4.31415]]},
 "stress": {"__ndarray__": [[6], "float64", [0.0004717956748255155, 0.0003287340441511453, 0.00028777101975797356, 5.2341295529657006e-05, 4.8090827814930505e-05, 1.1078678698442781e-05]]},
 "unique_id": "daa64759b29d4456a9b9199b62ec360b",
 "user": "jiuy97"},
"ids": [1],
"nextid": 2}
