{"1": {
 "calculator": "vasp",
 "calculator_parameters": {"amix": 0.1, "amix_mag": 0.1, "bmix": 1e-05, "bmix_mag": 1e-05, "encut": 600, "sigma": 0.05, "ediff": 1e-05, "ediffg": -0.02, "algo": "Normal", "gga": "PE", "prec": "Normal", "ibrion": 2, "isif": 3, "ismear": 0, "ispin": 2, "kpar": 17, "ldautype": 2, "lmaxmix": 4, "lorbit": 11, "nelm": 250, "nsw": 199, "inimix": 0, "laechg": true, "lasph": true, "ldau": true, "lvtot": false, "lreal": "Auto", "ldau_luj": {"Mn": {"L": 2, "U": 2.75, "J": 0.0}, "O": {"L": -1, "U": 0.0, "J": 0.0}, "H": {"L": -1, "U": 0.0, "J": 0.0}}, "pp": "pbe", "txt": "-", "kpts": [4, 4, 3], "gamma": true, "reciprocal": false, "ignore_constraints": false, "custom": {}},
 "cell": {"array": {"__ndarray__": [[3, 3], "float64", [5.746936479487645, 0.0017143034757171, -0.363852755301067, -2.8719836091033173, 4.977850137928622, 0.3638527553016103, -0.5677267611796479, 0.3277771993634546, 9.298918656798435]]}, "__ase_objtype__": "cell"},
 "ctime": 26.348360896729993,
 "dipole": {"__ndarray__": [[1, 3], "float64", [0.0, 0.0, 0.0]]},
 "energy": -183.68756972,
 "forces": {"__ndarray__": [[26, 3], "float64", [0.01003816, -0.00579553, 0.00920549, -0.0049337, 0.00664872, 0.00319307, -0.00822481, 0.00094835, 0.00319307, 0.00419362, -0.00242119, -0.01047596, 0.00469834, -0.00271259, -0.01192144, -0.00668114, 0.00113256, 0.00272458, -0.00432139, 0.00521976, 0.00272458, 0.01283007, -0.00740744, 0.00752953, -0.00541672, 0.00059155, 0.0016181, 0.0049559, 0.00614059, 0.00523303, -0.0074869, 0.00432256, -0.00686574, 0.00169229, -0.00097705, -0.00592311, -0.00402151, 0.00232182, -0.0036738, -0.00211507, 0.00122113, -0.00262853, -0.00322065, 0.00439524, 0.0016181, -0.00283996, -0.00736223, 0.00523303, -0.00427724, 0.00453661, 0.00216596, -0.00260892, -0.00645669, 0.00523181, -0.00478956, 0.00276526, -0.00327511, -0.00098337, 0.00056775, -0.0015636, -0.00985432, 0.00568939, -0.00819062, 0.00234601, -0.00135447, -0.0059265, -0.00606744, 0.00143589, 0.00216596, 0.0042872, 0.00548773, 0.00523181, 0.01605137, -0.00926726, 0.00041962, 0.01674972, -0.00967046, 0.00295668]]},
 "free_energy": -183.68756972,
 "initial_magmoms": {"__ndarray__": [[26], "float64", [3.077, 3.115, 3.115, 3.83, 3.831, 3.115, 3.115, 3.077, -0.026, -0.114, -0.074, -0.043, -0.003, -0.03, -0.026, -0.114, -0.025, -0.113, -0.002, -0.03, -0.075, -0.044, -0.025, -0.113, 0.006, 0.006]]},
 "magmom": 25.9999993,
 "magmoms": {"__ndarray__": [[26], "float64", [3.085, 3.125, 3.125, 3.834, 3.835, 3.125, 3.125, 3.085, -0.033, -0.114, -0.068, -0.056, -0.008, -0.031, -0.033, -0.114, -0.033, -0.114, -0.008, -0.031, -0.068, -0.056, -0.033, -0.114, 0.006, 0.006]]},
 "mtime": 26.348360896729993,
 "numbers": {"__ndarray__": [[26], "int64", [25, 25, 25, 25, 25, 25, 25, 25, 8, 8, 8, 8, 8, 8, 8, 8, 8, 8, 8, 8, 8, 8, 8, 8, 1, 1]]},
 "pbc": {"__ndarray__": [[3], "bool", [true, true, true]]},
 "positions": {"__ndarray__": [[26, 3], "float64", [-2.8527155768901595, 4.966733297768571, 0.49195314609921387, -2.0002432319131236, 2.818255615488854, 9.47318803608334, 2.306131596099112, 0.3248443267903806, 9.109332630004365, 1.480003738891965, 2.465233192817894, 2.0495089507003073, -3.113403289001648, 5.117221028070879, 7.0628490088760225, -1.7197393454603647, 2.649125165898214, 4.823626575274467, 2.5928647316122415, 0.16648714861890995, 4.459781190013625, 1.17252046598038, 2.6427593154592306, 4.777498955331723, -0.016717834368611875, 1.6181975748657536, 1.1473116087136095, 1.2191474637263306, 1.1677187884453828, 3.5226864334803647, -1.341897013446939, 4.094453355432684, 1.2480028198351565, -0.2991268880951447, 3.492398843044645, 3.8318733886089795, 2.998467947448269, 1.5885464757816565, 0.889794760402694, 3.9501866130345777, 1.0390718717844776, 3.391429476168466, 1.46522924914654, 4.184958303703997, 1.1473116175473652, 2.4732425841286614, 3.3399105453092024, 3.522686426835678, -0.2562364853530504, 1.8590668932083783, 5.796669354425281, 0.7520671801998502, 1.013837753977893, 8.172242938216451, -1.5949044699783292, 4.2405275199246395, 5.903055909018113, -0.6428977181215203, 3.6908794008822357, 8.404971927902206, 2.683632732165094, 1.770316859108661, 5.53357189635952, 3.7266230554279294, 1.1681440122272115, 8.117547330138287, 1.1368343730708341, 4.271931821575822, 5.796669355287441, 2.3729631180210933, 3.8213408307284413, 8.17224293276414, -0.8630956399403056, 3.817992798614406, 7.4321230085025904, 3.7299036472969544, 1.1662543124246607, 2.4185080811375057]]},
 "stress": {"__ndarray__": [[6], "float64", [0.000135764332830789, 0.00019111841729852808, -2.6986075966088646e-05, 0.00011547103958340323, -0.00020000171381854184, 4.793804815454713e-05]]},
 "unique_id": "9f24e3d1909ea90b0bd0a0ce025235d4",
 "user": "jiuy97"},
"ids": [1],
"nextid": 2}
