{"1": {
 "calculator": "vasp",
 "calculator_parameters": {"amix": 0.1, "amix_mag": 0.1, "bmix": 1e-05, "bmix_mag": 1e-05, "encut": 600, "sigma": 0.05, "ediff": 1e-05, "ediffg": -0.02, "symprec": 0.0001, "algo": "Normal", "gga": "PE", "prec": "Normal", "ibrion": 2, "isif": 3, "ismear": 0, "ispin": 2, "kpar": 20, "ldauprint": 2, "ldautype": 2, "lmaxmix": 4, "lorbit": 11, "nelm": 250, "nsw": 199, "inimix": 0, "laechg": true, "lasph": true, "ldau": true, "lvtot": false, "lreal": "Auto", "ldau_luj": {"Mn": {"L": 2, "U": 2.75, "J": 0.0}, "O": {"L": -1, "U": 0.0, "J": 0.0}, "H": {"L": -1, "U": 0.0, "J": 0.0}}, "pp": "pbe", "txt": "-", "kpts": [5, 5, 3], "gamma": true, "reciprocal": false, "ignore_constraints": false, "custom": {}},
 "cell": {"array": {"__ndarray__": [[3, 3], "float64", [4.866984484262461, 0.1088093312145155, 0.1142971855117694, -2.339106000791161, 4.26966363614377, 0.1137595280353218, 0.2048623526861907, 0.35481252696787, 8.693362023760054]]}, "__ase_objtype__": "cell"},
 "ctime": 26.365941112935545,
 "dipole": {"__ndarray__": [[1, 3], "float64", [0.0, 0.0, 0.0]]},
 "energy": -135.23033011,
 "forces": {"__ndarray__": [[19, 3], "float64", [0.00281805, 0.0027073, 0.00200247, -0.00025128, 0.00365524, 0.00220698, -0.00174354, -0.00514317, 0.00537363, -0.00087996, 0.00325355, -0.00127224, 0.00587868, 4.013e-05, 0.00069633, 0.00226158, 0.00356029, 0.00768928, 0.00214538, -0.00448455, -0.00230039, -0.00400997, -0.00149896, -0.0014556, -0.00256962, -0.00447609, -0.00914761, -0.00625434, -0.00236886, -0.00138191, -0.00131925, -0.00609216, -0.00099766, -6.271e-05, -0.00063641, 0.00413653, -0.00082717, -0.0023371, 0.00481981, -6.08e-05, -0.00299742, 0.00744238, -0.00297262, 0.00086505, -0.00408224, 0.0033517, 0.00390414, -0.00314552, 0.00052386, 0.00792359, 0.00010237, 0.00235505, 0.00171364, -0.00808884, 0.00161696, 0.00241178, -0.00259778]]},
 "free_energy": -135.23295596,
 "initial_magmoms": {"__ndarray__": [[19], "float64", [-0.088, -0.086, -0.049, -0.069, -0.073, -0.169, -0.08, -0.082, -0.051, -0.088, -0.084, -0.059, 3.054, 3.057, 3.857, 3.073, 3.073, 3.814, 0.005]]},
 "magmom": 18.9999977,
 "magmoms": {"__ndarray__": [[19], "float64", [-0.062, -0.062, -0.037, -0.05, -0.051, -0.288, -0.07, -0.07, -0.307, -0.074, -0.074, -0.039, 3.033, 3.033, 3.84, 3.045, 3.045, 3.814, 0.006]]},
 "mtime": 26.365941112935545,
 "numbers": {"__ndarray__": [[19], "int64", [8, 8, 8, 8, 8, 8, 8, 8, 8, 8, 8, 8, 25, 25, 25, 25, 25, 25, 1]]},
 "pbc": {"__ndarray__": [[3], "bool", [true, true, true]]},
 "positions": {"__ndarray__": [[19, 3], "float64", [4.091757764427153, 1.6580050363063348, 3.3062936966216725, -0.647193893011024, 4.395278488883941, 3.3068532288782846, 1.631815014973266, 2.871344812860539, 3.3485276413968417, -1.5223100918710926, 2.872161584979408, 1.1614302729511412, 3.208257576210048, 0.14017945221170683, 1.1605908428821954, 0.9350339467097621, 1.6643284173227852, 1.1627381542585327, 4.194961061534027, 1.855129801554837, 7.6929268923762715, -0.5290684014385794, 4.582352995058863, 7.692049430628905, 1.7462656268934202, 3.0672077647097966, 7.687076503033509, -1.4068169498080871, 3.0752329970783414, 5.542066886021826, 3.330858048958719, 0.34032235884529144, 5.543006204764668, 1.053661411600939, 1.8677496791989394, 5.5149177149388215, 2.5120214295863756, 1.5454604678642738, 2.211955164160635, 0.0430631372080421, 2.9705689849940367, 2.212021451008926, 0.09456520791130742, 0.20546909552384157, 4.340952791378906, 2.6123952178069962, 1.7534304882244225, 6.624049318464426, 0.17519974163755955, 3.1602813555169718, 6.623913456763269, 2.7054678278090125, 4.73023845964293, 8.868404078714896, 1.3701276958493511, 2.417458144182728, 4.2895532968229775]]},
 "stress": {"__ndarray__": [[6], "float64", [-0.00022868763358751916, -0.0003926387589439977, -0.00037992125967739, -5.9270987210251026e-05, 4.5125237168858335e-06, -0.0001227744915549825]]},
 "unique_id": "9fb00f0c5b51ca92513d8cac1097fb9b",
 "user": "jiuy97"},
"ids": [1],
"nextid": 2}
