{"1": {
 "calculator": "vasp",
 "calculator_parameters": {"amix": 0.1, "amix_mag": 0.1, "bmix": 1e-05, "bmix_mag": 1e-05, "encut": 600, "sigma": 0.05, "ediff": 1e-05, "ediffg": -0.02, "algo": "Fast", "gga": "PE", "prec": "Normal", "ibrion": 2, "isif": 3, "ismear": 0, "ispin": 2, "kpar": 10, "ldauprint": 2, "ldautype": 2, "lmaxmix": 4, "lorbit": 11, "nelm": 250, "nsw": 199, "inimix": 0, "laechg": true, "lasph": true, "ldau": true, "lvtot": false, "lreal": "Auto", "ldau_luj": {"Mn": {"L": 2, "U": 2.75, "J": 0.0}, "O": {"L": -1, "U": 0.0, "J": 0.0}, "H": {"L": -1, "U": 0.0, "J": 0.0}}, "pp": "pbe", "txt": "-", "kpts": [2, 2, 3], "gamma": true, "reciprocal": false, "ignore_constraints": false, "custom": {}},
 "cell": {"array": {"__ndarray__": [[3, 3], "float64", [10.111141723246108, 0.0162488791045514, 0.0519045630010078, -5.043769544163593, 8.740774455911732, 0.0565355138615172, 0.0459654387603107, 0.0938980258433102, 9.4354869196464]]}, "__ase_objtype__": "cell"},
 "ctime": 26.36780470880706,
 "dipole": {"__ndarray__": [[1, 3], "float64", [0.0, 0.0, 0.0]]},
 "energy": -551.23331384,
 "forces": {"__ndarray__": [[78, 3], "float64", [-0.00129973, 0.00018175, -0.00079157, 0.00100266, -0.00043955, -0.00196081, -0.00047329, -0.00581254, 0.00037129, 0.00418933, -0.00596614, -0.00171453, 0.00245961, -0.00299804, 0.00036949, 0.00321915, 3.195e-05, -0.00173544, -0.00179938, 0.00105937, -0.00108285, -0.00087054, 0.00129631, 0.00035286, -0.00091427, 0.00068273, -0.00092501, 0.00164666, 0.00262248, 0.00449564, 0.00026401, 0.00201204, 0.00107595, 0.00025524, 0.00219727, 0.00167302, 0.00387178, -0.00502811, -0.00087484, -0.00137947, -0.00556991, -0.00279823, -0.0016433, -0.00260994, -0.0027029, 0.00316697, 0.00058682, 0.00119297, 0.00396257, -0.00559055, 0.00179657, 0.00078015, -0.00516086, 4.687e-05, 0.00101269, 0.00431149, 0.00220411, -0.00023102, 0.00115248, -0.00093561, -0.00220633, 0.00658405, 0.00135473, 0.00299387, 0.00286273, 0.00045092, -0.00273722, -0.00026711, -0.00156206, 0.00315513, 0.00099109, 0.00587026, -0.00128091, -0.00225946, -0.00228536, -0.00044195, -0.00075985, -0.00312744, -0.00224477, -0.00279829, -0.00389764, -0.00057497, -0.001835, 0.00717289, 0.00234305, -0.00012221, 0.00041872, 0.0025019, -0.00568518, -0.00118196, -0.00066418, 0.0017729, -0.0040903, -0.00437759, 0.00409624, -0.00123019, -0.00270215, 0.00190605, 0.0010662, 0.00015139, 0.00019477, -0.0006763, -0.00220923, 0.002146, 0.00100304, 0.00275611, 3.08e-06, -0.00111628, -0.00270317, 0.00041604, -0.00045014, -0.0037661, 0.00166238, 0.00417103, 0.00088119, -0.00154551, -0.00368435, 0.00322877, -0.00339695, -0.00032653, -0.00088881, -0.00360916, 0.00193215, 0.00178509, -0.00597521, 0.00297135, -0.00861263, 0.00013532, -0.00246743, -0.00107012, 0.00214946, -0.00463303, -0.00024002, 0.00368931, -0.00211975, -0.00270233, 0.00284847, -0.000347, 0.00401159, 0.00154225, 0.00020929, -0.00020629, 0.00096686, -0.00037796, 0.00254964, -0.00276221, 0.00040208, 0.00090891, -5.626e-05, 5.588e-05, -5.261e-05, -0.01130374, -0.00183563, 0.00231895, -0.00041721, 0.00322941, -0.00192013, -0.00376059, 0.00158847, -0.00622444, -0.00184323, 0.00256067, 0.00230035, 0.00138725, -0.00102605, -0.00306544, -0.00338765, -0.0016118, -0.0007537, 0.00592564, -0.00018373, -0.00093266, 0.0020675, -0.00023641, -0.00295517, 0.00609833, 0.00062709, -0.00905725, -0.00357399, 0.00268596, -0.00330535, -0.00391431, -0.001419, 0.00338821, 0.00107623, -0.00453737, 0.00273506, 0.00039926, -0.00099348, 0.0047122, -0.00375135, 0.00423872, -0.00277126, 0.00719963, 0.00758238, -0.00064715, 0.00316075, -0.00086643, -0.00323241, 0.00160903, -0.00300881, 0.00163779, -0.00453924, -0.00081415, 0.00419501, 1.29e-05, -0.00218096, -0.01135337, 0.003412, -0.00137336, 0.01115884, -0.00014994, 0.00166811, 0.01426303, 0.0105211, 0.00491449, -0.00517351, -0.00057565, 0.00079908, 0.00013201, -0.00282918, 0.00343699, -0.0041228, 0.01457089, -0.00201239, -0.0020126, -0.00292311, -0.00260866, 0.00945177, 0.00046995, -0.00082332, -0.0035711, 0.00520508, 0.00063839]]},
 "free_energy": -551.23331384,
 "initial_magmoms": {"__ndarray__": [[78], "float64", [-0.106, -0.1, -0.067, -0.057, -0.059, -0.08, -0.068, -0.083, -0.086, -0.072, -0.058, -0.109, -0.069, -0.015, -0.015, -0.077, -0.069, -0.074, -0.087, -0.041, 0.034, -0.088, -0.025, -0.025, -0.025, -0.065, 0.007, 0.019, -0.076, 0.008, -0.055, -0.098, -0.06, -0.072, -0.111, 0.019, -0.015, -0.025, -0.098, -0.064, 0.018, -0.059, -0.039, -0.048, -0.069, -0.007, -0.068, -0.058, 3.079, 3.169, 3.116, 3.147, 3.152, 3.12, 3.067, 3.186, 3.772, 4.386, 3.107, 3.136, 3.065, -2.609, 3.766, 3.125, 3.048, 3.829, 3.066, 3.178, 3.776, 3.13, 3.152, 3.142, 0.004, 0.005, 0.007, 0.005, 0.005, 0.005]]},
 "magmom": 71.9999992,
 "magmoms": {"__ndarray__": [[78], "float64", [-0.104, -0.1, -0.067, -0.057, -0.059, -0.079, -0.069, -0.083, -0.085, -0.071, -0.058, -0.109, -0.069, -0.014, -0.014, -0.078, -0.069, -0.074, -0.087, -0.04, 0.035, -0.086, -0.023, -0.024, -0.025, -0.065, 0.007, 0.018, -0.076, 0.007, -0.054, -0.097, -0.06, -0.071, -0.111, 0.019, -0.014, -0.025, -0.099, -0.063, 0.018, -0.058, -0.039, -0.049, -0.071, -0.006, -0.068, -0.059, 3.078, 3.17, 3.116, 3.146, 3.151, 3.121, 3.066, 3.187, 3.771, 4.389, 3.107, 3.137, 3.065, -2.61, 3.767, 3.125, 3.047, 3.828, 3.066, 3.176, 3.776, 3.128, 3.148, 3.138, 0.004, 0.005, 0.007, 0.005, 0.005, 0.005]]},
 "mtime": 26.36780470880706,
 "numbers": {"__ndarray__": [[78], "int64", [8, 8, 8, 8, 8, 8, 8, 8, 8, 8, 8, 8, 8, 8, 8, 8, 8, 8, 8, 8, 8, 8, 8, 8, 8, 8, 8, 8, 8, 8, 8, 8, 8, 8, 8, 8, 8, 8, 8, 8, 8, 8, 8, 8, 8, 8, 8, 8, 25, 25, 25, 25, 25, 25, 25, 25, 25, 25, 25, 25, 25, 25, 25, 25, 25, 25, 25, 25, 25, 25, 25, 25, 1, 1, 1, 1, 1, 1]]},
 "pbc": {"__ndarray__": [[3], "bool", [true, true, true]]},
 "positions": {"__ndarray__": [[78, 3],