{"1": {
 "calculator": "vasp",
 "calculator_parameters": {"encut": 500, "sigma": 0.05, "eb_k": 78.4, "tau": 0, "lambda_d_k": 3.0, "nupdown": 2, "ediff": 1e-05, "ediffg": -0.02, "algo": "normal", "gga": "PE", "prec": "normal", "ibrion": 2, "isif": 2, "ismear": 0, "ispin": 2, "kpar": 5, "ldauprint": 2, "ldautype": 2, "lmaxmix": 4, "lorbit": 11, "nelm": 250, "npar": 4, "nsw": 200, "laechg": true, "lasph": true, "ldau": true, "lvhar": true, "lvtot": false, "lsol": true, "lreal": "auto", "ldau_luj": {"Cr": {"L": 2, "U": 3.5, "J": 0.0}, "Fe": {"L": 2, "U": 4.3, "J": 0.0}, "Co": {"L": 2, "U": 3.32, "J": 0.0}, "Mn": {"L": 2, "U": 3.75, "J": 0.0}, "Ni": {"L": 2, "U": 6.45, "J": 0.0}, "Ti": {"L": 2, "U": 3.0, "J": 0.0}, "V": {"L": 2, "U": 3.25, "J": 0.0}, "Cu": {"L": 2, "U": 3.0, "J": 0.0}}, "xc": "PBE", "pp": "PBE", "setups": "recommended", "txt": "-", "kpts": [5, 5, 1], "gamma": true, "reciprocal": false, "ignore_constraints": false, "custom": {}},
 "cell": {"array": {"__ndarray__": [[3, 3], "float64", [9.84, 0.0, 0.0, -4.92, 8.521689973, 0.0, 0.0, 0.0, 20.0]]}, "__ase_objtype__": "cell"},
 "ctime": 25.222001433219628,
 "dipole": {"__ndarray__": [[1, 3], "float64", [0.0, 0.0, 0.0]]},
 "energy": -286.22738149,
 "forces": {"__ndarray__": [[33, 3], "float64", [0.00328889, 0.00880356, 0.00417933, 0.00169146, -0.00154039, 0.00601323, 0.00269421, -0.01432157, -0.00117212, 0.00039739, -0.00245508, 0.0041343, -0.00654571, 0.01112755, 0.00341291, 0.00096923, -0.00355922, 0.00569378, 0.00384625, 0.0148568, 0.00815769, -0.00242995, -0.00084608, 0.00481826, -0.01305012, -0.00630318, -0.00030841, -3.905e-05, -0.00714173, -0.00609486, 0.00478096, -0.00071351, 0.00273069, -0.00211609, -0.00179252, 0.00264944, 0.00941992, -0.0046514, 0.00204566, -0.00047831, -0.0069947, -0.00787734, -0.00177869, -0.00389817, -0.01227891, -0.00237784, -0.00165572, -0.0113957, -0.01481567, -0.00315504, 0.0027798, -0.00515304, -0.00230957, 0.00171233, 0.00609573, -0.0010328, -0.00207487, 0.00691916, -0.00634609, -0.00389154, 0.00108882, -0.00505039, -0.00760912, 0.01094344, 0.00091658, -0.00207214, 7.478e-05, 0.00664905, -0.00652476, -0.01428869, 0.00097886, -0.00616745, -0.00095083, -0.00129653, 0.00131028, 0.00771711, -0.00034863, 0.0026961, 0.00646059, 0.00818295, 0.00242237, -0.0041021, 0.01158089, 0.001514, -0.0110011, -0.00669711, 0.00454989, 0.00580089, -0.0033281, 0.00331377, 0.0004439, 0.01499828, -0.00624049, -0.00136091, -0.00327907, 0.01153384, 0.00785536, 0.01062209, -0.00195996]]},
 "free_energy": -286.22780691,
 "initial_magmoms": {"__ndarray__": [[33], "float64", [0.0, 0.0, 0.0, 0.0, 0.0, 0.0, 0.0, 0.0, 0.0, 0.0, 0.0, 0.0, 0.0, 0.0, 0.0, 0.0, 0.0, 0.0, 0.0, 0.0, 0.0, 0.0, 0.0, 0.0, 0.0, 0.0, 0.0, 0.0, 0.0, 0.0, 2.0, 0.0, 0.0]]},
 "magmom": 2.0000003,
 "magmoms": {"__ndarray__": [[33], "float64", [-0.006, -0.007, -0.006, -0.045, -0.006, -0.007, -0.043, -0.007, -0.018, -0.002, -0.004, -0.004, -0.018, -0.002, -0.023, -0.024, -0.018, -0.019, -0.018, -0.019, -0.001, -0.018, -0.001, -0.018, -0.005, -0.005, -0.093, -0.093, -0.091, -0.091, 2.192, 0.361, 0.359]]},
 "mtime": 25.222001433219628,
 "numbers": {"__ndarray__": [[33], "int64", [6, 6, 6, 6, 6, 6, 6, 6, 6, 6, 6, 6, 6, 6, 6, 6, 6, 6, 6, 6, 6, 6, 6, 6, 6, 6, 7, 7, 7, 7, 26, 8, 8]]},
 "pbc": {"__ndarray__": [[3], "bool", [true, true, true]]},
 "positions": {"__ndarray__": [[33, 3], "float64", [4.9304352066199115, 7.806830874509294, 9.985721131117398, -0.01058330878783209, 0.7161647636370966, 9.985090905077676, -2.459647306687145, 7.886713804778462, 9.984604136302274, 2.46036625126142, 0.8024355952561788, 9.98442630626979, -0.009681515329599044, 7.806719185546535, 9.985547222470064, 4.9312612933680455, 0.7160930098679993, 9.985524510923563, 2.4603198566160778, 7.721437891941838, 9.984533109524492, 7.380468656237293, 0.6376706997161576, 9.984307061554919, 8.592363550435241, 1.3899123633260921, 9.985870328011705, -1.2603901872533732, 2.8196186924524858, 9.987927300732363, 1.1976928686577208, 1.4940051067241475, 9.987296287569995, 3.723023200376172, 1.4939135744967915, 9.987797363816346, 6.168449666238576, 1.3898192072332767, 9.986213587989052, 6.181207440254173, 2.819567113142323, 9.988525770596091, 7.380419461249188, 3.5525527174416642, 9.98915354032958, -2.4595690263599304, 4.971851782711107, 9.989413747401777, -0.0511375373348375, 3.5334893962219516, 9.989704798573266, -0.050193806383897144, 4.991245436997501, 9.99028313752403, 4.971944157296633, 3.5334501202549378, 9.991046784159629, 4.970887099208014, 4.991354860038659, 9.991528026281776, 6.180772728012645, 5.704916982916848, 9.989031646207625, -3.6716864085179766, 7.134235942183794, 9.986479465799551, -1.2599585835852833, 5.704757828433388, 9.988338591963299, -1.2476260116009388, 7.134108510004895, 9.986132058528472, 1.198668222016658, 7.029062622460218, 9.98783897508393, 3.721989062832826, 7.029092323393368, 9.988304930100183, 1.1184362915489299, 2.853834848139923, 9.990699192430402, 3.802331571577496, 2.853714629228203, 9.991897321662629, 1.1211757783013403, 5.668630162756697, 9.9915076681361, 3.799654325629305, 5.6686476099385015, 9.992700492595462, 2.460427334930103, 4.256937935566779, 9.99452413797082, 2.459801867777711, 4.241999018335266, 11.751814676161443, 2.461367801395584, 4.245525390347538, 8.237525787134745]]},
 "stress": {"__ndarray__": [[6], "float64", [-0.012699352809080761, 0.012904568966732486, 0.0005844505954233932, -2.6240053346308327e-06, -8.44946170369184e-06, 6.496668260458492e-06]]},
 "unique_id": "f5193f9aafb7bff00b8b1f37bfcfed65",
 "user": "jiuy97"},
"ids": [1],
"nextid": 2}
