{"1": {
 "calculator": "vasp",
 "calculator_parameters": {"encut": 500, "sigma": 0.05, "eb_k": 78.4, "tau": 0, "lambda_d_k": 3.0, "nupdown": 5, "ediff": 1e-05, "ediffg": -0.02, "algo": "normal", "gga": "PE", "prec": "normal", "ibrion": 2, "isif": 2, "ismear": 0, "ispin": 2, "kpar": 5, "ldauprint": 2, "ldautype": 2, "lmaxmix": 4, "lorbit": 11, "nelm": 250, "npar": 4, "nsw": 200, "laechg": true, "lasph": true, "ldau": true, "lvhar": true, "lvtot": false, "lsol": true, "lreal": "auto", "ldau_luj": {"Cr": {"L": 2, "U": 3.5, "J": 0.0}, "Fe": {"L": 2, "U": 4.3, "J": 0.0}, "Co": {"L": 2, "U": 3.32, "J": 0.0}, "Mn": {"L": 2, "U": 3.75, "J": 0.0}, "Ni": {"L": 2, "U": 6.45, "J": 0.0}, "Ti": {"L": 2, "U": 3.0, "J": 0.0}, "V": {"L": 2, "U": 3.25, "J": 0.0}, "Cu": {"L": 2, "U": 3.0, "J": 0.0}}, "xc": "PBE", "pp": "PBE", "setups": "recommended", "txt": "-", "kpts": [5, 5, 1], "gamma": true, "reciprocal": false, "ignore_constraints": false, "custom": {}},
 "cell": {"array": {"__ndarray__": [[3, 3], "float64", [9.84, 0.0, 0.0, -4.92, 8.521689973, 0.0, 0.0, 0.0, 20.0]]}, "__ase_objtype__": "cell"},
 "ctime": 25.219474558236247,
 "dipole": {"__ndarray__": [[1, 3], "float64", [0.0, 0.0, 0.0]]},
 "energy": -288.22100837,
 "forces": {"__ndarray__": [[33, 3], "float64", [0.00347825, 0.00250742, -0.00133528, 0.0013804, 0.00157304, -0.00028471, 0.00076066, 0.00189462, 0.00485706, -0.00334562, 0.0018573, 0.00188181, 0.00456844, -0.00011893, 0.00075794, -0.00257432, 0.00347554, 0.00058221, -0.00286393, -0.0005469, 0.00087348, -0.00404212, 0.0017053, 0.00113441, 0.00499855, -0.0029915, 0.00360116, -0.00038396, 0.00068891, 0.00395203, -0.01030631, 1.1e-06, -0.00559143, 0.00893649, 0.00135141, -0.00186871, -0.0018699, -0.00347443, 0.00280679, 0.00151852, -0.00048483, 0.00557324, 0.00061787, 0.00442174, 0.00585761, -0.00039084, -0.00382731, 0.00671445, 0.00210215, -0.00786841, -0.00413912, 0.00106981, 0.00453807, -0.00365487, -0.00508236, 0.00012707, 0.00302522, -0.00541516, -0.0003516, 0.00142369, 0.00473262, -0.00517596, 0.00448456, -0.00417844, 0.00202749, 0.00382707, 0.00191222, 0.00252762, 0.00454691, -0.00098005, -0.00447717, 0.0047173, -0.00672193, 0.00370979, -0.00514711, 0.00391064, -0.00478964, -0.00178711, 0.00460242, 0.00692202, -0.00699425, -0.00059838, 0.00484958, -0.00184525, 0.00560119, -0.00638946, -0.00687383, -0.00354634, -0.00283558, -0.00234588, -0.00067401, -0.00017494, -0.01717231, -0.00924486, -0.00064021, -0.00744018, 0.01202828, -3.117e-05, 0.00586311]]},
 "free_energy": -288.22100837,
 "initial_magmoms": {"__ndarray__": [[33], "float64", [0.0, 0.0, 0.0, 0.0, 0.0, 0.0, 0.0, 0.0, 0.0, 0.0, 0.0, 0.0, 0.0, 0.0, 0.0, 0.0, 0.0, 0.0, 0.0, 0.0, 0.0, 0.0, 0.0, 0.0, 0.0, 0.0, 0.0, 0.0, 0.0, 0.0, 5.0, 0.0, 0.0]]},
 "magmom": 4.999999,
 "magmoms": {"__ndarray__": [[33], "float64", [0.007, 0.007, 0.0, 0.019, 0.007, 0.007, 0.019, 0.0, 0.002, 0.005, 0.001, 0.002, 0.002, 0.005, 0.006, 0.006, 0.003, 0.003, 0.003, 0.003, 0.005, 0.002, 0.005, 0.002, 0.001, 0.002, 0.083, 0.084, 0.083, 0.084, 4.123, 0.173, 0.009]]},
 "mtime": 25.219474558236247,
 "numbers": {"__ndarray__": [[33], "int64", [6, 6, 6, 6, 6, 6, 6, 6, 6, 6, 6, 6, 6, 6, 6, 6, 6, 6, 6, 6, 6, 6, 6, 6, 6, 6, 7, 7, 7, 7, 26, 8, 1]]},
 "pbc": {"__ndarray__": [[3], "bool", [true, true, true]]},
 "positions": {"__ndarray__": [[33, 3], "float64", [4.9319787637522134, 7.804306159207898, 9.910985682026022, -0.0036488891679541946, 0.7163232605392542, 9.909992455545375, -2.455511054909182, 7.878650505682677, 9.90207033536298, 2.4643598446959896, 0.8031332244508435, 9.967385882597629, -0.003661402541507819, 7.804822269260476, 9.910714016880402, 4.932007650092079, 0.7168987630047762, 9.911226756559676, 2.464321779012171, 7.717969675167676, 9.967416693782473, 7.384427954310529, 0.6424718917750524, 9.901585459314985, 8.595447903393671, 1.3905488463579554, 9.876485542695747, -1.2519438857815455, 2.8233527391344615, 9.82202917604831, 1.203611650612737, 1.4942861190447647, 9.965638691090572, 3.724584726701933, 1.4945911104633427, 9.966801685637186, 6.173249056243254, 1.3906439440083658, 9.877416159514937, 6.180707083819819, 2.8237868344208534, 9.822029654312841, 7.384414355208103, 3.5496829414585753, 9.77595232667408, -2.455618745754888, 4.97147797562597, 9.77640691112501, -0.03955947948170424, 3.533401090987614, 9.891152470746402, -0.03956663412209993, 4.9876877725243745, 9.891478719040839, 4.968771130605498, 3.533828331831924, 9.89045826385674, 4.968780495769522, 4.987494021447103, 9.89062802107307, 6.18070614185382, 5.697613621013417, 9.822556205519605, -3.6667605805218546, 7.130670306549758, 9.877700973898628, -1.2519778265371229, 5.6976763122761085, 9.822931015407383, -1.2444362409905811, 7.130604695857992, 9.877484443991133, 1.2035996261032063, 7.026862561711468, 9.965948697642409, 3.7246501680824666, 7.026720344483114, 9.966864448092341, 1.1429580126838645, 2.8675107950390664, 10.01058017597118, 3.785109652884231, 2.8687761601007815, 10.011827767805379, 1.1429484799559915, 5.653593726593894, 10.010740165708171, 3.785208464367515, 5.652500337132922, 10.01209005360844, 2.4631854527110035, 4.260574097127018, 10.729316622502559, 2.3815758979108232, 4.2607981595650015, 12.586992661490362, 3.2185804490379883, 4.26122140615557, 13.083071864477002]]},
 "stress": {"__ndarray__": [[6], "float64", [-0.011001598151643683, 0.01222060288847775, 0.0002504051830438494, 1.647009428138074e-07, -0.00043346737243814363, -5.7002579375049134e-06]]},
 "unique_id": "660e46d2429ba28d9761e15c99314241",
 "user": "jiuy97"},
"ids": [1],
"nextid": 2}
