{"1": {
 "calculator": "vasp",
 "calculator_parameters": {"encut": 500, "sigma": 0.05, "eb_k": 78.4, "tau": 0, "lambda_d_k": 3.0, "nupdown": 1, "ediff": 1e-05, "ediffg": -0.02, "algo": "normal", "gga": "PE", "prec": "normal", "ibrion": 2, "isif": 2, "ismear": 0, "ispin": 2, "kpar": 5, "ldauprint": 2, "ldautype": 2, "lmaxmix": 4, "lorbit": 11, "nelm": 250, "npar": 4, "nsw": 200, "laechg": true, "lasph": true, "ldau": true, "lvhar": true, "lvtot": false, "lsol": true, "lreal": "auto", "ldau_luj": {"Cr": {"L": 2, "U": 3.5, "J": 0.0}, "Fe": {"L": 2, "U": 4.3, "J": 0.0}, "Co": {"L": 2, "U": 3.32, "J": 0.0}, "Mn": {"L": 2, "U": 3.75, "J": 0.0}, "Ni": {"L": 2, "U": 6.45, "J": 0.0}, "Ti": {"L": 2, "U": 3.0, "J": 0.0}, "V": {"L": 2, "U": 3.25, "J": 0.0}, "Cu": {"L": 2, "U": 3.0, "J": 0.0}}, "xc": "PBE", "pp": "PBE", "setups": "recommended", "txt": "-", "kpts": [5, 5, 1], "gamma": true, "reciprocal": false, "ignore_constraints": false, "custom": {}},
 "cell": {"array": {"__ndarray__": [[3, 3], "float64", [9.84, 0.0, 0.0, -4.92, 8.521689973, 0.0, 0.0, 0.0, 20.0]]}, "__ase_objtype__": "cell"},
 "ctime": 25.22004938080564,
 "dipole": {"__ndarray__": [[1, 3], "float64", [0.0, 0.0, 0.0]]},
 "energy": -287.56308896,
 "forces": {"__ndarray__": [[33, 3], "float64", [0.00046584, 0.00074017, -0.00844183, -0.00690264, 0.00107005, -0.00458377, -0.00370799, 0.0003493, 0.00109042, -0.00209574, 0.00799753, -0.00077929, -0.00279193, 0.00409109, -0.00549602, 0.00347053, -0.00432759, -0.00865485, 0.00063513, -0.0038203, -0.00355418, -0.00498118, 1.411e-05, 0.00032158, -0.0005543, 0.00739721, 0.00159684, 0.00640756, 0.00741839, 0.00032332, 0.00526843, 0.00720501, -0.00274229, -0.00452091, 0.00234084, -0.00496224, 0.00130187, 0.00051851, -0.00190567, -0.00411526, 0.00469108, 0.00037683, 0.00101747, -0.00028249, -0.00155099, 0.00375601, 0.00340091, 0.00173695, 0.0068333, 0.00659189, 0.00427139, 0.00734703, -0.00338646, -0.00178427, -0.00492764, -0.00021593, -0.00252943, -0.00509315, -0.00544781, -0.00231164, -0.00759815, -0.00469858, -0.00248868, 0.00440855, -0.00463067, -0.00520907, 0.00213158, -0.00555502, 0.00014658, -0.00652488, -0.00599409, 0.00475045, 0.00053762, -0.00339504, 0.00142691, -0.00088305, -0.0012205, -0.0026149, 0.00115636, -0.00147145, 0.00783784, -0.00141108, 0.00026278, 0.00626506, 0.0043495, -0.00580656, 0.00894463, -0.00010087, -0.00255548, 0.00545427, 0.0020545, -0.00054046, 0.01774746, 0.00692293, -0.00097998, -0.01279888, -0.00185544, 0.00023955, 0.01011745]]},
 "free_energy": -287.56308896,
 "initial_magmoms": {"__ndarray__": [[33], "float64", [0.0, 0.0, 0.0, 0.0, 0.0, 0.0, 0.0, 0.0, 0.0, 0.0, 0.0, 0.0, 0.0, 0.0, 0.0, 0.0, 0.0, 0.0, 0.0, 0.0, 0.0, 0.0, 0.0, 0.0, 0.0, 0.0, 0.0, 0.0, 0.0, 0.0, 1.0, 0.0, 0.0]]},
 "magmom": 0.9999993,
 "magmoms": {"__ndarray__": [[33], "float64", [-0.003, -0.001, -0.001, -0.018, -0.001, -0.003, -0.018, -0.001, -0.003, -0.004, -0.001, 0.0, -0.004, -0.003, -0.007, -0.007, 0.001, 0.001, -0.004, -0.004, -0.003, -0.004, -0.004, -0.003, -0.001, 0.0, -0.033, -0.054, -0.033, -0.054, 1.421, -0.048, 0.002]]},
 "mtime": 25.22004938080564,
 "numbers": {"__ndarray__": [[33], "int64", [6, 6, 6, 6, 6, 6, 6, 6, 6, 6, 6, 6, 6, 6, 6, 6, 6, 6, 6, 6, 6, 6, 6, 6, 6, 6, 7, 7, 7, 7, 26, 8, 1]]},
 "pbc": {"__ndarray__": [[3], "bool", [true, true, true]]},
 "positions": {"__ndarray__": [[33, 3], "float64", [4.928771696741109, 7.803183103565383, 9.939143760606294, -0.004648690498557317, 0.7191494026872104, 9.937882745954788, -2.458074886807592, 7.88512541462591, 9.932965496976975, 2.4617810162435134, 0.811088413558116, 9.980227664704108, -0.004730400322481287, 7.801882114128399, 9.937842487070641, 4.928662794888392, 0.7179919355995149, 9.938934251817575, 2.461610963059698, 7.709993509641915, 9.980400612477471, 7.38172428209509, 0.6360199031687999, 9.932819979499095, 8.592129754037549, 1.3867771071291122, 9.914150418491484, -1.2584906445153, 2.819168989830699, 9.876041343896764, 1.2023539534259977, 1.5043595166054977, 9.973673715312046, 3.7214889397836113, 1.5024228562896116, 9.97809373013386, 6.171265559806832, 1.386738023475492, 9.915101300288962, 6.181470529309526, 2.8195532581562004, 9.877623177781702, 7.381475948151781, 3.549572943754876, 9.850490845347139, -2.458445626991005, 4.971403448537439, 9.850439837441348, -0.05222434784873187, 3.536156066122273, 9.913049862747117, -0.05223924629001031, 4.984764465214635, 9.913221201569089, 4.975578194791684, 3.536346088283358, 9.918503375548195, 4.975643064325434, 4.985241291327624, 9.918676445268082, 6.181714306205236, 5.701708355379875, 9.877859648121762, -3.6686012404097945, 7.134529334707253, 9.915478400485343, -1.2583609835072287, 5.701816619917891, 9.876124661238425, -1.2477178484379072, 7.134174864232976, 9.914209160390309, 1.2023286987761317, 7.016789548573488, 9.973553773268293, 3.7213885017663646, 7.018856353596196, 9.978216786471032, 1.1419406552833498, 2.8849983525877705, 9.985538673421276, 3.78221049369336, 2.882804040012619, 9.996686229299286, 1.14181017761041, 5.636262430087207, 9.98538137023189, 3.782213057684695, 5.638644046175106, 9.99703501804979, 2.4616137004669008, 4.260751042697052, 10.313703391701463, 2.381823964543388, 4.260693682485918, 12.203950463546992, 3.294053662938582, 4.261693477844682, 12.549310170841645]]},
 "stress": {"__ndarray__": [[6], "float64", [-0.01216816551115661, 0.014873677421469961, 0.00043691549415473787, 1.4272646163431022e-06, -0.0003105078138960696, 2.9199277653072095e-06]]},
 "unique_id": "f47e4e237c2a5b7cb6d18cd9e72423f2",
 "user": "jiuy97"},
"ids": [1],
"nextid": 2}
