{"1": {
 "calculator": "vasp",
 "calculator_parameters": {"encut": 500, "sigma": 0.05, "eb_k": 78.4, "tau": 0, "lambda_d_k": 3.0, "nupdown": 0, "ediff": 1e-05, "ediffg": -0.02, "algo": "normal", "gga": "PE", "prec": "normal", "ibrion": 2, "isif": 2, "ismear": 0, "ispin": 2, "kpar": 5, "ldauprint": 2, "ldautype": 2, "lmaxmix": 4, "lorbit": 11, "nelm": 250, "npar": 4, "nsw": 200, "laechg": true, "lasph": true, "ldau": true, "lvhar": true, "lvtot": false, "lsol": true, "lreal": "auto", "ldau_luj": {"Cr": {"L": 2, "U": 3.5, "J": 0.0}, "Fe": {"L": 2, "U": 4.3, "J": 0.0}, "Co": {"L": 2, "U": 3.32, "J": 0.0}, "Mn": {"L": 2, "U": 3.75, "J": 0.0}, "Ni": {"L": 2, "U": 6.45, "J": 0.0}, "Ti": {"L": 2, "U": 3.0, "J": 0.0}, "V": {"L": 2, "U": 3.25, "J": 0.0}, "Cu": {"L": 2, "U": 3.0, "J": 0.0}}, "xc": "PBE", "pp": "PBE", "setups": "recommended", "txt": "-", "kpts": [5, 5, 1], "gamma": true, "reciprocal": false, "ignore_constraints": false, "custom": {}},
 "cell": {"array": {"__ndarray__": [[3, 3], "float64", [9.84, 0.0, 0.0, -4.92, 8.521689973, 0.0, 0.0, 0.0, 20.0]]}, "__ase_objtype__": "cell"},
 "ctime": 25.22115803760243,
 "dipole": {"__ndarray__": [[1, 3], "float64", [0.0, 0.0, 0.0]]},
 "energy": -296.89868474,
 "forces": {"__ndarray__": [[35, 3], "float64", [0.00186612, -0.00260344, -0.00145637, -0.00031989, -0.00176987, 0.0038366, 0.00163812, -0.0008424, -0.00068654, 0.00255951, -0.01678098, 0.00509131, 0.00057568, 0.00046411, -0.00048316, -0.0006772, -0.00296292, 0.00225499, -0.00250766, 0.01867616, -0.00152179, 7.274e-05, -0.00710474, -0.00047581, -0.00651449, -0.00203028, 0.00286843, 0.00895078, 0.00025466, -0.00024096, -0.0068403, -0.00412797, 0.00335477, 0.00431085, -0.0058359, 0.00419995, 0.00289593, -0.00079581, 0.00354823, -0.01069992, -0.00124127, -0.00277119, 0.00151176, 0.0042547, 0.000232, -0.00016345, -0.00612283, -0.00087952, -0.0088905, -0.00319249, 0.00097081, 0.00218983, 0.00098842, -0.00072108, 0.00783035, 0.00107499, -0.00033039, -0.00102813, 0.00148048, -0.00198081, -0.00164265, -0.00146008, -0.00117968, 0.00506768, 0.0050214, -0.00135098, -0.0012472, -0.00139252, -0.00431995, -0.00485213, 0.00159883, 0.00045858, -0.00098212, 0.00113336, 0.00110191, 0.00205409, 0.00407099, -0.00082953, 0.00700769, 0.00440287, 0.00279165, -0.00590672, 0.00127959, 0.00126706, 0.0041072, -0.00109621, -0.00551171, -0.00535495, -0.00069146, -0.00706795, -0.00260907, 3.905e-05, 0.0001642, 0.00618722, 0.00034738, 0.01038781, 0.00076023, 0.00527485, -0.01160311, 0.00034908, 0.00267019, 0.01643166, 0.00030151, 0.00701911, -0.01554944]]},
 "free_energy": -296.91255011,
 "initial_magmoms": {"__ndarray__": [[35], "float64", [0.0, 0.0, 0.0, 0.0, 0.0, 0.0, 0.0, 0.0, 0.0, 0.0, 0.0, 0.0, 0.0, 0.0, 0.0, 0.0, 0.0, 0.0, 0.0, 0.0, 0.0, 0.0, 0.0, 0.0, 0.0, 0.0, 0.0, 0.0, 0.0, 0.0, 0.0, 0.0, 0.0, 0.0, 0.0]]},
 "magmom": 0.0,
 "magmoms": {"__ndarray__": [[35], "float64", [-0.0, -0.0, -0.0, -0.0, 0.0, 0.0, -0.0, -0.0, 0.0, -0.0, 0.0, -0.0, -0.0, -0.0, -0.0, -0.0, -0.0, 0.0, 0.0, -0.0, -0.0, 0.0, 0.0, -0.0, -0.0, 0.0, 0.0, -0.0, -0.0, 0.0, 0.0, 0.0, 0.0, -0.0, 0.0]]},
 "mtime": 25.22115803760243,
 "numbers": {"__ndarray__": [[35], "int64", [6, 6, 6, 6, 6, 6, 6, 6, 6, 6, 6, 6, 6, 6, 6, 6, 6, 6, 6, 6, 6, 6, 6, 6, 6, 6, 7, 7, 7, 7, 26, 8, 8, 1, 1]]},
 "pbc": {"__ndarray__": [[3], "bool", [true, true, true]]},
 "positions": {"__ndarray__": [[35, 3], "float64", [4.929250129823073, 7.805327223052712, 9.945299857326436, -0.009016995296374342, 0.7179932410632076, 9.944360906182776, -2.459709513912615, 7.89314595283458, 9.944321848625815, 2.4603335938426047, 0.8094870245320183, 9.95009965556627, -0.008566171965287417, 7.805263644445266, 9.945057190672, 4.929879611115603, 0.7179443420633382, 9.944100221112027, 2.46038852645452, 7.71360400697451, 9.952148137307944, 7.380347906122744, 0.6302937006188954, 9.945287789868289, 8.591684492439569, 1.387152780471049, 9.944798651702996, -1.2613292552505584, 2.8182084638082996, 9.947611953245989, 1.1946944458017115, 1.5010759861242542, 9.949149942763523, 3.726175436871131, 1.5010278375975665, 9.94873962915898, 6.169074822454052, 1.3871629123397058, 9.944677354026863, 6.181902425703108, 2.8182451300601827, 9.947437233013332, 7.380198449405247, 3.5518385246200093, 9.945840417638347, -2.45985468300384, 4.972313507400702, 9.944998829086876, -0.049007839558708355, 3.5274873030345253, 9.949825740053411, -0.048980532182282044, 4.995652552907225, 9.951923676334564, 4.969523364405484, 3.527384949941579, 9.949537241995024, 4.969302516886908, 4.995713474614121, 9.951718264856, 6.181402391586335, 5.705553865678046, 9.947228706929147, -3.6711836544846927, 7.136409822211093, 9.945283440647362, -1.2610751123573931, 5.705514271996368, 9.947403465820653, -1.248225169303121, 7.136448387006452, 9.945047590563126, 1.1948559541147894, 7.021659702964494, 9.951506091598292, 3.725855522747781, 7.021674394940702, 9.951670028309445, 1.1261074922358312, 2.867119763360558, 9.952118050255086, 3.7945371360674516, 2.8669588352460873, 9.951671355668243, 1.1266877289138386, 5.655163386297955, 9.959612460800493, 3.7938502078502236, 5.655310545931343, 9.959388587144103, 2.460153898625597, 4.26026590066146, 9.960894044123174, 2.4622467094658025, 4.219899376242792, 11.863499479373408, 2.4599242504694874, 4.2887260524818975, 8.058573133454201, 2.460395041758871, 5.137065099141916, 12.194275979528733, 2.460366872153009, 3.3681880373350204, 7.737133045247218]]},
 "stress": {"__ndarray__": [[6], "float64", [-0.01377423663127765, 0.01291230308283375, 0.0005018884120269395, -0.00043100763738219695, 5.8976643881383496e-06, 4.568347774507733e-07]]},
 "unique_id": "386dc71255848047ece66e0b413f92fd",
 "user": "jiuy97"},
"ids": [1],
"nextid": 2}
