{"1": {
 "calculator": "vasp",
 "calculator_parameters": {"encut": 500, "sigma": 0.05, "eb_k": 78.4, "tau": 0, "lambda_d_k": 3.0, "nupdown": 2, "ediff": 1e-05, "ediffg": -0.02, "algo": "normal", "gga": "PE", "prec": "normal", "ibrion": 2, "isif": 2, "ismear": 0, "ispin": 2, "kpar": 5, "ldauprint": 2, "ldautype": 2, "lmaxmix": 4, "lorbit": 11, "nelm": 250, "npar": 4, "nsw": 200, "laechg": true, "lasph": true, "ldau": true, "lvhar": true, "lvtot": false, "lsol": true, "lreal": "auto", "ldau_luj": {"Cr": {"L": 2, "U": 3.5, "J": 0.0}, "Fe": {"L": 2, "U": 4.3, "J": 0.0}, "Co": {"L": 2, "U": 3.32, "J": 0.0}, "Mn": {"L": 2, "U": 3.75, "J": 0.0}, "Ni": {"L": 2, "U": 6.45, "J": 0.0}, "Ti": {"L": 2, "U": 3.0, "J": 0.0}, "V": {"L": 2, "U": 3.25, "J": 0.0}, "Cu": {"L": 2, "U": 3.0, "J": 0.0}}, "xc": "PBE", "pp": "PBE", "setups": "recommended", "txt": "-", "kpts": [5, 5, 1], "gamma": true, "reciprocal": false, "ignore_constraints": false, "custom": {}},
 "cell": {"array": {"__ndarray__": [[3, 3], "float64", [9.84, 0.0, 0.0, -4.92, 8.521689973, 0.0, 0.0, 0.0, 20.0]]}, "__ase_objtype__": "cell"},
 "ctime": 25.221369093490814,
 "dipole": {"__ndarray__": [[1, 3], "float64", [0.0, 0.0, 0.0]]},
 "energy": -296.99760979,
 "forces": {"__ndarray__": [[35, 3], "float64", [0.00749578, 0.00640706, 0.00245354, -0.00307803, 0.00031117, 0.00132954, 0.00539872, 0.00281677, 0.00124428, 0.00931661, -0.00808999, -0.00029388, -0.00414633, 0.00396188, 0.00500853, 0.00032214, -0.00070529, 0.00052683, -0.00090924, -0.00524304, 0.00047815, -0.00497677, 0.00157081, -0.00299342, 0.00796529, 0.00019129, -0.00028525, 0.00256707, -0.00106317, 0.00121782, -0.00617629, 0.00413084, 0.00022373, 0.00129513, 0.00562369, 0.00797412, -0.00508572, 0.00219183, -0.00388531, -0.00562663, 0.00089349, -0.00379531, 0.0082766, -0.00675842, -0.00488483, -0.00186208, 0.0017086, -0.00378913, -0.0039313, 0.0010355, -0.00052603, -0.00444743, -0.00572709, -0.0034254, 0.0022828, 0.00469969, -0.00257623, -0.00038561, 0.00357649, -0.00436385, 0.00132594, 0.00330827, -0.00651538, -0.00044316, -0.00028064, -0.00075541, 0.00158329, -0.00220965, -0.00046189, 0.00282696, -0.00305532, -0.00106634, -0.00058104, -0.00023764, -0.00111837, 0.00566414, 0.00321084, 0.00355629, -0.00306154, -0.0062978, 0.00243743, -0.00012181, -0.00174458, 0.00642918, 0.00245934, -8.497e-05, -0.00244621, -0.00512245, 0.00047316, -0.0005682, -0.00135189, -0.00093108, 0.01094154, -0.00179777, -0.00783906, -0.00738114, -0.00580797, 0.00760386, 0.01252731, -0.00143243, 0.00604642, -0.00377065, 0.00156566, -0.00949393, -0.00144605]]},
 "free_energy": -297.00406532,
 "initial_magmoms": {"__ndarray__": [[35], "float64", [0.0, 0.0, 0.0, 0.0, 0.0, 0.0, 0.0, 0.0, 0.0, 0.0, 0.0, 0.0, 0.0, 0.0, 0.0, 0.0, 0.0, 0.0, 0.0, 0.0, 0.0, 0.0, 0.0, 0.0, 0.0, 0.0, 0.0, 0.0, 0.0, 0.0, 2.0, 0.0, 0.0, 0.0, 0.0]]},
 "magmom": 1.9999991,
 "magmoms": {"__ndarray__": [[35], "float64", [-0.001, -0.001, 0.002, 0.006, -0.001, -0.001, 0.006, 0.002, 0.004, -0.0, 0.001, 0.001, 0.004, -0.0, 0.001, 0.001, 0.003, 0.003, 0.003, 0.003, -0.0, 0.004, 0.0, 0.004, 0.001, 0.001, -0.026, -0.025, -0.025, -0.025, 1.903, 0.037, 0.036, -0.0, -0.0]]},
 "mtime": 25.221369093490814,
 "numbers": {"__ndarray__": [[35], "int64", [6, 6, 6, 6, 6, 6, 6, 6, 6, 6, 6, 6, 6, 6, 6, 6, 6, 6, 6, 6, 6, 6, 6, 6, 6, 6, 7, 7, 7, 7, 26, 8, 8, 1, 1]]},
 "pbc": {"__ndarray__": [[3], "bool", [true, true, true]]},
 "positions": {"__ndarray__": [[35, 3], "float64", [4.928960651230619, 7.804464169467733, 10.046064281379643, -0.008348052075959511, 0.7161178267951173, 10.047400400912325, -2.4599863126897157, 7.876734348009878, 10.044215392074332, 2.4600874641810426, 0.7975460276968989, 10.047553141385329, -0.008336601462106685, 7.804481955596196, 10.045490559795653, 4.929365732001332, 0.7158942795442588, 10.045726446692386, 2.4606184822344668, 7.722870160369478, 10.044279726814228, 7.380737515499869, 0.6434884681006418, 10.042503648434177, 8.592226958090365, 1.390739138173188, 10.041767702274358, -1.2591827700376734, 2.822960673374526, 10.036576490570235, 1.2039246906655179, 1.490914169245313, 10.049492585586044, 3.71698014749789, 1.490632343868653, 10.046715916133778, 6.168895660998944, 1.3903533128616141, 10.041737632946655, 6.180259371413346, 2.8223404605331375, 10.03773663634317, 7.380302285506152, 3.5507634426836225, 10.033144303345313, -2.45969280401381, 4.970064605595564, 10.03253776031592, -0.05117979623719382, 3.5370135121089734, 10.042332085161366, -0.05115147556612687, 4.984105599782931, 10.042354153059627, 4.9721034032784335, 3.5361276019936465, 10.042442433433003, 4.972293646522866, 4.983117758674391, 10.042776563328225, 6.17977414231694, 5.6977545638899105, 10.037021551565775, -3.671669274262456, 7.129808066388957, 10.042433829466326, -1.2592519798519306, 5.69803556133093, 10.035441199908426, -1.2479242302499567, 7.130034805511353, 10.041467596584292, 1.2038461117322958, 7.029691957383514, 10.047352063714916, 3.716977642516362, 7.0293867625525746, 10.045756364691034, 1.129099816987144, 2.8562855083066148, 10.046434827690229, 3.791392943646036, 2.855903246374217, 10.043342906928244, 1.1292120131257657, 5.664662478231197, 10.052003609218719, 3.7922790963929445, 5.66431315810541, 10.04938680236693, 2.460316086691071, 4.260994344170258, 10.050059166535695, 2.4624848863613344, 4.235017017561254, 11.93023738440031, 2.4583081508180267, 4.291245196032544, 8.171918596095296, 2.42553954615971, 5.155685497964405, 12.251363862620652, 2.4932068505788063, 3.371731981720775, 7.847342378227444]]},
 "stress": {"__ndarray__": [[6], "float64", [-0.011971991764817046, 0.011369526757233782, 0.0006056870431147912, -0.00048012199155415364, 3.386486813976109e-06, 2.830171743322445e-05]]},
 "unique_id": "9b8e739515ccbbe660f402a2c916a11e",
 "user": "jiuy97"},
"ids": [1],
"nextid": 2}
