{"1": {
 "calculator": "vasp",
 "calculator_parameters": {"encut": 500, "sigma": 0.05, "eb_k": 78.4, "tau": 0, "lambda_d_k": 3.0, "ediff": 1e-05, "ediffg": -0.02, "algo": "normal", "gga": "PE", "prec": "normal", "ibrion": 2, "isif": 2, "ismear": 0, "ispin": 2, "kpar": 5, "ldauprint": 2, "ldautype": 2, "lmaxmix": 4, "lorbit": 11, "nelm": 250, "npar": 4, "nsw": 200, "laechg": true, "lasph": true, "ldau": true, "lvhar": true, "lvtot": false, "lsol": true, "lreal": "auto", "ldau_luj": {"Cr": {"L": 2, "U": 3.5, "J": 0.0}, "Fe": {"L": 2, "U": 4.3, "J": 0.0}, "Co": {"L": 2, "U": 3.32, "J": 0.0}, "Mn": {"L": 2, "U": 3.75, "J": 0.0}, "Ni": {"L": 2, "U": 6.45, "J": 0.0}, "Ti": {"L": 2, "U": 3.0, "J": 0.0}, "V": {"L": 2, "U": 3.25, "J": 0.0}, "Cu": {"L": 2, "U": 3.0, "J": 0.0}}, "xc": "PBE", "pp": "PBE", "setups": "recommended", "txt": "-", "kpts": [5, 5, 1], "gamma": true, "reciprocal": false, "ignore_constraints": false, "custom": {}},
 "cell": {"array": {"__ndarray__": [[3, 3], "float64", [9.84, 0.0, 0.0, -4.92, 8.521689973, 0.0, 0.0, 0.0, 20.0]]}, "__ase_objtype__": "cell"},
 "ctime": 25.212253407984985,
 "dipole": {"__ndarray__": [[1, 3], "float64", [0.0, 0.0, 0.0]]},
 "energy": -279.34076455,
 "forces": {"__ndarray__": [[32, 3], "float64", [0.00133495, -0.01200155, 0.00050008, -0.0022969, 0.01104348, 0.00417647, 0.00289291, 0.00801198, 0.00320639, 0.00151576, 0.00645394, -0.00050646, -0.00561457, 0.0013662, 0.0030107, 0.01481788, 0.00205303, 0.00023029, -0.00598399, -0.00951633, -0.00162067, 0.00256646, -0.00620839, 0.00389632, 0.00662837, 0.00435936, 0.00080512, 0.01180369, 0.00226558, 0.00444051, -0.0049346, 0.00013691, -0.0032131, -0.00244626, 0.00613742, -0.00458726, -0.01668111, 0.00307692, -0.00173267, -0.0060538, 0.00936197, 0.00610167, -0.00213165, 0.00605135, 0.00897209, 0.00280138, -0.00792814, 0.00619249, 0.00142732, -0.00425721, 0.00347691, 0.00511521, 0.00547493, -0.0035775, -0.00242527, -0.00061201, -0.00112084, -0.00892046, -0.00240184, 0.00030441, -0.00483003, 0.00193359, 0.00583718, -0.00984205, -0.01107231, -0.00070495, 0.00284249, -0.00026382, 0.0062458, 0.00361371, -0.01645879, -0.00268447, 0.00384273, -0.00252061, -0.00389169, 0.0096343, 0.00259371, -0.00069901, 0.00081075, 0.00525367, 0.00154361, 0.00105125, -0.00085706, -0.00790055, -0.00397901, 0.00257653, -0.00795131, 0.0007888, -0.00427757, -0.00143733, -0.00437204, 0.00389831, -0.00865407, 0.00702377, -0.00367327, -0.00865818]]},
 "free_energy": -279.3407649,
 "magmom": -5.4e-06,
 "magmoms": {"__ndarray__": [[32], "float64", [0.0, -0.0, -0.0, 0.0, -0.0, 0.0, 0.0, -0.0, 0.0, -0.0, -0.0, -0.0, 0.0, 0.0, 0.0, 0.0, 0.0, 0.0, 0.0, 0.0, -0.0, 0.0, 0.0, 0.0, -0.0, -0.0, 0.0, 0.0, 0.0, 0.0, -0.0, -0.0]]},
 "mtime": 25.212253407984985,
 "numbers": {"__ndarray__": [[32], "int64", [6, 6, 6, 6, 6, 6, 6, 6, 6, 6, 6, 6, 6, 6, 6, 6, 6, 6, 6, 6, 6, 6, 6, 6, 6, 6, 7, 7, 7, 7, 1, 1]]},
 "pbc": {"__ndarray__": [[3], "bool", [true, true, true]]},
 "positions": {"__ndarray__": [[32, 3], "float64", [4.929514380699122, 7.806510985157114, 9.904020994472742, -0.00884305720989903, 0.7148494960035319, 9.90406480235298, -2.4561382869252464, 7.850793091889368, 9.905608003273242, 2.459819648618719, 0.7703017368550665, 9.907934812811831, -0.008596156604655292, 7.810079381095838, 9.908975538473818, 4.929003650464794, 0.7110111064976077, 9.908892706989594, 2.4607629474243753, 7.750969939346531, 9.908307923902832, 7.376717727340936, 0.6704690173838329, 9.905736459372582, 8.598717657003752, 1.40540472320734, 9.90350771553988, -1.239162799987828, 2.8356103947617437, 9.901470548677745, 1.201191463737969, 1.4828492450198896, 9.90665615445435, 3.7144201576955225, 1.4461271801907858, 9.910245822413154, 6.162131970286273, 1.4057262416708198, 9.906900168980279, 6.156728947249643, 2.842183351281013, 9.9034828300112, 7.381198294526847, 3.5522446900224844, 9.90118700733221, -2.4602646818245404, 4.968992101825421, 9.901245748029503, 0.008960290963221151, 3.5244389301810037, 9.905013563960974, -0.010906280317628969, 4.971771976382508, 9.907306173749745, 4.931841901718985, 3.549278148331139, 9.907157561002654, 4.911947034091087, 4.996792294265914, 9.905444176544645, 6.159952934047862, 5.685593512707736, 9.901294357825357, -3.6779901966313995, 7.115941529958764, 9.903487249241516, -1.2357898190070489, 5.678936791517511, 9.903522319854778, -1.2415845715472664, 7.11558996688794, 9.906865350282494, 1.206126505332997, 7.074971128100924, 9.910560314370072, 3.7193269475605097, 7.038479118935789, 9.90655525744776, 1.187512127147629, 2.8459679062626027, 9.907927444119686, 3.771827098680811, 2.819188328078921, 9.912912991454292, 1.149080409442632, 5.701950345704105, 9.913256645325506, 3.733310375783008, 5.675291722368891, 9.908579663870189, 2.1083358655515547, 5.266649074378089, 9.915132420792933, 2.81259751468714, 3.254626543729886, 9.914627273069247]]},
 "stress": {"__ndarray__": [[6], "float64", [-0.0038924465499228437, 0.006105288988124024, 0.00045772172086359784, -1.5692589489569466e-06, 5.666566271243396e-06, -0.000538631271232191]]},
 "unique_id": "bee7de7af5e1300a277d785b2de166b2",
 "user": "jiuy97"},
"ids": [1],
"nextid": 2}
