{"1": {
 "calculator": "vasp",
 "calculator_parameters": {"encut": 500, "sigma": 0.05, "eb_k": 78.4, "tau": 0, "lambda_d_k": 3.0, "ediff": 1e-05, "ediffg": -0.02, "algo": "normal", "gga": "PE", "prec": "normal", "ibrion": 2, "isif": 2, "ismear": 0, "ispin": 2, "kpar": 5, "ldauprint": 2, "ldautype": 2, "lmaxmix": 4, "lorbit": 11, "nelm": 250, "npar": 4, "nsw": 200, "laechg": true, "lasph": true, "ldau": true, "lvhar": true, "lvtot": false, "lsol": true, "lreal": "auto", "ldau_luj": {"Cr": {"L": 2, "U": 3.5, "J": 0.0}, "Fe": {"L": 2, "U": 4.3, "J": 0.0}, "Co": {"L": 2, "U": 3.32, "J": 0.0}, "Mn": {"L": 2, "U": 3.75, "J": 0.0}, "Ni": {"L": 2, "U": 6.45, "J": 0.0}, "Ti": {"L": 2, "U": 3.0, "J": 0.0}, "V": {"L": 2, "U": 3.25, "J": 0.0}, "Cu": {"L": 2, "U": 3.0, "J": 0.0}}, "xc": "PBE", "pp": "PBE", "setups": "recommended", "txt": "-", "kpts": [5, 5, 1], "gamma": true, "reciprocal": false, "ignore_constraints": false, "custom": {}},
 "cell": {"array": {"__ndarray__": [[3, 3], "float64", [9.84, 0.0, 0.0, -4.92, 8.521689973, 0.0, 0.0, 0.0, 20.0]]}, "__ase_objtype__": "cell"},
 "ctime": 25.212253620559125,
 "dipole": {"__ndarray__": [[1, 3], "float64", [0.0, 0.0, 0.0]]},
 "energy": -269.56974578,
 "forces": {"__ndarray__": [[30, 3], "float64", [-0.00321294, -0.00682315, -0.00083925, 0.0015077, 0.00701717, 0.00133219, -0.00220785, 0.00521849, -0.00272385, -0.00659102, 0.0001754, -0.00634797, -0.00313419, -0.00661999, -0.00329932, -0.00303166, 0.01062674, -0.00388981, -0.00095912, -0.00136903, -0.00584095, 0.01160343, -0.00442006, -0.00200104, 0.0064117, 0.00093773, 0.00679671, -0.0038796, -0.00372905, 0.00684313, -0.00399933, -0.0012714, -6.961e-05, -0.00150449, -0.00031434, -0.00140398, -0.00019913, -0.0054212, -0.00188732, -0.00458299, 0.00071462, 0.00496196, 0.00106099, -0.00237774, 0.00068607, -0.00416314, 0.00474197, 0.00016166, -0.00327852, -0.00147655, 0.00491037, -0.01040512, -0.00379607, 0.00299258, 0.01259602, 0.00065975, 0.00252012, 0.00113095, 0.00370773, 0.00310555, 0.00771029, 0.00268507, 0.00421435, -0.00989786, 0.00079022, 0.00485527, 0.00464065, 0.00525586, 0.00451682, -0.00082868, 1.878e-05, -0.00204868, 0.00944192, -0.01138311, -0.00329411, 0.00614296, -0.00114279, -0.00130945, 0.00233583, 0.00428942, -0.00022176, 0.00239425, 0.00426832, -0.00572534, -0.00212376, 0.00422209, -0.00619114, -0.00297728, -0.00518488, -0.00080321]]},
 "free_energy": -269.57046717,
 "magmom": -1.6e-06,
 "magmoms": {"__ndarray__": [[30], "float64", [0.0, -0.0, -0.0, -0.0, 0.0, 0.0, -0.0, 0.0, 0.0, -0.0, 0.0, -0.0, 0.0, -0.0, -0.0, -0.0, 0.0, 0.0, -0.0, 0.0, -0.0, 0.0, -0.0, 0.0, -0.0, 0.0, 0.0, 0.0, 0.0, -0.0]]},
 "mtime": 25.212253620559125,
 "numbers": {"__ndarray__": [[30], "int64", [6, 6, 6, 6, 6, 6, 6, 6, 6, 6, 6, 6, 6, 6, 6, 6, 6, 6, 6, 6, 6, 6, 6, 6, 6, 6, 7, 7, 7, 7]]},
 "pbc": {"__ndarray__": [[3], "bool", [true, true, true]]},
 "positions": {"__ndarray__": [[30, 3], "float64", [4.930563532768619, 7.809786206632307, 9.904852719740433, -0.009759491202284254, 0.7113712048877849, 9.904776752866038, -2.4594062590005135, 7.884919359020162, 9.905255255339382, 2.460482268280918, 0.7909769300891357, 9.906840655126006, -0.009412413468646186, 7.809870848444946, 9.908423521860113, 4.930265219919112, 0.7113445734921935, 9.908338962949667, 2.4603669663803425, 7.730298321470521, 9.907058624699781, 7.380080035314346, 0.6363778123812807, 9.905287560878257, 8.597632818664172, 1.3949784102382752, 9.90340955301597, -1.243895593622651, 2.822581790189541, 9.903164801993356, 1.1884723004484177, 1.4949783802788001, 9.905967314312912, 3.7320255651874024, 1.4951921095041785, 9.909470103402331, 6.162804329458495, 1.3948821489797532, 9.906123403340425, 6.164498748394306, 2.8224460121474975, 9.904416785387742, 7.380179752891852, 3.550825371045033, 9.902823820920991, -2.4596984699984077, 4.9704244805889415, 9.902936050296592, 0.005326561791605844, 3.51225730023354, 9.905807559651008, 0.005574707556390557, 5.008882891876018, 9.907491992434347, 4.9151755158333685, 3.5123065772870286, 9.907520986969645, 4.915454919657991, 5.0088680247095345, 9.906080528008921, 6.164516951687986, 5.698683102081207, 9.903445665162513, -3.6768134760323656, 7.1262647229876555, 9.903572364414618, -1.2438053142886365, 5.698632626501859, 9.904598535593829, -1.2420102056771491, 7.126345138338357, 9.906267439236224, 1.1885692416762783, 7.026252851865164, 9.909696759020449, 3.732161293925156, 7.02618190612669, 9.906172349669205, 1.1566352533457644, 2.8447457101934366, 9.906202508903188, 3.76372230370042, 2.844983893407173, 9.911708918845022, 1.1569763264193962, 5.676223508772557, 9.9118343620835, 3.7641066099882603, 5.676427786229466, 9.906624143877051]]},
 "stress": {"__ndarray__": [[6], "float64", [-0.008132940876077476, 0.010813400916653795, -0.0010487259383182234, 3.8090681893440353e-07, -1.4551641621358004e-06, -1.3236006395731324e-05]]},
 "unique_id": "69fb8a339108cf2852c58e67daac6453",
 "user": "jiuy97"},
"ids": [1],
"nextid": 2}
