{"1": {
 "calculator": "vasp",
 "calculator_parameters": {"encut": 500, "sigma": 0.05, "eb_k": 78.4, "tau": 0, "lambda_d_k": 3.0, "nupdown": 0, "ediff": 1e-05, "ediffg": -0.02, "algo": "normal", "gga": "PE", "prec": "normal", "ibrion": 2, "isif": 2, "ismear": 0, "ispin": 2, "kpar": 5, "ldauprint": 2, "ldautype": 2, "lmaxmix": 4, "lorbit": 11, "nelm": 250, "npar": 4, "nsw": 200, "laechg": true, "lasph": true, "ldau": true, "lvhar": true, "lvtot": false, "lsol": true, "lreal": "auto", "ldau_luj": {"Cr": {"L": 2, "U": 3.5, "J": 0.0}, "Fe": {"L": 2, "U": 4.3, "J": 0.0}, "Co": {"L": 2, "U": 3.32, "J": 0.0}, "Mn": {"L": 2, "U": 3.75, "J": 0.0}, "Ni": {"L": 2, "U": 6.45, "J": 0.0}, "Ti": {"L": 2, "U": 3.0, "J": 0.0}, "V": {"L": 2, "U": 3.25, "J": 0.0}, "Cu": {"L": 2, "U": 3.0, "J": 0.0}}, "xc": "PBE", "pp": "PBE", "setups": "recommended", "txt": "-", "kpts": [5, 5, 1], "gamma": true, "reciprocal": false, "ignore_constraints": false, "custom": {}},
 "cell": {"array": {"__ndarray__": [[3, 3], "float64", [9.84, 0.0, 0.0, -4.92, 8.521689973, 0.0, 0.0, 0.0, 20.0]]}, "__ase_objtype__": "cell"},
 "ctime": 25.21892114962518,
 "dipole": {"__ndarray__": [[1, 3], "float64", [0.0, 0.0, 0.0]]},
 "energy": -275.90406051,
 "forces": {"__ndarray__": [[31, 3], "float64", [0.00978475, 0.00195087, -0.00381183, -0.01778219, -0.00104159, 0.00346447, 0.00367209, -0.00242522, 0.00363411, 0.00511601, -0.00982153, -0.00603342, -0.01049519, 0.00276076, 0.00138167, 0.01331232, -0.00383733, -0.0031871, 0.00302302, 0.01390249, -0.00936912, -0.00595908, 0.008072, 0.0052133, -0.00285788, -0.00168962, -0.00408612, -0.00255808, 0.00543348, 0.00063281, 0.00494024, -0.01102052, -0.00305056, 0.00428451, -0.00718385, -0.00519861, 0.00553294, -0.00410674, -0.00218507, 6.728e-05, -0.00156446, 0.00301052, -0.0020861, 0.01052238, 0.01421131, -0.00254243, -0.00661842, 0.01024132, -0.00313848, -0.00617601, -0.00282213, -0.00415835, 0.00144457, 0.00128728, 0.00075229, -0.00381749, 0.0038388, -0.00047741, -0.002528, 0.00253159, 0.00076157, 0.00169906, 0.00024944, 0.00846068, -0.00364296, -0.00243601, -0.00345757, 9.62e-06, -0.00166905, -0.00566338, -0.00091544, -0.00372297, 0.00226042, 0.0080569, -0.00530938, 0.00342599, 0.0097591, -0.00377044, 0.00318934, 0.00717404, 0.00011728, -0.00319997, 0.00372492, 0.0008792, 0.00367932, -0.00680076, -0.00328553, -0.00587459, -0.00057995, -0.00010312, -0.00201207, -0.00074029, 0.00934734]]},
 "free_energy": -275.90406051,
 "initial_magmoms": {"__ndarray__": [[31], "float64", [0.0, 0.0, 0.0, 0.0, 0.0, 0.0, 0.0, 0.0, 0.0, 0.0, 0.0, 0.0, 0.0, 0.0, 0.0, 0.0, 0.0, 0.0, 0.0, 0.0, 0.0, 0.0, 0.0, 0.0, 0.0, 0.0, 0.0, 0.0, 0.0, 0.0, 0.0]]},
 "magmom": -0.0,
 "magmoms": {"__ndarray__": [[31], "float64", [0.0, 0.0, 0.0, -0.0, 0.0, 0.0, -0.0, 0.0, -0.0, 0.0, -0.0, -0.0, -0.0, 0.0, 0.0, -0.0, 0.0, -0.0, 0.0, 0.0, 0.0, -0.0, 0.0, 0.0, -0.0, 0.0, 0.0, -0.0, -0.0, 0.0, 0.0]]},
 "mtime": 25.21892114962518,
 "numbers": {"__ndarray__": [[31], "int64", [6, 6, 6, 6, 6, 6, 6, 6, 6, 6, 6, 6, 6, 6, 6, 6, 6, 6, 6, 6, 6, 6, 6, 6, 6, 6, 7, 7, 7, 7, 26]]},
 "pbc": {"__ndarray__": [[3], "bool", [true, true, true]]},
 "positions": {"__ndarray__": [[31, 3], "float64", [4.925569249313339, 7.801623168547664, 9.903698061090502, -0.004994368879034927, 0.7193528433677268, 9.90351524553107, -2.460165793749457, 7.881725555314074, 9.904589775032528, 2.459841567621508, 0.8107041233159924, 9.906265591254057, -0.005448199658394159, 7.801734642332725, 9.903960518005906, 4.925751082962967, 0.7197922788738382, 9.903938876809521, 2.460421308904432, 7.710421752183848, 9.903531015706209, 7.380698248925224, 0.6394837603897625, 9.902698328325577, 8.5916661679752, 1.3875964954491977, 9.902933069796372, -1.2561009206845246, 2.822767117421601, 9.902475318464838, 1.2052039965233472, 1.503039461525941, 9.905266574247637, 3.715336700873758, 1.5039534954196667, 9.905396944702735, 6.169101236895403, 1.3877165866880268, 9.90275522718593, 6.177547595502618, 2.8224899478467473, 9.901474047187246, 7.380757044559217, 3.5519347350249593, 9.901807657523547, -2.459514756530953, 4.969134299044472, 9.902460040037385, -0.056457019889516236, 3.5420760839031113, 9.903490648208813, -0.056520936517177045, 4.979928259471658, 9.903894944114779, 4.977711368316417, 3.5414701426364195, 9.902302188609193, 4.9776532454247135, 4.979260735710817, 9.902895368728167, 6.177186041350923, 5.698347599863627, 9.902593357564482, -3.6710505818858685, 7.133543784844441, 9.903828357115149, -1.2564774641004024, 5.698791400912545, 9.90346015519751, -1.2485918832773581, 7.133614892570097, 9.90422096127374, 1.2049114513671064, 7.017496355236743, 9.90378204654378, 3.7150873589668096, 7.0179765004751005, 9.903266328225842, 1.155094871697059, 2.8900721112516825, 9.904855682655175, 3.7660928624742236, 2.890162563575624, 9.904163665719999, 1.1547869666281034, 5.631399017213132, 9.903628902180987, 3.765838692003874, 5.6309213276709835, 9.902442943692197, 2.4605448668865395, 4.260658961917777, 9.903788159269212]]},
 "stress": {"__ndarray__": [[6], "float64", [-0.011753512350340745, 0.01434549221453725, 0.0003489536251757544, -2.9811819358686278e-06, 1.079980807069832e-06, 5.5915839013595974e-05]]},
 "unique_id": "11590d8630e01af6201b9c5acae54a19",
 "user": "jiuy97"},
"ids": [1],
"nextid": 2}
