{"1": {
 "calculator": "vasp",
 "calculator_parameters": {"encut": 500, "sigma": 0.05, "eb_k": 78.4, "tau": 0, "lambda_d_k": 3.0, "nupdown": 3, "ediff": 1e-05, "ediffg": -0.02, "algo": "normal", "gga": "PE", "prec": "normal", "ibrion": 2, "isif": 2, "ismear": 0, "ispin": 2, "kpar": 5, "ldauprint": 2, "ldautype": 2, "lmaxmix": 4, "lorbit": 11, "nelm": 250, "npar": 4, "nsw": 200, "laechg": true, "lasph": true, "ldau": true, "lvhar": true, "lvtot": false, "lsol": true, "lreal": "auto", "ldau_luj": {"Cr": {"L": 2, "U": 3.5, "J": 0.0}, "Fe": {"L": 2, "U": 4.3, "J": 0.0}, "Co": {"L": 2, "U": 3.32, "J": 0.0}, "Mn": {"L": 2, "U": 3.75, "J": 0.0}, "Ni": {"L": 2, "U": 6.45, "J": 0.0}, "Ti": {"L": 2, "U": 3.0, "J": 0.0}, "V": {"L": 2, "U": 3.25, "J": 0.0}, "Cu": {"L": 2, "U": 3.0, "J": 0.0}}, "xc": "PBE", "pp": "PBE", "setups": "recommended", "txt": "-", "kpts": [5, 5, 1], "gamma": true, "reciprocal": false, "ignore_constraints": false, "custom": {}},
 "cell": {"array": {"__ndarray__": [[3, 3], "float64", [9.84, 0.0, 0.0, -4.92, 8.521689973, 0.0, 0.0, 0.0, 20.0]]}, "__ase_objtype__": "cell"},
 "ctime": 25.219945301008256,
 "dipole": {"__ndarray__": [[1, 3], "float64", [0.0, 0.0, 0.0]]},
 "energy": -288.12429963,
 "forces": {"__ndarray__": [[33, 3], "float64", [-0.00154082, -0.00255062, 0.00024294, 0.00092756, -0.00826219, 0.00329433, -0.00248724, -0.00808182, -0.00836787, -0.00066958, -0.00549402, 0.0036551, -0.00418348, 0.00913561, -0.00382435, -0.00317895, -0.00055116, 0.00231621, -0.00378497, 0.00465207, 0.00587916, -0.00110344, 0.01081259, -0.00674457, -0.00685684, -0.00580825, -0.01003585, 0.00348792, 0.00096125, -0.00419888, -0.00081662, -0.00304834, 0.00211597, 0.01534064, -0.00757681, 0.00026707, -0.00639483, -0.00012596, -0.01651315, -0.00120231, -0.01095124, -0.00640909, 0.00774779, -0.01474157, -0.00095945, 0.00199062, 0.01073307, -0.00131802, -0.00854341, 0.00318713, 0.00531657, -0.0021401, -0.00848629, 0.01071685, -0.00561023, 0.00663079, 6.05e-06, -0.00227353, -0.00319552, 0.00419966, -0.00144269, 0.00560095, -0.00877915, -0.0041217, -0.00231096, -0.01412379, 0.00360114, 0.0070047, -0.00698249, 0.00222325, 0.0025194, -0.0079537, -0.00147005, 0.00202819, 0.00343445, 0.0179773, 0.00860374, -0.00025148, -0.00869176, -0.00486718, 0.01416292, 0.00789424, -0.00358721, 0.0155795, -0.00913791, 0.0017288, 0.00963183, 0.00690804, 0.00095416, 0.01336762, -0.00099206, 0.00269957, -0.00046582, 0.00461103, 0.0119687, -0.00419719, 0.00393296, 0.0004184, 0.00693863]]},
 "free_energy": -288.12568899,
 "initial_magmoms": {"__ndarray__": [[33], "float64", [0.0, 0.0, 0.0, 0.0, 0.0, 0.0, 0.0, 0.0, 0.0, 0.0, 0.0, 0.0, 0.0, 0.0, 0.0, 0.0, 0.0, 0.0, 0.0, 0.0, 0.0, 0.0, 0.0, 0.0, 0.0, 0.0, 0.0, 0.0, 0.0, 0.0, 3.0, 0.0, 0.0]]},
 "magmom": 2.9999983,
 "magmoms": {"__ndarray__": [[33], "float64", [-0.002, -0.002, -0.007, -0.035, -0.002, -0.002, -0.035, -0.007, -0.013, -0.002, 0.003, 0.004, -0.013, -0.002, -0.022, -0.022, -0.016, -0.016, -0.015, -0.015, -0.002, -0.013, -0.002, -0.013, 0.003, 0.004, -0.034, -0.034, -0.034, -0.034, 3.575, 0.044, 0.006]]},
 "mtime": 25.219945301008256,
 "numbers": {"__ndarray__": [[33], "int64", [6, 6, 6, 6, 6, 6, 6, 6, 6, 6, 6, 6, 6, 6, 6, 6, 6, 6, 6, 6, 6, 6, 6, 6, 6, 6, 7, 7, 7, 7, 26, 8, 1]]},
 "pbc": {"__ndarray__": [[3], "bool", [true, true, true]]},
 "positions": {"__ndarray__": [[33, 3], "float64", [4.9312000133023295, 7.806701027247254, 9.895681548334537, -0.0067447703206993115, 0.7153017133396862, 9.894796410538465, -2.45757443910179, 7.886553730649425, 9.88513156784202, 2.4623522246238077, 0.8051159504988946, 9.945392114227737, -0.0066186161101136065, 7.80628261733589, 9.895271923524803, 4.93136082072536, 0.7149696085633871, 9.895562398933052, 2.4623868662935315, 7.716449433759663, 9.946549807427626, 7.382397539962777, 0.6349969265551129, 9.885899172998073, 8.594300894812516, 1.3892117457549842, 9.860351146649892, -1.254270361851407, 2.820236670897493, 9.803995198843833, 1.1954580800188956, 1.4975615087208247, 9.94378978330573, 3.7288922124085135, 1.4975521088056003, 9.944054756736655, 6.170514888319881, 1.3888660788908327, 9.861509118149964, 6.178082446475234, 2.820307617458799, 9.80501819193132, 7.381797325717253, 3.549671455802962, 9.75973180438116, -2.4581833988316713, 4.97218165780038, 9.75939367459105, -0.03441239865387402, 3.5245662425222872, 9.875287532162478, -0.03447658792512165, 4.997194052322511, 9.875479337440673, 4.9589484182342805, 3.52476655667759, 9.875927468676839, 4.9588427310473975, 4.996805544117817, 9.876175002063796, 6.177958526397008, 5.701512197225483, 9.804666979656458, -3.6696466095308753, 7.13289866554065, 9.860823180548241, -1.2542515136009635, 5.70136564711559, 9.803822076818399, -1.2457655887979953, 7.132472242621774, 9.859931337122791, 1.195511748051711, 7.023959609277081, 9.944794479504578, 3.7288655096382834, 7.024080736817219, 9.945386913187903, 1.136476836734042, 2.8640723402413744, 9.990041761146195, 3.7873258039913122, 2.864302177397915, 9.98911913810009, 1.1364632295264783, 5.657511090611631, 9.991740332339255, 3.7873538835749616, 5.657272444116896, 9.991143536243102, 2.462195056117435, 4.259847315994697, 10.832899096679125, 2.395693510189048, 4.251936903840995, 12.733828292257215, 3.269585718562368, 4.263706381477455, 13.159584917637012]]},
 "stress": {"__ndarray__": [[6], "float64", [-0.011743787049273613, 0.012245227988786791, 0.00031266927971390857, -9.328053977305921e-06, -0.0003301381090780675, -2.103076499966364e-06]]},
 "unique_id": "c2a2ed4d0157177eeabf3d55b986d088",
 "user": "jiuy97"},
"ids": [1],
"nextid": 2}
