{"1": {
 "calculator": "vasp",
 "calculator_parameters": {"encut": 500, "sigma": 0.05, "eb_k": 78.4, "tau": 0, "lambda_d_k": 3.0, "nupdown": 2, "ediff": 1e-05, "ediffg": -0.02, "algo": "normal", "gga": "PE", "prec": "normal", "ibrion": 2, "isif": 2, "ismear": 0, "ispin": 2, "kpar": 5, "ldauprint": 2, "ldautype": 2, "lmaxmix": 4, "lorbit": 11, "nelm": 250, "npar": 4, "nsw": 200, "laechg": true, "lasph": true, "ldau": true, "lvhar": true, "lvtot": false, "lsol": true, "lreal": "auto", "ldau_luj": {"Cr": {"L": 2, "U": 3.5, "J": 0.0}, "Fe": {"L": 2, "U": 4.3, "J": 0.0}, "Co": {"L": 2, "U": 3.32, "J": 0.0}, "Mn": {"L": 2, "U": 3.75, "J": 0.0}, "Ni": {"L": 2, "U": 6.45, "J": 0.0}, "Ti": {"L": 2, "U": 3.0, "J": 0.0}, "V": {"L": 2, "U": 3.25, "J": 0.0}, "Cu": {"L": 2, "U": 3.0, "J": 0.0}}, "xc": "PBE", "pp": "PBE", "setups": "recommended", "txt": "-", "kpts": [5, 5, 1], "gamma": true, "reciprocal": false, "ignore_constraints": false, "custom": {}},
 "cell": {"array": {"__ndarray__": [[3, 3], "float64", [9.84, 0.0, 0.0, -4.92, 8.521689973, 0.0, 0.0, 0.0, 20.0]]}, "__ase_objtype__": "cell"},
 "ctime": 25.220372653063958,
 "dipole": {"__ndarray__": [[1, 3], "float64", [0.0, 0.0, 0.0]]},
 "energy": -282.94213943,
 "forces": {"__ndarray__": [[32, 3], "float64", [-0.012353, 0.00461953, -0.00231506, 0.01427315, -0.00062898, -0.00704471, 0.00185342, -0.00177004, -0.00299745, 0.00212901, -0.00129928, -0.00382113, 0.01091638, 0.00371371, -0.00537519, -0.00930504, 0.0011311, -0.00524873, -0.00360404, 0.00144755, -0.00260006, 0.0029653, -0.00034678, -0.00219823, 0.00028793, -0.00245863, 0.0009917, 0.00405988, -0.00251348, 0.00436589, 0.00040172, 0.00360298, -0.0055994, -0.0072575, 0.00095487, -0.00360006, 0.00226667, -0.00724916, 0.00011297, -0.01069316, -0.00695261, 0.00545727, -0.00017665, -0.00075404, 0.00781906, -0.00418711, 0.00479633, 0.00959944, 0.00311681, -0.00357685, 0.00018677, -7.855e-05, 0.0023189, 0.00019393, -0.00231111, -0.00337557, 7.237e-05, -0.00656988, 0.0053189, 7.645e-05, 0.00528536, 0.0008681, 0.00337279, 0.00075897, 0.00853484, 0.00100134, -0.00139346, 0.00434387, 0.00131863, -0.00185479, 0.0045812, 0.00233293, 0.00194156, -0.01179593, -0.00701787, -0.00038869, -0.0025175, -0.00647661, 0.01010986, 0.00266783, 0.00048823, -0.00652079, 0.00464492, 0.00241926, 0.01179186, -0.00054098, -0.00029172, -0.00854746, -0.00645495, 0.00107481, 0.00221038, -0.00148221, -0.00378035, 0.00087297, 0.00017235, 0.01748272]]},
 "free_energy": -282.94213943,
 "initial_magmoms": {"__ndarray__": [[32], "float64", [0.0, 0.0, 0.0, 0.0, 0.0, 0.0, 0.0, 0.0, 0.0, 0.0, 0.0, 0.0, 0.0, 0.0, 0.0, 0.0, 0.0, 0.0, 0.0, 0.0, 0.0, 0.0, 0.0, 0.0, 0.0, 0.0, 0.0, 0.0, 0.0, 0.0, 2.0, 0.0]]},
 "magmom": 2.0000002,
 "magmoms": {"__ndarray__": [[32], "float64", [-0.002, -0.002, -0.001, -0.013, -0.002, -0.002, -0.013, -0.001, -0.002, -0.002, 0.001, 0.001, -0.002, -0.002, -0.006, -0.006, -0.003, -0.003, -0.003, -0.003, -0.002, -0.002, -0.002, -0.002, 0.001, 0.001, -0.03, -0.03, -0.031, -0.03, 1.836, 0.334]]},
 "mtime": 25.220372653063958,
 "numbers": {"__ndarray__": [[32], "int64", [6, 6, 6, 6, 6, 6, 6, 6, 6, 6, 6, 6, 6, 6, 6, 6, 6, 6, 6, 6, 6, 6, 6, 6, 6, 6, 7, 7, 7, 7, 26, 8]]},
 "pbc": {"__ndarray__": [[3], "bool", [true, true, true]]},
 "positions": {"__ndarray__": [[32, 3], "float64", [4.926515075454729, 7.80178081980981, 9.957332717854015, -0.005821999497285568, 0.7192784178201997, 9.957181721574042, -2.4596219352898325, 7.882739970089732, 9.953126826090685, 2.460294296199359, 0.8098490194755201, 9.991208222913734, -0.005680409253135288, 7.801772463110817, 9.957373391419397, 4.926517182352915, 0.7193050921732645, 9.957223806233502, 2.460473826481442, 7.711419689687818, 9.991391060673466, 7.380361112786059, 0.6385794626699655, 9.95284723398579, 8.591653561845082, 1.3883854835911318, 9.936367448448657, -1.2572346029644415, 2.8208841262108355, 9.90454246074953, 1.2037480283893154, 1.5038409957220655, 9.986427540726188, 3.7170107109515484, 1.5039161391227327, 9.986316090742843, 6.169068145442619, 1.3884908251331725, 9.93678134328787, 6.177999804164745, 2.8208797560144947, 9.905084651408632, 7.380419856353394, 3.549900730217392, 9.88543692543268, -2.459538126931535, 4.971234896765835, 9.885515504580857, -0.049114738136533775, 3.537572410511164, 9.929038040383709, -0.04900607542446611, 4.983580997982505, 9.929302237192607, 4.96979978575796, 3.537591484105654, 9.929200923247416, 4.969880062479806, 4.983566566331114, 9.929314024743821, 6.177830162460377, 5.700425222587602, 9.90523442483022, -3.670877063424242, 7.13270201538321, 9.937018173015893, -1.2571131073452935, 5.70024919670365, 9.904980842202445, -1.2482472725049, 7.132719034156548, 9.93675002710731, 1.2038818903662412, 7.017480230047904, 9.98689352643908, 3.7170244486913955, 7.017276084967724, 9.986710420781156, 1.1467044706392235, 2.8860189580661695, 9.992473880367625, 3.7738783502834115, 2.886044493948366, 9.992295893862709, 1.1467641557893455, 5.6352094129885115, 9.992828256790096, 3.773972452385374, 5.635211966778917, 9.992657210405394, 2.460261818930518, 4.260733123866402, 10.410563767178209, 2.4600161325670005, 4.261020913959827, 12.083981405330785]]},
 "stress": {"__ndarray__": [[6], "float64", [-0.010149071930584497, 0.015505101102771006, 0.0006050804308428466, -6.41090368355973e-07, -6.871083909901977e-06, 1.6531760391544468e-06]]},
 "unique_id": "1c4afd3c6de784151c5d3cbfe2e4d059",
 "user": "jiuy97"},
"ids": [1],
"nextid": 2}
