{"1": {
 "calculator": "vasp",
 "calculator_parameters": {"encut": 500, "sigma": 0.05, "eb_k": 78.4, "tau": 0, "lambda_d_k": 3.0, "nupdown": 0, "ediff": 1e-05, "ediffg": -0.02, "algo": "normal", "gga": "PE", "prec": "normal", "ibrion": 2, "isif": 2, "ismear": 0, "ispin": 2, "kpar": 5, "ldauprint": 2, "ldautype": 2, "lmaxmix": 4, "lorbit": 11, "nelm": 250, "npar": 4, "nsw": 200, "laechg": true, "lasph": true, "ldau": true, "lvhar": true, "lvtot": false, "lsol": true, "lreal": "auto", "ldau_luj": {"Cr": {"L": 2, "U": 3.5, "J": 0.0}, "Fe": {"L": 2, "U": 4.3, "J": 0.0}, "Co": {"L": 2, "U": 3.32, "J": 0.0}, "Mn": {"L": 2, "U": 3.75, "J": 0.0}, "Ni": {"L": 2, "U": 6.45, "J": 0.0}, "Ti": {"L": 2, "U": 3.0, "J": 0.0}, "V": {"L": 2, "U": 3.25, "J": 0.0}, "Cu": {"L": 2, "U": 3.0, "J": 0.0}}, "xc": "PBE", "pp": "PBE", "setups": "recommended", "txt": "-", "kpts": [5, 5, 1], "gamma": true, "reciprocal": false, "ignore_constraints": false, "custom": {}},
 "cell": {"array": {"__ndarray__": [[3, 3], "float64", [9.84, 0.0, 0.0, -4.92, 8.521689973, 0.0, 0.0, 0.0, 20.0]]}, "__ase_objtype__": "cell"},
 "ctime": 25.2204686928528,
 "dipole": {"__ndarray__": [[1, 3], "float64", [0.0, 0.0, 0.0]]},
 "energy": -282.51369713,
 "forces": {"__ndarray__": [[32, 3], "float64", [0.00779373, -0.00287814, 0.00716949, -0.0015026, 0.00312534, 0.00455616, 0.00529168, 0.00790645, -0.00692761, 0.00160773, 0.00590018, -0.00651394, -0.01075276, -2.257e-05, -0.00225182, 0.00186726, 0.00197018, 0.00419142, -0.00025593, -0.01213095, -0.00839268, 0.0011019, -0.00596422, -0.00276643, -0.00149097, 0.00198775, -0.00641866, 0.00167896, 0.00806403, 0.0112994, -0.00619564, 0.0063805, 0.00106612, -0.00169694, 0.00865701, 0.00315702, 0.00911724, -0.00190445, -0.00784019, -0.00266697, 0.00718807, 0.00766936, 0.00161912, 0.00342179, 0.00150951, 0.00307944, -0.00029885, 0.00194868, 0.00738239, 0.00210346, 0.00342254, 0.01022609, -0.00124129, 0.00703235, -0.01112972, 0.00173314, 0.00190058, -0.01076191, -0.00081785, 5.499e-05, -0.00638757, -0.00662935, 0.0087602, 0.00863429, 0.0001249, -0.00723859, 0.00078593, -0.00602861, 0.00955078, -0.00896622, -0.00148089, -0.00490371, 0.00032576, -0.00698634, 0.00126765, 0.00141977, -0.00446479, -0.00197556, 0.00831759, 0.00630392, -0.00183147, -0.01444668, 0.00640368, -0.00659279, 0.01152614, -0.00577908, -0.00146628, -0.0112743, -0.0092675, -0.00298564, 0.00051212, -0.00289441, 0.00482999, 0.00524107, -0.0024811, -0.01128085]]},
 "free_energy": -282.51369713,
 "initial_magmoms": {"__ndarray__": [[32], "float64", [0.0, 0.0, 0.0, 0.0, 0.0, 0.0, 0.0, 0.0, 0.0, 0.0, 0.0, 0.0, 0.0, 0.0, 0.0, 0.0, 0.0, 0.0, 0.0, 0.0, 0.0, 0.0, 0.0, 0.0, 0.0, 0.0, 0.0, 0.0, 0.0, 0.0, 0.0, 0.0]]},
 "magmom": -1e-07,
 "magmoms": {"__ndarray__": [[32], "float64", [-0.002, -0.002, -0.0, 0.0, 0.002, 0.002, -0.0, 0.0, 0.0, -0.001, -0.0, 0.0, -0.0, 0.001, -0.0, 0.0, 0.001, -0.001, -0.001, 0.001, -0.001, 0.0, 0.001, -0.0, 0.0, -0.0, -0.02, 0.02, 0.02, -0.02, -0.0, 0.0]]},
 "mtime": 25.2204686928528,
 "numbers": {"__ndarray__": [[32], "int64", [6, 6, 6, 6, 6, 6, 6, 6, 6, 6, 6, 6, 6, 6, 6, 6, 6, 6, 6, 6, 6, 6, 6, 6, 6, 6, 7, 7, 7, 7, 26, 8]]},
 "pbc": {"__ndarray__": [[3], "bool", [true, true, true]]},
 "positions": {"__ndarray__": [[32, 3], "float64", [4.92542179790844, 7.801813444806201, 9.943193216259665, -0.0057296005585481535, 0.7199952573750477, 9.9433180333596, -2.4601958453676223, 7.882397801287588, 9.939462029574077, 2.459960863720658, 0.8098617137927102, 9.981500761701565, -0.005613114331039171, 7.801749614081763, 9.944232177016392, 4.925756528433816, 0.719931902412007, 9.94341328352082, 2.4598392677957586, 7.711975263385816, 9.9821524213607, 7.379905351550157, 0.639402224935298, 9.939100234437273, 8.591293149853808, 1.3886273138800755, 9.921094412245504, -1.2574382038830154, 2.821137363837871, 9.883304358823523, 1.2044899387359893, 1.504329844148767, 9.976936003874503, 3.7156956117955886, 1.5042493096435556, 9.976121323772546, 6.168661359956536, 1.388748251492013, 9.921087289605328, 6.177610164502623, 2.82122100154475, 9.88276606762213, 7.380056322407807, 3.55011046197447, 9.859320300248577, -2.4600204641494368, 4.971635127098634, 9.859565393959068, -0.049563489928720506, 3.538251645820019, 9.916396620577652, -0.04966294386419001, 4.983381715917792, 9.91698768355649, 4.969799097180454, 3.538401107312961, 9.914483188086393, 4.969696818457436, 4.983501567418452, 9.915179259836618, 6.177556889628393, 5.700634108087776, 9.883188574145155, -3.671492466333468, 7.133139273595011, 9.921196814652458, -1.2574755224996639, 5.70056884040976, 9.884050851639, -1.2487077917622447, 7.133118101360517, 9.921672301616073, 1.2043960004122294, 7.0173292690889, 9.978116912364115, 3.7154072283175594, 7.017437041618338, 9.97722719545374, 1.1481237153448145, 2.8882156754570483, 9.986400161633103, 3.772363567469574, 2.888053824417721, 9.984073999135196, 1.1480784886680317, 5.63334695791692, 9.988236865464142, 3.7720469412251525, 5.633624048179019, 9.985711624827834, 2.4607962716765717, 4.26033651765464, 10.397544924914644, 2.470474067636379, 4.253414410048486, 12.056225714716483]]},
 "stress": {"__ndarray__": [[6], "float64", [-0.009790644718163148, 0.015757399628883662, 0.0006438801544144964, -1.0046258190912183e-05, 1.5443509584882843e-05, 5.741021233606058e-06]]},
 "unique_id": "a3303a97d33ad0d7486d5a493408aff7",
 "user": "jiuy97"},
"ids": [1],
"nextid": 2}
