{"1": {
 "calculator": "vasp",
 "calculator_parameters": {"encut": 500, "sigma": 0.05, "eb_k": 78.4, "tau": 0, "lambda_d_k": 3.0, "nupdown": 1, "ediff": 1e-05, "ediffg": -0.02, "algo": "normal", "gga": "PE", "prec": "normal", "ibrion": 2, "isif": 2, "ismear": 0, "ispin": 2, "kpar": 5, "ldauprint": 2, "ldautype": 2, "lmaxmix": 4, "lorbit": 11, "nelm": 250, "npar": 4, "nsw": 200, "laechg": true, "lasph": true, "ldau": true, "lvhar": true, "lvtot": false, "lsol": true, "lreal": "auto", "ldau_luj": {"Cr": {"L": 2, "U": 3.5, "J": 0.0}, "Fe": {"L": 2, "U": 4.3, "J": 0.0}, "Co": {"L": 2, "U": 3.32, "J": 0.0}, "Mn": {"L": 2, "U": 3.75, "J": 0.0}, "Ni": {"L": 2, "U": 6.45, "J": 0.0}, "Ti": {"L": 2, "U": 3.0, "J": 0.0}, "V": {"L": 2, "U": 3.25, "J": 0.0}, "Cu": {"L": 2, "U": 3.0, "J": 0.0}}, "xc": "PBE", "pp": "PBE", "setups": "recommended", "txt": "-", "kpts": [5, 5, 1], "gamma": true, "reciprocal": false, "ignore_constraints": false, "custom": {}},
 "cell": {"array": {"__ndarray__": [[3, 3], "float64", [9.84, 0.0, 0.0, -4.92, 8.521689973, 0.0, 0.0, 0.0, 20.0]]}, "__ase_objtype__": "cell"},
 "ctime": 25.221651384692436,
 "dipole": {"__ndarray__": [[1, 3], "float64", [0.0, 0.0, 0.0]]},
 "energy": -292.66930911,
 "forces": {"__ndarray__": [[34, 3], "float64", [-0.01017896, -0.00386666, 0.00271879, 0.00587635, 0.0016991, 0.00131663, 0.00286055, 0.00221994, 0.00081616, 0.00497431, 0.00854513, -0.00502377, 0.00872772, -0.00389983, 0.00307038, -0.00874926, 0.00636392, -0.00240865, -0.00042806, -0.00659193, -0.00219429, 0.00471136, 0.00091099, 0.00339555, -0.00195782, -0.0039347, 0.00213278, 0.00848743, -0.00093595, 0.00175549, -0.00455872, 0.00378228, -0.00198746, 0.00253525, 0.00397673, -0.00209, -0.00147469, -0.00059094, 0.00012946, -0.00913163, -0.00706229, 0.00514264, 0.00244012, 0.00965245, 0.0076729, 0.00303431, -0.00450635, 0.01002919, 0.00317393, 0.00412622, -0.00261567, 0.00250208, -0.00277014, 0.001817, -0.00103068, 0.00378307, 0.00099643, -0.00531826, -0.00262447, -0.00117274, -0.0070456, 0.00348769, 0.00634085, -0.00049366, -0.00196523, 0.0065051, 0.00413569, 0.00047299, 0.00093257, 0.00444882, 0.00297742, 0.00576009, -0.00201471, 0.00446044, 6.618e-05, 0.00075494, -0.00050524, -0.00162195, 0.00172434, -0.00098812, -0.00540542, 9.1e-06, -0.00402681, -0.00561458, -0.00141947, -8.16e-05, -0.00346641, 0.00380975, -0.00233757, -0.00387232, 0.0019669, -0.00522371, -0.01693006, -0.00376452, 0.00037162, 0.00432717, -0.00807884, -0.01147354, -0.00737668, -0.00052807, 0.00655507, -0.00314536]]},
 "free_energy": -292.66960099,
 "initial_magmoms": {"__ndarray__": [[34], "float64", [0.0, 0.0, 0.0, 0.0, 0.0, 0.0, 0.0, 0.0, 0.0, 0.0, 0.0, 0.0, 0.0, 0.0, 0.0, 0.0, 0.0, 0.0, 0.0, 0.0, 0.0, 0.0, 0.0, 0.0, 0.0, 0.0, 0.0, 0.0, 0.0, 0.0, 1.0, 0.0, 0.0, 0.0]]},
 "magmom": 1.0000002,
 "magmoms": {"__ndarray__": [[34], "float64", [-0.005, -0.005, -0.008, -0.044, -0.005, -0.005, -0.045, -0.007, -0.018, -0.003, -0.006, -0.006, -0.018, -0.003, -0.026, -0.024, -0.022, -0.02, -0.022, -0.02, -0.004, -0.018, -0.004, -0.018, -0.006, -0.006, -0.074, -0.074, -0.076, -0.076, 1.567, 0.42, -0.004, 0.002]]},
 "mtime": 25.221651384692436,
 "numbers": {"__ndarray__": [[34], "int64", [6, 6, 6, 6, 6, 6, 6, 6, 6, 6, 6, 6, 6, 6, 6, 6, 6, 6, 6, 6, 6, 6, 6, 6, 6, 6, 7, 7, 7, 7, 26, 8, 8, 1]]},
 "pbc": {"__ndarray__": [[3], "bool", [true, true, true]]},
 "positions": {"__ndarray__": [[34, 3], "float64", [4.93051029319393, 7.803986571813769, 9.929241273699386, -0.00952165880864525, 0.71412954439006, 9.93063671934895, -2.459857510297402, 7.888494309785166, 9.92793216256298, 2.4600674657052224, 0.8057017553455741, 9.951840108093105, -0.010056561044440748, 7.803790554969159, 9.928697655832071, 4.929810745296139, 0.7139438740356019, 9.930780590476422, 2.4601898978857575, 7.712257451881528, 9.948418729162782, 7.380031144824977, 0.6294501141124927, 9.927428903188536, 8.59119979764021, 1.384383604869816, 9.91935408685601, -1.2616875162385979, 2.8145435395517695, 9.903606391322866, 1.1958857360398851, 1.4983957487544481, 9.94796006433487, 3.724412649207165, 1.4984506701887788, 9.948420711751165, 6.169013535749519, 1.384326541320705, 9.91942987955664, 6.1819648894054, 2.81467007118062, 9.903977245698636, 7.380124614845681, 3.54814717118369, 9.892238199449965, -2.459790913602943, 4.968887897185572, 9.892957744442024, -0.05276413411972092, 3.5273988591921364, 9.92136272653023, -0.05322925907845644, 4.988956340253712, 9.917877219846284, 4.9731219574484635, 3.527524127868484, 9.922769118484817, 4.973828768270507, 4.9890757730690245, 9.91950830997151, 6.182120177582909, 5.702830109402135, 9.903743086368873, -3.6705281230498, 7.13320083491303, 9.918740525984301, -1.2615516681661294, 5.702758059857366, 9.903377993749169, -1.2491355689871861, 7.1330322647680084, 9.91842747938447, 1.1953725939220377, 7.0200453092081325, 9.942517766048418, 3.725198595089914, 7.0203428137212, 9.943724538424465, 1.1208229374425274, 2.861957682866779, 9.957695290270683, 3.7996178720349825, 2.8619577126025106, 9.959253705353245, 1.1206784884348355, 5.655478422671569, 9.944870548223065, 3.799999726391502, 5.655845205810042, 9.947100049493368, 2.460352366578482, 4.259876482450114, 10.048936926443886, 2.460034687944279, 4.281346421601662, 11.742751989544498, 2.4658222467806503, 4.220668636779303, 8.094750598345076, 2.459961725678601, 5.135645522396067, 7.761911661757646]]},
 "stress": {"__ndarray__": [[6], "float64", [-0.01377603372403423, 0.013656417979108238, 0.0008541557854693171, 0.00020632690285727582, -7.162000650259396e-06, -6.198330365750398e-06]]},
 "unique_id": "dd4281fd42ea425ff4fade621da27c8a",
 "user": "jiuy97"},
"ids": [1],
"nextid": 2}
