{"1": {
 "calculator": "vasp",
 "calculator_parameters": {"amix": 0.1, "amix_mag": 0.1, "bmix": 1e-05, "bmix_mag": 1e-05, "encut": 600, "sigma": 0.05, "ediff": 1e-05, "ediffg": -0.02, "algo": "Normal", "gga": "PE", "prec": "Normal", "ibrion": 2, "isif": 3, "ismear": 0, "ispin": 2, "kpar": 20, "ldautype": 2, "lmaxmix": 4, "lorbit": 11, "nelm": 250, "nsw": 199, "inimix": 0, "laechg": true, "lasph": true, "ldau": true, "lvtot": false, "lreal": "Auto", "ldau_luj": {"Mn": {"L": 2, "U": 2.75, "J": 0.0}, "O": {"L": -1, "U": 0.0, "J": 0.0}, "H": {"L": -1, "U": 0.0, "J": 0.0}}, "pp": "pbe", "txt": "-", "kpts": [9, 3, 2], "gamma": true, "reciprocal": false, "ignore_constraints": false, "custom": {}},
 "cell": {"array": {"__ndarray__": [[3, 3], "float64", [2.9072749653643353, 0.1563908235310174, 0.0092933880650683, 0.5599093230369343, 9.751161991139252, -0.1690128318645104, 0.0172512689632487, -0.1516708108271803, 10.683540006607195]]}, "__ase_objtype__": "cell"},
 "ctime": 26.348738431539253,
 "dipole": {"__ndarray__": [[1, 3], "float64", [0.0, 0.0, 0.0]]},
 "energy": -189.63075558,
 "forces": {"__ndarray__": [[30, 3], "float64", [-0.00690107, 0.0021008, -0.00649904, -0.00233431, 0.00258851, 0.00256271, -0.00162218, -0.00388429, -0.00427515, 0.00139739, 0.00332005, 0.00389187, 0.00215672, 0.00040854, 0.00100657, 0.00644803, -0.00325845, 0.00372584, 0.00298167, 0.00062864, 0.006887, -0.00343967, 0.0014389, -0.00670551, 0.00338887, -0.00905609, 0.00331282, -0.0004315, -0.00120125, -0.00760954, -0.00073054, -0.01072985, -0.00268706, 0.00825532, 0.00273426, -0.00182219, 0.00248791, -0.00011168, 0.00386685, 0.00038035, 0.00139107, -0.00061037, -0.00729227, 0.00940436, 0.01203524, 0.00692009, -0.01005, -0.01277786, 4.552e-05, -0.00300851, 0.00096009, -0.00172675, -0.00042257, -0.00331478, -0.01019442, -0.00225808, 0.00414677, 4.266e-05, 0.00867311, 0.0047994, 0.00048867, 0.00069701, 0.0068827, -0.0034318, 0.00918734, -0.00441746, -0.00027092, 0.00832189, 0.00295199, 0.00416907, -0.00122411, 0.0023553, 0.0023658, 0.00668564, 0.00372969, -0.01085648, 0.01164662, -0.00035814, -0.00408858, 0.00292365, -0.00401061, 0.00052304, -0.00790661, -0.00257474, 0.01342859, -0.01245816, -0.00134541, -0.00215922, -0.00658073, -0.00410699]]},
 "free_energy": -189.63075558,
 "initial_magmoms": {"__ndarray__": [[30], "float64", [-2.918, 3.027, 2.938, 2.938, 3.027, -2.918, -0.011, -0.011, -0.027, -0.021, -0.051, -0.012, -0.027, 0.024, -0.007, -0.007, 0.024, -0.028, -0.012, -0.051, -0.021, -0.027, 0.006, 0.006, 0.004, 0.006, 0.006, 0.006, 0.006, 0.004]]},
 "magmom": 6.0000013,
 "magmoms": {"__ndarray__": [[30], "float64", [-2.916, 3.025, 2.938, 2.938, 3.026, -2.917, -0.011, -0.011, -0.027, -0.02, -0.051, -0.012, -0.028, 0.024, -0.007, -0.007, 0.024, -0.028, -0.012, -0.051, -0.02, -0.027, 0.006, 0.006, 0.004, 0.006, 0.006, 0.006, 0.006, 0.004]]},
 "mtime": 26.348738431539253,
 "numbers": {"__ndarray__": [[30], "int64", [25, 25, 25, 25, 25, 25, 8, 8, 8, 8, 8, 8, 8, 8, 8, 8, 8, 8, 8, 8, 8, 8, 1, 1, 1, 1, 1, 1, 1, 1]]},
 "pbc": {"__ndarray__": [[3], "bool", [true, true, true]]},
 "positions": {"__ndarray__": [[30, 3], "float64", [3.106207908668773, 6.456004387673473, 1.5928547891052065, 1.5573489918473278, 8.22505496134691, 3.320163855857485, 1.8059846833127282, 3.2623076656247747, 1.414293023771444, 1.6783678008587064, 6.493744790482252, 9.109452425361331, 1.9271825939518856, 1.5306564062630157, 7.203584497908146, 0.37820560862276187, 3.3000060052614857, 8.93096362961784, 3.18210481001788, 5.353091594440002, 9.075748375104238, 0.3022835409818061, 4.402877679154975, 1.4479791581853578, 0.47938736270014093, 1.4169750568313964, 8.451541118791623, 0.4690088712159108, 1.6669909693058413, 5.945215845901888, 0.42102672503770067, 1.8969166576847252, 1.2775853868622133, 1.8637326066742288, 3.0333631974064015, 3.2486019678354014, 1.8366982173331285, 3.1974805206677233, 10.135382590014318, 1.8340807461680306, 3.399467719162707, 7.655720084597284, 0.8434432716910615, 0.37231576502255737, 3.678630304424011, 2.6411946047527084, 9.38344103803853, 6.845519349642043, 1.6503234749737292, 6.356449728806448, 2.8680394216509337, 1.6476549950874757, 6.55860694523451, 0.38839687578350945, 1.620564399083613, 6.722643298786738, 7.275105838807895, 3.0633532260909995, 7.859134323498557, 9.246090477135388, 3.015514374150798, 8.08861440312157, 4.578599678789495, 3.005099080200961, 8.338985733805545, 2.0723266417625026, 0.5432421506807072, 1.097297686783372, 5.103481647243166, 0.4600862031530417, 1.3225328658153488, 2.0902949877137758, 1.7184039891679501, 0.8128799029925969, 3.56307992505459, 0.9879479114083786, 3.2892140465511894, 3.619741860060672, 3.02429643227405, 8.433401108999421, 8.433342328812337, 2.941274645485168, 8.65822788042809, 5.420313181709183, 2.4963354088827967, 6.46673165222552, 6.904161247515508, 1.7661893647989695, 8.942922259523927, 6.961004429670944]]},
 "stress": {"__ndarray__": [[6], "float64", [-0.00032099273158985795, -4.36705473614161e-05, -0.00018042701799983726, -3.2339755384851515e-05, 2.410557581392964e-05, -5.37575376408838e-05]]},
 "unique_id": "b67f265d4325581691fd5c9bb2cf4293",
 "user": "jiuy97"},
"ids": [1],
"nextid": 2}
