{"1": {
 "calculator": "vasp",
 "calculator_parameters": {"amix": 0.1, "amix_mag": 0.1, "bmix": 1e-05, "bmix_mag": 1e-05, "encut": 600, "sigma": 0.05, "ediff": 1e-05, "ediffg": -0.02, "algo": "normal", "gga": "PE", "prec": "Normal", "ibrion": 2, "isif": 3, "ismear": 0, "ispin": 2, "istart": 1, "kpar": 10, "ldauprint": 2, "ldautype": 2, "lmaxmix": 6, "lorbit": 11, "nelm": 250, "npar": 6, "nsw": 99, "nupdown": 0, "inimix": 0, "laechg": true, "lasph": true, "ldau": true, "lvtot": false, "lreal": false, "ldau_luj": {"Ti": {"L": 2, "U": 3.0, "J": 0.0}, "V": {"L": 2, "U": 3.25, "J": 0.0}, "Cr": {"L": 2, "U": 3.5, "J": 0.0}, "Mn": {"L": 2, "U": 2.75, "J": 0.0}, "Fe": {"L": 2, "U": 4.3, "J": 0.0}, "Co": {"L": 2, "U": 3.32, "J": 0.0}, "Ni": {"L": 2, "U": 6.45, "J": 0.0}, "Cu": {"L": 2, "U": 3.0, "J": 0.0}, "Mo": {"L": 2, "U": 4.38, "J": 0.0}, "W": {"L": -1, "U": 0.0, "J": 0.0}, "Ce": {"L": 3, "U": 4.5, "J": 0.0}, "O": {"L": -1, "U": 0.0, "J": 0.0}, "C": {"L": -1, "U": 0.0, "J": 0.0}, "Au": {"L": -1, "U": 0.0, "J": 0.0}, "Ir": {"L": -1, "U": 0.0, "J": 0.0}, "H": {"L": -1, "U": 0.0, "J": 0.0}}, "xc": "PBE", "pp": "PBE", "setups": {"base": "minimal"}, "txt": "-", "kpts": [8, 5, 5], "gamma": true, "reciprocal": false, "ignore_constraints": false},
 "cell": [[5.881647383408824, -0.0602693260777414, -0.0190229760044092], [-0.1094618598335345, 10.31034054466873, -0.13976557234072], [-0.0364402617169217, -0.1074025455667044, 9.463599788259025]],
 "ctime": 21.62101361176315,
 "dipole": [[0.0, 0.0, 0.0]],
 "energy": -356.31579151,
 "forces": [[0.001458, 0.003853, -0.000677], [-0.010452, -0.006146, -0.002657], [-0.009588, -0.005972, 0.000313], [-0.00017, 0.010015, 0.005118], [-0.00372, -0.005376, -0.00431], [0.005854, 0.000594, -0.001768], [-0.005473, -0.005929, -0.001615], [0.001496, 0.00645, 0.003195], [0.002029, 0.003881, 0.00541], [-0.005887, 0.000579, -0.008089], [0.009387, -0.010585, 0.002818], [0.007814, 0.002083, 0.000881], [-0.004078, -0.006521, 0.001556], [0.012407, 0.008705, -0.000634], [0.002661, 0.013908, -0.002405], [-0.005938, -0.010806, 0.004572], [-0.010455, 0.006337, 0.011177], [0.003315, 0.011894, -0.003806], [-0.001191, -0.008713, 0.002948], [-0.007216, 0.011059, -0.002039], [-0.00217, -0.009888, -0.002607], [-0.001494, 0.011601, 0.00512], [0.001909, -0.009128, 0.002979], [-0.005423, 0.007084, -0.00181], [-0.002201, -0.007764, 0.006598], [0.00339, 0.004219, -0.007215], [0.000673, -0.011643, 0.005874], [0.004468, 0.002036, -0.001702], [-0.000165, -0.005919, 0.004694], [0.005228, 0.007832, -0.006339], [-0.000543, -0.004016, 0.001766], [0.005808, 0.007947, -0.004163], [-0.00598, -0.004534, 0.006231], [0.001766, 0.010085, -0.005387], [0.002519, -0.006509, 0.002419], [-0.004235, 0.012666, -0.002482], [0.000403, -0.013209, -0.002419], [-0.000489, 0.00965, 0.004107], [0.004293, -0.009485, 0.003274], [-0.00361, 0.010788, -0.000857], [-0.001613, -0.012345, 0.007054], [0.006279, -0.005034, -0.010631], [0.005145, -0.002539, 0.003588], [-0.00302, 0.00579, -0.007345], [0.006095, -0.000369, -0.004995], [-0.003047, -0.000367, 0.006206], [0.00234, -0.007341, -0.000767], [-0.002787, 0.000475, -0.005475], [0.004199, -0.00096, 0.002732], [1.1e-05, 0.001568, -0.008439]],
 "initial_magmoms": [-2.946, -3.706, -3.744, 2.916, 2.949, 2.849, 2.944, -2.958, -2.946, -2.862, -2.932, 3.749, 2.949, 3.718, 2.886, -2.884, 0.036, 0.02, -0.025, -0.007, -0.038, 0.024, 0.009, 0.022, -0.007, 0.013, 0.014, -0.032, -0.016, 0.02, 0.035, -0.008, -0.012, 0.007, -0.02, -0.009, -0.026, 0.038, 0.007, 0.025, -0.022, -0.029, -0.049, -0.019, -0.002, -0.002, 0.022, 0.047, 0.012, -0.012],
 "magmom": -1e-07,
 "magmoms": [-2.943, -3.714, -3.731, 2.918, 2.948, 2.873, 2.961, -2.961, -2.948, -2.873, -2.918, 3.731, 2.943, 3.714, 2.878, -2.878, 0.039, 0.024, -0.025, -0.002, -0.035, 0.019, 0.003, 0.015, -0.01, 0.02, 0.01, -0.033, -0.029, 0.03, 0.033, -0.01, -0.02, 0.01, -0.015, -0.003, -0.019, 0.035, 0.002, 0.025, -0.024, -0.039, -0.043, -0.016, 0.037, -0.037, 0.016, 0.043, 0.013, -0.013],
 "mtime": 21.62101361176315,
 "numbers": [25, 25, 25, 25, 25, 25, 25, 25, 25, 25, 25, 25, 25, 25, 25, 25, 8, 8, 8, 8, 8, 8, 8, 8, 8, 8, 8, 8, 8, 8, 8, 8, 8, 8, 8, 8, 8, 8, 8, 8, 8, 8, 8, 8, 8, 8, 8, 8, 30, 30],
 "pbc": [true, true, true],
 "positions": [[-0.03710038508376642, 1.640858433693102, 3.22375202295921], [-0.16740158673214517, 8.602813098993805, 6.059774047447426], [-0.049831620980011614, 6.553550675381477, 1.6193448178055525], [1.3487123009708961, 8.781391391174022, 2.9898518631307356], [1.4449720467045888, 3.4343805899167785, 1.4339061925296017], [1.4526360167772883, 6.5613430342522685, 7.770841381694972], [1.409346256109297, 1.4352114177859683, 6.335239731456839], [2.9108324982415867, 3.50160699842831, 7.7737493194329135], [2.9094734211787996, 1.6126366290522625, 3.21149545416768], [2.7522538667947516, 8.686615806086145, 6.204264255739203], [2.889884188984614, 6.576262554543577, 1.5205391139057702], [4.288213619039277, 8.80439194527715, 2.8916202835670153], [4.391637494149999, 3.4061002398184272, 1.4217489601144737], [4.37206271214141, 6.644215994799794, 7.9145489251768835], [4.34467941995171, 1.4000368532992307, 6.3393237240243066], [-0.024537978475168972, 3.5364827756003394, 7.769590112577754], [0.04901776480769307, 5.370601504591348, 7.5595735556914185], [-0.020264604428782643, 4.636428291117223, 1.699432328690246], [-0.04688804580821278, 1.5953824135671741, 7.587869797465644], [5.823115450729858, 1.3598826107902469, 5.09381834718422], [5.844629737233225, 2.1227810213788096, 1.3465478453985167], [1.451390412035839, 2.8792714892799096, 3.2868381406685523], [1.4378825688065708, 3.520235805403823, 9.008381058835058], [1.4394836027355544, 3.346453832611102, 6.515644863781772], [1.435125836797666, 0.3919143170833703, 2.956880528053172], [1.2823480567035215, 9.824639069149066, 6.384872475283631], [1.458601114031469, 6.779723159691782, 2.8663001557648906], [1.5306101388577957, 6.583125039333113, 0.21563153183168898], [1.5592755755760686, 7.130578572541553, 5.942653212115966], [2.644365021901485, 8.117855284954151, 8.03246723378708], [2.7081195426185616, 8.773829891709523, 4.295182906900247], [2.779244125625721, 8.577691238028033, 1.644026247837382], [2.923342580386891, 5.423323646221642, 7.589752019632042], [2.9179590168587466, 4.654901792512657, 1.689035416425166], [2.8809623913784597, 1.5908433106607531, 7.593140794719478], [2.8817163370843604, 1.4158905960973434, 5.100435713382661], [2.9028160663176, 2.167838030424389, 1.358754009134673], [4.391386662776619, 2.8638722161413255, 3.280059917467027], [4.378235731592869, 3.5167743737915913, 8.996049690010175], [4.3672621035729415, 3.3415024402119284, 6.52086023049075], [4.373615435051017, 0.4106412964822107, 2.9452779642017166], [4.157587512303661, 9.876832286628803, 6.413032759977188], [4.1289381878556775, 6.7834015111809185, 2.963443229335411], [4.359342808740955, 6.568460830214452, 0.3813261096939825], [4.199935741157652, 7.32737624853763, 6.025149304064813], [0.0039218645723712395, 7.920302063855495, 7.949061339601678], [-0.12017129379276854, 8.790088854124036, 4.129900345102432], [0.10899722242786657, 8.574505890269808, 1.5475320718022127], [1.3511380932896115, 8.787195370128957, -0.014584450416442785], [2.886532906376483, 6.569935868714885, 4.525170713595323]],
 "stress": [-0.0008068523677211807, -0.0007779416974500893, -0.0008130127372284272, -0.00013262582741589338, -4.732936370157274e-05, 5.4014019975393716e-05],
 "unique_id": "411bbbaa84cb1c6435e4c274024084bc",
 "user": "ezc"},
"ids": [1],
"nextid": 2}
