{"1": {
 "calculator": "vasp",
 "calculator_parameters": {"amix": 0.1, "amix_mag": 0.1, "bmix": 1e-05, "bmix_mag": 1e-05, "encut": 600, "sigma": 0.05, "ediff": 1e-05, "ediffg": -0.02, "algo": "Normal", "gga": "PE", "prec": "Normal", "ibrion": 2, "isif": 3, "ismear": 0, "ispin": 2, "kpar": 17, "ldautype": 2, "lmaxmix": 4, "lorbit": 11, "nelm": 250, "nsw": 199, "inimix": 0, "laechg": true, "lasph": true, "ldau": true, "lvtot": false, "lreal": "Auto", "ldau_luj": {"Mn": {"L": 2, "U": 2.75, "J": 0.0}, "O": {"L": -1, "U": 0.0, "J": 0.0}, "H": {"L": -1, "U": 0.0, "J": 0.0}}, "pp": "pbe", "txt": "-", "kpts": [4, 4, 3], "gamma": true, "reciprocal": false, "ignore_constraints": false, "custom": {}},
 "cell": {"array": {"__ndarray__": [[3, 3], "float64", [5.973794547019616, -0.1101172491307539, -0.4577251516620508, -3.082261718828185, 5.1183965618515, 0.4577243000451494, -0.7524921062348662, 0.4344497546129314, 9.144727827482921]]}, "__ase_objtype__": "cell"},
 "ctime": 26.34872400066873,
 "dipole": {"__ndarray__": [[1, 3], "float64", [0.0, 0.0, 0.0]]},
 "energy": -192.40369423,
 "forces": {"__ndarray__": [[28, 3], "float64", [0.00019891, -0.00015353, -0.00103318, 0.00155724, -0.00546944, -0.00591458, 0.00541837, 0.00139122, -0.00592645, -0.00013389, 6.068e-05, 0.00150425, 0.00025217, -0.00014857, -0.00030059, 0.00255006, 0.00097507, 0.00282816, 0.00047692, -0.00276107, 0.00277188, 0.00111656, -0.00066785, 0.00055639, -0.00524206, 0.00451928, 0.00399514, 0.00175477, 0.0004468, 0.00498439, 0.00038011, -0.00025149, -0.00173732, 0.00411758, -0.00237998, -0.00306365, -0.00252921, 0.00147812, -0.00194284, -0.00033236, 0.00017666, -0.00735003, -0.00646722, 0.00230545, 0.00400023, 0.00054085, -0.00175848, 0.00500631, -0.00579664, 0.00194926, 0.00442136, 0.00042966, -0.00111423, 0.00654418, -0.00185449, 0.00106188, -0.00356299, 0.00125286, -0.00076041, 0.00510645, 0.00081236, -0.00039199, -0.00395612, 0.00292481, -0.00161514, -0.00020841, -0.0045681, 0.00405083, 0.00443605, 0.00119489, 0.00019852, 0.00654803, -0.00276335, 0.00166264, -0.01122907, -0.00031146, 0.00015989, -0.00129164, 0.00258052, -0.00149805, -0.0028861, 0.00244013, -0.00146607, -0.00229983]]},
 "free_energy": -192.40369423,
 "initial_magmoms": {"__ndarray__": [[28], "float64", [3.85, 3.128, 3.128, 3.889, 3.889, 3.128, 3.128, 3.85, -0.044, -0.114, 0.004, -0.01, -0.017, -0.038, -0.044, -0.114, -0.044, -0.114, -0.017, -0.039, 0.004, -0.011, -0.044, -0.114, 0.007, 0.007, 0.01, 0.01]]},
 "magmom": 27.9999977,
 "magmoms": {"__ndarray__": [[28], "float64", [3.849, 3.129, 3.129, 3.89, 3.889, 3.129, 3.129, 3.849, -0.045, -0.115, 0.004, -0.011, -0.017, -0.039, -0.045, -0.115, -0.045, -0.115, -0.017, -0.039, 0.004, -0.011, -0.045, -0.115, 0.007, 0.007, 0.01, 0.01]]},
 "mtime": 26.34872400066873,
 "numbers": {"__ndarray__": [[28], "int64", [25, 25, 25, 25, 25, 25, 25, 25, 8, 8, 8, 8, 8, 8, 8, 8, 8, 8, 8, 8, 8, 8, 8, 8, 1, 1, 1, 1]]},
 "pbc": {"__ndarray__": [[3], "bool", [true, true, true]]},
 "positions": {"__ndarray__": [[28, 3], "float64", [5.951562312722045, -0.09728377771934749, -0.30654625500334287, 3.6409061487188037, 2.8980234337745876, 8.906758972616954, 2.2022287288612126, 0.40615104340389524, 8.906757212887701, 1.4537489495129527, 2.4995262943683625, 1.967708593227409, -3.4512162523076975, 5.33141312138998, 6.9979276620119615, 4.022985668949703, 2.6937277356927036, 4.334799098294198, 2.570189458498916, 0.1774117698784498, 4.3348080083669105, 1.0457577673758593, 2.735075915809534, 4.723825504324059, -0.11246425306411797, 1.6903846645302967, 1.120818909051977, 1.1937443880245289, 1.2090038657765834, 3.46112505846127, -1.366782024810392, 4.127969623910548, 1.392303603496807, -0.6889519558058571, 3.7366205564926487, 3.7095039238911793, 3.0697544463511566, 1.5665292916871898, 0.8593845084535194, 3.9182566989664482, 1.0766495484116605, 3.2764047212638454, 1.3713773121670523, 4.2604770424541005, 1.1208153987540133, 2.441367011344312, 3.369959722984263, 3.4611221625083948, -0.4518903641806002, 1.9742501923271332, 5.693731719176018, 0.6203793607760466, 1.0824144908980167, 8.033048975861139, -1.8355603904857571, 4.398612774632098, 5.8898475035077125, -0.984990094835665, 3.9075323537927655, 8.305756718871, 2.7834657389721102, 1.731816577429547, 5.507329002224599, 3.463921914899993, 1.3389553080046066, 7.823569279341922, 0.9558363936666487, 4.412497660840829, 5.693728842395481, 2.264320673248489, 3.929802699748649, 8.033047725174182, -1.2159285774963227, 4.040848831637866, 7.3223987808832725, 3.6882085196009013, 1.2094689906039324, 2.292287642920553, -1.0784263327101087, 3.9614869837790234, 2.4131195419118985, 3.072803026471276, 1.5647777867400048, 6.527629497249666]]},
 "stress": {"__ndarray__": [[6], "float64", [-0.0002597088576865096, -0.0002019610982954121, -6.049484104418159e-05, 0.00019018708427280033, -0.0003286572111738057, 5.026860893762456e-05]]},
 "unique_id": "194ed6940694f8ee78b823a8bd12c2ea",
 "user": "jiuy97"},
"ids": [1],
"nextid": 2}
