{"1": {
 "calculator": "vasp",
 "calculator_parameters": {"amix": 0.1, "amix_mag": 0.1, "bmix": 1e-05, "bmix_mag": 1e-05, "encut": 600, "sigma": 0.05, "ediff": 1e-05, "ediffg": -0.02, "algo": "Normal", "gga": "PE", "prec": "Normal", "ibrion": 2, "isif": 3, "ismear": 0, "ispin": 2, "kpar": 5, "ldauprint": 2, "ldautype": 2, "lmaxmix": 4, "lorbit": 11, "nelm": 250, "nsw": 199, "inimix": 0, "laechg": true, "lasph": true, "ldau": true, "lvtot": false, "lreal": "Auto", "ldau_luj": {"Mn": {"L": 2, "U": 2.75, "J": 0.0}, "O": {"L": -1, "U": 0.0, "J": 0.0}, "H": {"L": -1, "U": 0.0, "J": 0.0}}, "pp": "pbe", "txt": "-", "kpts": [2, 3, 3], "gamma": true, "reciprocal": false, "ignore_constraints": false, "custom": {}},
 "cell": {"array": {"__ndarray__": [[3, 3], "float64", [10.024592097630924, 0.0082970662633316, -0.0788058591289559, -5.002542781905304, 8.648026851584829, 0.1704497336523889, -0.0698199853117086, 0.1417654132228517, 9.33235512015633]]}, "__ase_objtype__": "cell"},
 "ctime": 26.367939918322396,
 "dipole": {"__ndarray__": [[1, 3], "float64", [0.0, 0.0, 0.0]]},
 "energy": -526.44329776,
 "forces": {"__ndarray__": [[73, 3], "float64", [0.00057545, -0.00414186, 0.00339362, -0.00061697, -0.0014008, -0.0037844, 0.0064536, -0.00030352, -0.00364107, -0.00758378, -0.00956063, 0.00325296, -0.00171687, -0.00039176, 0.00200348, -0.00594349, -0.00162439, -0.00199083, 0.00485149, -0.00355408, -0.0064459, -0.00106692, 0.00179402, -0.00426535, 0.00330534, 0.00259294, 0.01217656, 0.00804755, 0.00494222, -0.01199734, 1.22e-06, 0.00518655, -0.00142174, -0.00140103, 0.00645179, -0.00295884, 0.00213387, -0.00366261, -0.00388463, -0.00467334, -0.01004533, -0.01369362, -0.00624163, 0.00390633, -0.00257341, -0.00467624, -0.00814073, 0.00175177, 0.00021795, 0.00278395, 0.00354995, 0.00342891, -0.00063315, -0.00574319, 0.00495184, 0.00433433, 0.0038843, 0.00086922, -0.00103809, -0.00595302, -0.00431764, 0.0012166, -0.00024017, 0.00273184, -0.00517301, 0.00178512, 0.00180276, -0.00047368, 0.00595461, 0.00472412, 0.00094382, 0.00630915, 0.00013042, 0.00718828, -0.00152879, 0.0030666, 0.00157814, 0.00106978, -0.00390562, 0.00223976, 0.00129928, -0.00152131, -0.00129893, -0.00453773, 0.00268669, -0.01357463, 0.00281088, 9.634e-05, -0.00246623, -0.00843717, -0.00974277, 0.00276575, 0.00320713, 0.00573617, 0.00067036, -0.00157927, 0.00765296, -0.00729044, -0.00253642, 0.00135045, 0.00440735, 0.00600814, 0.00197962, -0.00420698, -0.0054663, -0.00401866, 0.00032281, 0.00690962, -0.0028045, -0.00171215, 0.00825875, -0.00242504, -0.00061866, -0.00395603, -0.00066382, -0.0077775, 0.00085135, 0.00296298, 0.00583855, 0.00958813, -0.00772777, -0.00305414, 0.00112429, -0.00109737, -0.00352637, -0.00279937, 0.0021808, 0.00236975, -0.0018745, 0.00087767, 0.00897451, 0.00174076, 2.281e-05, 0.0025999, -0.00169316, 0.002157, 0.00907015, -0.00081795, 0.00307862, -0.00011494, 0.01046468, -0.00121774, -0.0005188, -0.00422268, -0.00042433, 0.00198551, 0.00025828, 0.00044548, -0.00353159, 0.00011082, -0.0004352, -0.00154492, -0.00210914, -0.00480586, 0.00126504, -0.00037443, 0.00091618, -0.00159522, 0.00269639, -0.00058379, -0.00058454, -0.00047709, 0.0008375, 0.00398522, -5.094e-05, 0.00269322, 3.397e-05, -0.00123142, -0.00306052, -0.00056941, -0.00440394, 0.00088338, -0.00024007, -0.00133183, 0.00267595, 0.00228294, 0.00073872, 0.00069088, -0.00060974, 0.001396, 0.00025375, -0.00393874, 0.00402787, 0.00207365, 0.00164541, 0.00197357, 0.00493106, 0.00226611, -0.00209254, 0.00279826, -0.00049773, -0.00451457, -0.00257193, 0.00080155, 0.00483608, -0.00456728, -0.00203432, 0.00200612, 0.00023533, -0.00152936, 0.00061203, 0.00050226, -0.00483011, 0.0023774, 0.00021496, 0.00364166, 0.00040064, -0.00395381, -0.00121514, 0.00259079, -0.00038183, -0.00260155, -0.00240063, -0.00042346, 0.00455401, 0.00063531, -0.00365567, 0.0169866, 0.00497505]]},
 "free_energy": -526.45545475,
 "initial_magmoms": {"__ndarray__": [[73], "float64", [-0.094, -0.094, -0.068, -0.056, -0.071, -0.086, -0.088, -0.079, -0.068, -0.066, -0.079, -0.093, -0.07, -0.087, -0.09, -0.086, -0.044, -0.041, -0.066, -0.036, -0.1, -0.082, -0.101, -0.015, -0.134, -0.077, -0.088, -0.121, -0.072, -0.152, -0.086, -0.07, -0.069, -0.041, -0.078, -0.048, -0.077, -0.106, -0.089, -0.045, -0.078, -0.08, -0.08, -0.085, -0.097, -0.138, -0.062, -0.068, 3.049, 3.112, 3.107, 3.124, 3.109, 3.107, 3.035, 3.115, 3.041, 3.955, 3.061, 3.09, 3.063, 3.952, 3.065, 3.123, 3.043, 3.059, 3.051, 3.125, 3.063, 3.113, 3.058, 3.061, 0.005]]},
 "magmom": 73.000004,
 "magmoms": {"__ndarray__": [[73], "float64", [-0.093, -0.095, -0.069, -0.057, -0.07, -0.085, -0.089, -0.08, -0.068, -0.066, -0.08, -0.091, -0.07, -0.086, -0.09, -0.086, -0.044, -0.042, -0.065, -0.035, -0.1, -0.081, -0.099, -0.015, -0.134, -0.077, -0.083, -0.127, -0.071, -0.145, -0.086, -0.07, -0.069, -0.041, -0.08, -0.047, -0.079, -0.114, -0.088, -0.045, -0.068, -0.079, -0.078, -0.083, -0.096, -0.135, -0.062, -0.068, 3.049, 3.113, 3.107, 3.123, 3.109, 3.106, 3.036, 3.115, 3.041, 3.95, 3.061, 3.089, 3.062, 3.943, 3.062, 3.123, 3.043, 3.058, 3.049, 3.123, 3.063, 3.111, 3.06, 3.061, 0.005]]},
 "mtime": 26.367939918322396,
 "numbers": {"__ndarray__": [[73], "int64", [8, 8, 8, 8, 8, 8, 8, 8, 8, 8, 8, 8, 8, 8, 8, 8, 8, 8, 8, 8, 8, 8, 8, 8, 8, 8, 8, 8, 8, 8, 8, 8, 8, 8, 8, 8, 8, 8, 8, 8, 8, 8, 8, 8, 8, 8, 8, 8, 25, 25, 25, 25, 25, 25, 25, 25, 25, 25, 25, 25, 25, 25, 25, 25, 25, 25, 25, 25, 25, 25, 25, 25, 1]]},
 "pbc": {"__ndarray__": [[3], "bool", [true, true, true]]},
 "positions": {"__ndarray__": [[73, 3],