{"1": {
 "calculator": "vasp",
 "calculator_parameters": {"amix": 0.1, "amix_mag": 0.1, "bmix": 1e-05, "bmix_mag": 1e-05, "encut": 600, "sigma": 0.05, "ediff": 1e-05, "ediffg": -0.02, "algo": "Normal", "gga": "PE", "prec": "Normal", "ibrion": 2, "isif": 3, "ismear": 0, "ispin": 2, "kpar": 10, "ldauprint": 2, "ldautype": 2, "lmaxmix": 4, "lorbit": 11, "nelm": 250, "nsw": 199, "inimix": 0, "laechg": true, "lasph": true, "ldau": true, "lvtot": false, "lreal": "Auto", "ldau_luj": {"Mn": {"L": 2, "U": 2.75, "J": 0.0}, "O": {"L": -1, "U": 0.0, "J": 0.0}, "H": {"L": -1, "U": 0.0, "J": 0.0}}, "pp": "pbe", "txt": "-", "kpts": [3, 2, 3], "gamma": true, "reciprocal": false, "ignore_constraints": false, "custom": {}},
 "cell": {"array": {"__ndarray__": [[3, 3], "float64", [9.991110444094977, -0.0221530032898377, 0.0441858698845452, -5.013980130754647, 8.686541295399644, -0.1683751295075338, 0.039308110088026, -0.1557230471892102, 9.319361409104571]]}, "__ase_objtype__": "cell"},
 "ctime": 26.366779425605973,
 "dipole": {"__ndarray__": [[1, 3], "float64", [0.0, 0.0, 0.0]]},
 "energy": -526.35313831,
 "forces": {"__ndarray__": [[73, 3], "float64", [0.00353729, -0.00275311, 0.00220413, -0.00034186, -0.00081237, 0.00098321, -0.00271515, -0.00451549, 0.00193461, -0.00014038, -0.00145298, -0.00400323, -0.00619598, 0.00261356, -0.00493868, -0.00764957, -0.00099227, -0.00403617, 0.00256113, -0.0003489, 0.00046016, 0.00884439, 0.0031619, 0.00844214, 0.00568998, -0.00120847, -0.00059226, 0.00170434, -0.00057015, 0.00125899, -0.00389141, 0.00511662, -0.00514757, 0.00127277, -0.00191099, -0.00167744, 0.00446675, 0.00174081, -0.00241749, -0.00470555, -0.00174021, 0.00036172, -0.00058701, 0.00471285, 0.00342622, -0.00412501, 0.00650223, -0.00181615, -0.00729049, -0.00063376, 0.00515197, -0.00775145, 0.00353194, -0.00022812, 0.00148273, -0.00151311, -0.00388217, 0.00607857, -0.00549727, 0.00346413, 0.00555446, 0.00843577, -0.00338601, -0.00474089, 0.00119214, 0.00535071, 0.00820746, -0.0004876, 0.00161118, 0.00476013, 0.00078875, 0.00268163, -0.0042682, -0.00487827, -0.00314902, -0.00175843, 0.00176743, 0.00162631, 0.00436274, -0.00537638, 0.00061697, -0.00903363, -0.0001209, 0.00165487, -0.00044542, 0.00603701, -0.00269709, -0.00053213, 0.00035083, -0.00334474, 0.00639112, -0.00303298, 0.00448894, 0.00160288, -0.00012438, -0.00293886, 0.00773595, 0.00142931, 0.00130966, 0.00298172, -0.00499712, 0.0063859, 0.00117241, 0.00237468, 0.00422799, -0.00221229, 0.00310424, -0.00282011, 0.00504295, 0.00146159, -0.00387395, -0.00114293, 0.00485755, -0.00110826, 0.00420556, 0.00496932, 0.00298469, -0.00487674, -0.00016786, 0.0015243, -0.00407561, -0.00045391, 0.00123365, -0.00434922, 0.00553436, -0.00166686, -0.0018167, -0.00397907, -0.00041454, -0.00087807, -0.00230957, 0.00710126, 0.00419072, -0.00264794, 0.00235726, -0.00090671, 0.00231625, 0.0047351, -0.00780869, -0.00506167, 0.00559114, 0.00075287, 0.00073212, -0.0043545, 0.00144022, 0.00904308, -0.00070686, 0.00514675, 0.00655391, -0.00061141, -0.00112312, -0.00139419, 0.00136021, 0.00017609, 0.0026231, -0.00612176, -0.00111714, 0.00273294, -0.00196937, -0.00385024, -0.00694681, -0.0045186, 0.00339298, -0.00315879, 0.0012745, -0.00635224, -0.00826433, -0.00033968, -0.00555762, 0.00934571, 0.00078964, 0.00270256, -0.00242549, -0.00137229, -0.00132395, -0.00715494, -0.00071824, 0.0084812, 0.00531118, 0.00123151, -0.00868811, -0.00237288, -0.00078521, -0.00065405, 0.00088316, 0.00333793, -0.00023517, 0.00182619, -0.00033426, 0.01192648, -0.00422809, -6.134e-05, 0.00059677, 0.00363975, -0.00775527, -0.00264776, -0.01372718, 0.00557876, -0.00167362, -0.00975119, 0.00039819, -0.0106156, -0.00868696, -0.003684, -0.00172861, 0.0038846, 0.00439959, 0.01215838, 0.00818493, -0.00428894, -0.00370061, 0.00483823, 0.00217582, -0.00909545, 0.00103649, -0.00410315, 0.01398248, -0.00693698, -0.0078514]]},
 "free_energy": -526.36429174,
 "initial_magmoms": {"__ndarray__": [[73], "float64", [-0.094, -0.093, -0.068, -0.073, -0.078, -0.083, -0.078, -0.101, -0.065, -0.075, -0.07, -0.081, -0.075, -0.088, -0.075, -0.073, -0.04, -0.047, -0.071, -0.093, -0.081, -0.074, -0.027, -0.154, -0.093, -0.068, -0.123, -0.123, -0.089, -0.107, -0.087, -0.067, -0.092, -0.067, -0.099, -0.041, -0.092, -0.104, -0.096, -0.043, -0.16, -0.059, -0.031, -0.067, -0.084, -0.087, -0.047, -0.067, 3.054, 3.119, 3.107, 3.119, 3.06, 3.108, 3.031, 3.125, 3.063, 3.971, 3.059, 3.061, 3.048, 3.991, 3.05, 3.124, 3.041, 3.058, 3.06, 3.113, 3.045, 3.125, 3.103, 3.097, 0.005]]},
 "magmom": 72.9999974,
 "magmoms": {"__ndarray__": [[73], "float64", [-0.09, -0.092, -0.068, -0.072, -0.08, -0.084, -0.078, -0.099, -0.066, -0.076, -0.068, -0.082, -0.075, -0.089, -0.075, -0.071, -0.041, -0.046, -0.07, -0.095, -0.08, -0.071, -0.014, -0.143, -0.091, -0.068, -0.123, -0.11, -0.087, -0.099, -0.086, -0.066, -0.089, -0.063, -0.096, -0.04, -0.09, -0.101, -0.094, -0.043, -0.159, -0.056, -0.037, -0.065, -0.086, -0.089, -0.047, -0.068, 3.056, 3.115, 3.105, 3.115, 3.063, 3.105, 3.036, 3.124, 3.064, 3.946, 3.059, 3.06, 3.048, 3.958, 3.052, 3.122, 3.043, 3.058, 3.06, 3.11, 3.041, 3.121, 3.104, 3.091, 0.005]]},
 "mtime": 26.366779425605973,
 "numbers": {"__ndarray__": [[73], "int64", [8, 8, 8, 8, 8, 8, 8, 8, 8, 8, 8, 8, 8, 8, 8, 8, 8, 8, 8, 8, 8, 8, 8, 8, 8, 8, 8, 8, 8, 8, 8, 8, 8, 8, 8, 8, 8, 8, 8, 8, 8, 8, 8, 8, 8, 8, 8, 8, 25, 25, 25, 25, 25, 25, 25, 25, 25, 25, 25, 25, 25, 25, 25, 25, 25, 25, 25, 25, 25, 25, 25, 25, 1]]},
 "pbc": {"__ndarray__": [[3], "bool", [true, true, true]]},
 "positions": {"__ndarray__": [[73, 3],