{"1": {
 "calculator": "vasp",
 "calculator_parameters": {"amix": 0.1, "amix_mag": 0.1, "bmix": 1e-05, "bmix_mag": 1e-05, "encut": 600, "sigma": 0.05, "ediff": 1e-05, "ediffg": -0.02, "symprec": 0.0001, "algo": "Normal", "gga": "PE", "prec": "Normal", "ibrion": 2, "isif": 3, "ismear": 0, "ispin": 2, "kpar": 14, "ldautype": 2, "lmaxmix": 4, "lorbit": 11, "nelm": 250, "nsw": 199, "inimix": 0, "laechg": true, "lasph": true, "ldau": true, "lvtot": false, "lreal": "Auto", "ldau_luj": {"Mn": {"L": 2, "U": 2.75, "J": 0.0}, "O": {"L": -1, "U": 0.0, "J": 0.0}, "H": {"L": -1, "U": 0.0, "J": 0.0}}, "pp": "pbe", "txt": "-", "kpts": [4, 4, 2], "gamma": true, "reciprocal": false, "ignore_constraints": false, "custom": {}},
 "cell": {"array": {"__ndarray__": [[3, 3], "float64", [6.123408765058323, -0.1475361751894399, -0.1529893376696304, -3.1894652490018087, 5.229398857108388, 0.1531322656390655, -0.2792439132233386, 0.1615224358920209, 10.368578196240515]]}, "__ase_objtype__": "cell"},
 "ctime": 26.349062160063546,
 "dipole": {"__ndarray__": [[1, 3], "float64", [0.0, 0.0, 0.0]]},
 "energy": -186.35599917,
 "forces": {"__ndarray__": [[28, 3], "float64", [-0.01302339, 0.00751922, -0.00112145, -0.00448416, -0.00476851, 0.00797964, 0.00188767, 0.00626809, 0.00797995, -0.0047232, 0.00272716, 0.00534047, -0.00186541, 0.00107698, -0.00138647, -5.742e-05, 0.00068579, 0.00839298, -0.0006224, -0.00029281, 0.00839295, -0.00833996, 0.00481527, 0.0027211, -0.00189008, 0.00801381, 0.00358398, 0.00383175, 0.00856925, -0.01332359, 0.00320429, -0.00184995, 0.00327768, 0.00283832, -0.00163899, -0.00860587, 0.00288564, -0.001666, 0.00222442, 0.00962002, -0.00555442, -0.00555335, -0.00788494, -0.00236985, 0.00358368, -0.00550546, -0.00760367, -0.01332404, -0.00729723, -0.00227649, 0.00563906, -0.0014992, -0.00473487, -0.01502259, 0.00017084, -9.842e-05, 0.00743654, 0.01015108, -0.00586108, -0.00693888, -0.00042011, 0.00024265, 0.00323058, 0.00280095, -0.0016175, -0.01157773, -0.00167702, 0.00745823, 0.00563933, 0.00335045, 0.00366516, -0.01502235, -0.00233849, 0.00135048, 0.01104538, -0.00326983, 0.00188842, 0.01852568, 0.01283474, -0.00741048, -0.00532272, 0.01132256, -0.00653747, -0.00779437]]},
 "free_energy": -186.35599918,
 "initial_magmoms": {"__ndarray__": [[28], "float64", [3.806, 3.835, 3.835, 4.005, 4.005, 3.836, 3.836, 3.807, 0.03, 0.049, -0.093, -0.061, -0.029, -0.012, 0.03, 0.049, 0.03, 0.049, -0.029, -0.012, -0.093, -0.061, 0.03, 0.049, 0.016, 0.016, 0.013, 0.013]]},
 "magmom": 32.0000117,
 "magmoms": {"__ndarray__": [[28], "float64", [3.805, 3.837, 3.837, 4.016, 4.016, 3.837, 3.837, 3.806, 0.029, 0.046, -0.095, -0.065, -0.025, -0.012, 0.029, 0.046, 0.029, 0.046, -0.025, -0.012, -0.095, -0.065, 0.029, 0.046, 0.016, 0.016, 0.014, 0.014]]},
 "mtime": 26.349062160063546,
 "numbers": {"__ndarray__": [[28], "int64", [25, 25, 25, 25, 25, 25, 25, 25, 8, 8, 8, 8, 8, 8, 8, 8, 8, 8, 8, 8, 8, 8, 8, 8, 30, 30, 30, 30]]},
 "pbc": {"__ndarray__": [[3], "bool", [true, true, true]]},
 "positions": {"__ndarray__": [[28, 3], "float64", [-3.047307198665145, 5.147348655243255, 0.3865229075274888, -1.7990502087083853, 2.746913256835086, 10.429262948082027, -0.3440929050235602, 5.266909687220589, 10.429302505611341, 1.5304297652365195, 2.504376766224142, 2.571359084064719, -3.2665545661803326, 5.274009117451473, 7.909684071509001, -1.6708925955056968, 2.645348303367112, 5.244600039801596, -0.19222224709756436, 5.206521479580427, 5.24473945588631, 1.4699648942614034, 2.539369558260994, 5.416952428512183, 0.1527557763866503, 1.6542248116601883, 1.425975962778452, 1.457439957355531, 1.0572993992752822, 3.9379837716384296, -1.5156331135516516, 4.263001442727564, 1.0576067664614988, -0.041053374758326294, 3.411798704044612, 4.46152394493003, 3.186566328835205, 1.5481233650680477, 0.9883994779149582, 4.446024982310129, 0.8211012704220352, 4.080524135485043, 1.5779357496745603, 4.12269438904608, 1.4260159619851571, 2.7470347429601194, 3.291159990028931, 3.9381418508677686, -0.028302070726142572, 1.6620894825973749, 6.609925284214966, 1.1394518360218227, 0.831069814996889, 9.12311441326738, -1.6087275947018105, 4.3168622155663705, 6.3250464652497005, -0.3506440655660811, 3.590675016756705, 9.41793462807153, 3.001718784231887, 1.6549811587459013, 6.088368504573916, 4.475211860259358, 0.8044188990409886, 9.493582859101044, 1.4804561894269626, 4.275630191948328, 6.6100834660434655, 2.7842300861551474, 3.6797284066329965, 9.12306543022625, -0.1439402353407693, 3.470974807644575, 7.526088618303354, 4.651812651575206, 0.7022522661283799, 2.188449816347144, 1.3421903845274916, 2.613265996166595, 9.859571946001504, -3.1740343575244063, 5.2206435841089895, 4.8290778732654704]]},
 "stress": {"__ndarray__": [[6], "float64", [0.0008362398331159072, 0.0005383416215181862, 0.000967494844123992, -9.184137884032218e-05, 0.00015913684963939277, -0.00025800808389876115]]},
 "unique_id": "9aed82fd7e811fc1dded09b94867a54b",
 "user": "jiuy97"},
"ids": [1],
"nextid": 2}
