{"1": {
 "calculator": "vasp",
 "calculator_parameters": {"amix": 0.1, "amix_mag": 0.1, "bmix": 1e-05, "bmix_mag": 1e-05, "encut": 600, "sigma": 0.05, "ediff": 1e-06, "ediffg": -0.02, "algo": "Normal", "gga": "PE", "prec": "Normal", "ibrion": 2, "isif": 3, "ismear": 0, "ispin": 2, "kpar": 56, "ldautype": 2, "lmaxmix": 4, "lorbit": 11, "nelm": 250, "nsw": 199, "inimix": 0, "laechg": true, "lasph": true, "ldau": true, "lvtot": false, "lreal": "Auto", "ldau_luj": {"Mn": {"L": 2, "U": 2.75, "J": 0.0}, "O": {"L": -1, "U": 0.0, "J": 0.0}, "H": {"L": -1, "U": 0.0, "J": 0.0}}, "pp": "pbe", "txt": "-", "kpts": [2, 9, 5], "gamma": true, "reciprocal": false, "ignore_constraints": false, "custom": {}},
 "cell": {"array": {"__ndarray__": [[3, 3], "float64", [14.175001300082169, -0.0005449612111618, -0.795610784685943, 0.0009344402578548, 2.90257678394956, 0.0001472107529533, -0.4103568687200078, -0.0003763662309178, 5.209399225249879]]}, "__ase_objtype__": "cell"},
 "ctime": 26.349013320524936,
 "dipole": {"__ndarray__": [[1, 3], "float64", [0.0, 0.0, 0.0]]},
 "energy": -137.17996531,
 "forces": {"__ndarray__": [[20, 3], "float64", [0.00038977, -0.00670716, 0.00078558, -0.00811097, -0.00324091, -0.0064559, -0.01577489, -0.00194108, 0.00781525, 0.00038977, -0.00670716, 0.00078558, -0.00811097, -0.00324091, -0.0064559, -0.01577489, -0.00194108, 0.00781525, -0.00424667, 0.00304516, 0.00420963, 0.00468828, -0.00113025, -0.0062809, 0.01404212, 0.00091798, -0.00133639, -0.00346728, 0.00293437, -0.00529875, -0.00034747, 0.00080551, -0.0009174, 0.00290979, 0.00079733, 0.00687048, -0.00424667, 0.00304516, 0.00420963, 0.00468828, -0.00113025, -0.0062809, 0.01404212, 0.00091798, -0.00133639, -0.00346728, 0.00293437, -0.00529875, -0.00034747, 0.00080551, -0.0009174, 0.00290979, 0.00079733, 0.00687048, 0.00991732, 0.00451906, 0.0006084, 0.00991732, 0.00451906, 0.0006084]]},
 "free_energy": -137.17996531,
 "initial_magmoms": {"__ndarray__": [[20], "float64", [3.791, 3.779, -2.855, 3.791, 3.779, -2.855, 0.022, 0.052, -0.011, 0.005, 0.028, -0.006, 0.022, 0.052, -0.011, 0.005, 0.028, -0.006, 0.013, 0.013]]},
 "magmom": 9.9999969,
 "magmoms": {"__ndarray__": [[20], "float64", [3.791, 3.779, -2.856, 3.791, 3.779, -2.856, 0.022, 0.053, -0.011, 0.005, 0.028, -0.006, 0.022, 0.053, -0.011, 0.005, 0.028, -0.006, 0.013, 0.013]]},
 "mtime": 26.349013320524936,
 "numbers": {"__ndarray__": [[20], "int64", [25, 25, 25, 25, 25, 25, 8, 8, 8, 8, 8, 8, 8, 8, 8, 8, 8, 8, 30, 30]]},
 "pbc": {"__ndarray__": [[3], "bool", [true, true, true]]},
 "positions": {"__ndarray__": [[20, 3], "float64", [4.9415380125606765, 2.896550941317496, 2.1593730711266668, 1.9097964420146785, 1.4456224273126106, 2.6304335651372175, 7.234429824753172, 1.4472279088208033, -0.3818709237231433, 12.028581434203742, 1.4449858550632269, 1.7615134523070277, 8.997780086746141, 2.8966437674747176, 2.232701986050821, 0.14739640342773105, 2.898792997535743, 0.01601870444551022, 0.693241872584124, 1.4463243524232874, 4.476756970203832, 6.114271732922617, 2.8985243785050496, 0.3230097029557511, 1.1439213377657282, 2.8974142519344643, 1.6589434254182323, 5.557520319593783, 1.44555763982156, 3.3038325683999927, 2.993101879151558, 2.896421299437379, 3.517135777872271, 3.9409754212888024, 1.4457887787676382, 1.33210990147822, 7.781215516218285, 2.897345691013889, 4.07900538513266, 13.2013051532614, 1.4469692899436546, -0.0748699209593342, 8.23095475789773, 1.445869162637427, 1.2610638023925018, 12.645483959011514, 2.896578980397383, 2.906100990801063, 10.080145302354188, 1.4448562114047572, 3.119256152324105, 11.028939062265996, 2.896810117565088, 0.93435831715077, 11.000882279938569, 2.894199637414639, 4.273155772184323, 3.9129286445303944, 1.4431882941179717, 4.670867343200297]]},
 "stress": {"__ndarray__": [[6], "float64", [0.0002740132107163001, 0.00046233078200213373, 0.00026049078146678196, -4.352379699884834e-05, 0.00017858667158501582, 3.323769009524671e-05]]},
 "unique_id": "724d6b08e5afa8aa5e6f4022ae0e282a",
 "user": "jiuy97"},
"ids": [1],
"nextid": 2}
