{"1": {
 "calculator": "vasp",
 "calculator_parameters": {"amix": 0.1, "amix_mag": 0.1, "bmix": 0.0001, "bmix_mag": 0.0001, "encut": 600, "sigma": 0.05, "ediff": 1e-06, "ediffg": -0.01, "algo": "normal", "gga": "PE", "prec": "Normal", "ibrion": 2, "isif": 2, "ismear": 0, "ispin": 2, "istart": 0, "kpar": 16, "ldauprint": 2, "ldautype": 2, "lmaxmix": 6, "lorbit": 11, "nelm": 250, "npar": 8, "nsw": 200, "inimix": 0, "laechg": true, "lasph": true, "ldau": true, "lvtot": false, "lwave": true, "lreal": "auto", "ldau_luj": {"Ti": {"L": 2, "U": 3.0, "J": 0.0}, "V": {"L": 2, "U": 3.25, "J": 0.0}, "Cr": {"L": 2, "U": 3.5, "J": 0.0}, "Mn": {"L": 2, "U": 3.75, "J": 0.0}, "Fe": {"L": 2, "U": 4.3, "J": 0.0}, "Co": {"L": 2, "U": 3.32, "J": 0.0}, "Ni": {"L": 2, "U": 6.45, "J": 0.0}, "Cu": {"L": 2, "U": 3.0, "J": 0.0}, "Mo": {"L": 2, "U": 4.38, "J": 0.0}, "W": {"L": 2, "U": 3.0, "J": 0.0}, "Ce": {"L": 3, "U": 4.5, "J": 0.0}, "O": {"L": -1, "U": 0.0, "J": 0.0}, "C": {"L": -1, "U": 0.0, "J": 0.0}, "Au": {"L": -1, "U": 0.0, "J": 0.0}, "Ir": {"L": -1, "U": 0.0, "J": 0.0}, "H": {"L": -1, "U": 0.0, "J": 0.0}}, "xc": "PBE", "pp": "PBE", "setups": "recommended", "txt": "-", "kpts": [4, 6, 1], "gamma": true, "reciprocal": false, "ignore_constraints": false, "custom": {}},
 "cell": {"array": {"__ndarray__": [[3, 3], "float64", [7.02028, 2.43099, 0.0, 0.0, 4.8636, 0.0, 0.0, 0.0, 26.8791169]]}, "__ase_objtype__": "cell"},
 "constraints": [{"name": "FixAtoms", "kwargs": {"indices": [0, 1, 2, 3, 4, 5, 11, 12, 15, 16]}}],
 "ctime": 26.343498977353782,
 "dipole": {"__ndarray__": [[1, 3], "float64", [0.0, 0.0, 0.0]]},
 "energy": -115.72141778,
 "forces": {"__ndarray__": [[20, 3], "float64", [0.00022641, 0.00533811, -0.00779722, -0.00264047, 0.00851991, -0.00364916, -0.00338841, 0.00464225, -0.00763333, -0.00380205, 0.0031223, 0.00491028, -0.00966283, -0.00352643, 0.00882549, 0.00768834, 0.01584013, 0.00027572, 0.00441135, -0.00269147, -0.00200183, 0.00472859, -0.00148011, 0.00636172, 0.00664722, 8.351e-05, 0.00321516, 0.00348106, -0.00195363, -0.00192483, 0.00431256, -0.00610601, 0.0017084, -0.00422522, 0.00064559, -0.00413896, -0.01065462, -0.01153796, 0.00123619, 0.00062787, -0.00297164, 0.00230332, 0.00528911, -0.0057441, -0.00261147, -0.00879301, 0.00266833, -0.01021008, 0.00464914, 0.00296737, 0.00965229, 0.00281629, 0.00129967, -0.0027657, 0.00121993, -0.00640925, 0.00116409, -0.00293125, -0.00270656, 0.00307992]]},
 "free_energy": -115.74897364,
 "initial_charges": {"__ndarray__": [[20], "float64", [0.0, 0.0, -0.0, 0.0, 0.0, -0.0, -0.0, 0.0, 0.0, 0.0, -0.0, 0.0, 0.0, 0.0, 0.0, 0.0, -0.0, 0.0, 0.0, -0.0]]},
 "initial_magmoms": {"__ndarray__": [[20], "float64", [0.302, 0.302, 0.302, 0.302, 0.302, 0.302, 0.302, 0.302, 0.302, 0.302, 0.302, 0.302, 0.302, 0.302, 0.302, 0.302, 0.302, 0.302, 0.302, 0.302]]},
 "magmom": 2.6414247,
 "magmoms": {"__ndarray__": [[20], "float64", [0.106, 0.106, 0.106, 0.157, 0.157, 0.157, 0.156, 0.156, 0.105, 0.105, 0.106, 0.106, 0.157, 0.157, 0.106, 0.106, 0.156, 0.156, 0.105, 0.156]]},
 "mtime": 26.343498977353782,
 "numbers": {"__ndarray__": [[20], "int64", [78, 78, 78, 78, 78, 78, 78, 78, 78, 78, 78, 78, 78, 78, 78, 78, 78, 78, 78, 78]]},
 "pbc": {"__ndarray__": [[3], "bool", [true, true, true]]},
 "positions": {"__ndarray__": [[20, 3], "float64", [0.701752283907493, 3.6472949991430075, 10.000000000867587, 2.105946143191196, 1.2151598911874508, 10.000000000867587, 3.5101400024748997, 3.6472949991430053, 10.000000000867587, 3.5101399975251497, 2.02587159669705, 12.293038966955926, 2.105946143191196, 4.458006696079364, 12.293038966955926, 0.7017522888572426, 2.0258715966970153, 12.293038966955926, 2.10891095218172, 2.8346778630557106, 14.552202538691052, 0.7047573170490485, 0.4031405937412585, 14.552565379711496, 0.7041665635440694, 3.642737344983652, 16.846185251796275, 2.1093677535923665, 1.2106612321783428, 16.84692581141573, 3.5131688042167597, 3.643493229468705, 16.847292293341464, 4.9143338568088035, 6.079430098525337, 10.000000000867587, 6.318527711142757, 6.890141804034935, 12.293038966955926, 3.513309489906628, 5.265798530297394, 14.553191265693961, 4.917034183439367, 6.076775016290865, 16.84699958744647, 6.318527711142757, 3.6472949991430226, 10.000000000867587, 4.9143338568088035, 4.458006698937115, 12.293038962914437, 4.916806693075858, 2.8337700949532154, 14.552531814836994, 6.322363604052131, 3.6441181909982365, 16.846298480114413, 6.321367672642515, 5.266031997818209, 14.551802073233091]]},
 "stress": {"__ndarray__": [[6], "float64", [0.02210085760851966, 0.022829186230252603, -6.235455486182064e-05, 0.00015986916590513263, -0.00013803948773735597, -0.00013010301566872046]]},
 "tags": {"__ndarray__": [[20], "int64", [4, 4, 4, 3, 3, 3, 2, 2, 1, 1, 1, 4, 3, 2, 1, 4, 3, 2, 1, 2]]},
 "unique_id": "55d8b2035ada4094acb4978f2f6c030f",
 "user": "khamkins"},
"ids": [1],
"nextid": 2}
