{"1": {
 "calculator": "vasp",
 "calculator_parameters": {"amix": 0.1, "amix_mag": 0.1, "bmix": 0.0001, "bmix_mag": 0.0001, "encut": 600, "sigma": 0.05, "ediff": 1e-06, "ediffg": -0.01, "algo": "normal", "gga": "PE", "prec": "Normal", "ibrion": 2, "isif": 2, "ismear": 0, "ispin": 2, "istart": 0, "kpar": 16, "ldauprint": 2, "ldautype": 2, "lmaxmix": 6, "lorbit": 11, "nelm": 250, "npar": 8, "nsw": 200, "inimix": 0, "laechg": true, "lasph": true, "ldau": true, "lvtot": false, "lwave": true, "lreal": "auto", "ldau_luj": {"Ti": {"L": 2, "U": 3.0, "J": 0.0}, "V": {"L": 2, "U": 3.25, "J": 0.0}, "Cr": {"L": 2, "U": 3.5, "J": 0.0}, "Mn": {"L": 2, "U": 3.75, "J": 0.0}, "Fe": {"L": 2, "U": 4.3, "J": 0.0}, "Co": {"L": 2, "U": 3.32, "J": 0.0}, "Ni": {"L": 2, "U": 6.45, "J": 0.0}, "Cu": {"L": 2, "U": 3.0, "J": 0.0}, "Mo": {"L": 2, "U": 4.38, "J": 0.0}, "W": {"L": 2, "U": 3.0, "J": 0.0}, "Ce": {"L": 3, "U": 4.5, "J": 0.0}, "O": {"L": -1, "U": 0.0, "J": 0.0}, "C": {"L": -1, "U": 0.0, "J": 0.0}, "Au": {"L": -1, "U": 0.0, "J": 0.0}, "Ir": {"L": -1, "U": 0.0, "J": 0.0}, "H": {"L": -1, "U": 0.0, "J": 0.0}}, "xc": "PBE", "pp": "PBE", "setups": "recommended", "txt": "-", "kpts": [4, 6, 1], "gamma": true, "reciprocal": false, "ignore_constraints": false, "custom": {}},
 "cell": {"array": {"__ndarray__": [[3, 3], "float64", [7.02028, 2.43099, 0.0, 0.0, 4.8636, 0.0, 0.0, 0.0, 26.8791169]]}, "__ase_objtype__": "cell"},
 "constraints": [{"name": "FixAtoms", "kwargs": {"indices": [0, 1, 2, 3, 4, 5, 11, 12, 15, 16]}}],
 "ctime": 26.347494571665006,
 "dipole": {"__ndarray__": [[1, 3], "float64", [0.0, 0.0, 0.0]]},
 "energy": -130.1887766,
 "forces": {"__ndarray__": [[23, 3], "float64", [0.02257865, 0.04617052, -0.0368429, -0.0286354, 0.06388533, 0.00276285, 0.00758177, 0.08595725, -0.02178887, -0.00185082, -0.05319954, 0.01082593, 0.01782874, -0.10425447, 0.02120169, 0.03482481, -0.00738116, 0.03485874, 0.00225802, -0.00502545, -0.0027146, -0.0055203, 0.00525476, 0.00053969, -0.00272874, -0.00326383, 0.00183434, 0.00089568, 0.00582762, 0.00063303, 0.00226495, -0.00147594, 0.00524737, 0.02754443, 0.04227532, 0.00272858, -0.02757041, -0.0360949, -0.00567641, 0.00092683, 0.00653499, -0.002413, -0.00304788, 0.00273326, -0.0027432, -0.01209421, 0.04347371, -0.0488653, -0.02458664, -0.08819936, 0.03034047, -0.00257615, -0.00306839, 0.00423255, -0.00137367, 0.00166283, -0.00161577, 0.00099651, 0.00029089, 0.00192584, 0.00376697, -0.009233, -0.00067104, -0.0074376, 0.00238729, 0.00373894, -0.00404552, 0.00474225, 0.00246105]]},
 "free_energy": -130.21742191,
 "initial_charges": {"__ndarray__": [[23], "float64", [0.0, 0.0, -0.0, 0.0, 0.0, -0.0, -0.0, 0.0, 0.0, 0.0, -0.0, 0.0, 0.0, 0.0, 0.0, 0.0, -0.0, 0.0, 0.0, -0.0, 0.0, 0.0, 0.0]]},
 "initial_magmoms": {"__ndarray__": [[23], "float64", [0.302, 0.302, 0.302, 0.302, 0.302, 0.302, 0.302, 0.302, 0.302, 0.302, 0.302, 0.302, 0.302, 0.302, 0.302, 0.302, 0.302, 0.302, 0.302, 0.302, 0.0, 0.0, 0.0]]},
 "magmom": -0.0005078,
 "magmoms": {"__ndarray__": [[23], "float64", [-0.0, -0.0, -0.0, -0.0, -0.0, -0.0, -0.0, -0.0, -0.0, -0.0, -0.0, -0.0, -0.0, -0.0, -0.0, -0.0, -0.0, -0.0, -0.0, -0.0, -0.0, 0.0, 0.0]]},
 "mtime": 26.347494571665006,
 "numbers": {"__ndarray__": [[23], "int64", [78, 78, 78, 78, 78, 78, 78, 78, 78, 78, 78, 78, 78, 78, 78, 78, 78, 78, 78, 78, 8, 1, 1]]},
 "pbc": {"__ndarray__": [[3], "bool", [true, true, true]]},
 "positions": {"__ndarray__": [[23, 3], "float64", [0.701752283907493, 3.6472949991430075, 10.000000000867587, 2.105946143191196, 1.2151598911874508, 10.000000000867587, 3.5101400024748997, 3.6472949991430053, 10.000000000867587, 3.5101399975251497, 2.02587159669705, 12.293038966955926, 2.105946143191196, 4.458006696079364, 12.293038966955926, 0.7017522888572426, 2.0258715966970153, 12.293038966955926, 2.11785604461194, 2.76860913879518, 14.564872701996913, 0.6992327891660258, 0.33134390301648947, 14.545818525912958, 0.6815495856560183, 3.4913522415613483, 16.850726141686927, 2.0855440786545985, 1.049819991060737, 16.846109436551245, 3.493607333494095, 3.465050232896733, 16.891163763473887, 4.9143338568088035, 6.079430098525337, 10.000000000867587, 6.318527711142757, 6.890141804034935, 12.293038966955926, 3.5088239113389377, 5.192610665906561, 14.564605575504896, 4.922018740160746, 5.92026723924817, 16.838142674267974, 6.318527711142757, 3.6472949991430226, 10.000000000867587, 4.9143338568088035, 4.458006698937115, 12.293038962914437, 4.904094289331043, 2.7699080809596595, 14.56081266799687, 6.323885768103726, 3.4936722584783197, 16.852736940912102, 6.320777603383186, 5.195852147418295, 14.544963436641044, 3.6352332026212006, 3.724574986190466, 19.35176801761016, 3.189569154449161, 4.596050431300126, 19.3733082350165, 4.590722850227576, 3.9392040826646193, 19.33687891033473]]},
 "stress": {"__ndarray__": [[6], "float64", [0.021833430101191504, 0.02276924562897729, -0.0002204207859578324, 0.0007034218733245917, 0.00013996655992148154, -0.00013152830172667067]]},
 "tags": {"__ndarray__": [[23], "int64", [4, 4, 4, 3, 3, 3, 2, 2, 1, 1, 1, 4, 3, 2, 1, 4, 3, 2, 1, 2, 0, 0, 0]]},
 "unique_id": "2ea64c4e863041a68f929b452e84e2cb",
 "user": "khamkins"},
"ids": [1],
"nextid": 2}
