{"1": {
 "calculator": "vasp",
 "calculator_parameters": {"amix": 0.1, "amix_mag": 0.1, "bmix": 0.0001, "bmix_mag": 0.0001, "encut": 600, "sigma": 0.05, "ediff": 1e-06, "ediffg": -0.01, "algo": "normal", "gga": "PE", "prec": "Normal", "ibrion": 2, "isif": 2, "ismear": 0, "ispin": 2, "istart": 0, "kpar": 16, "ldauprint": 2, "ldautype": 2, "lmaxmix": 6, "lorbit": 11, "nelm": 250, "npar": 8, "nsw": 200, "inimix": 0, "laechg": true, "lasph": true, "ldau": true, "lvtot": false, "lwave": true, "lreal": "auto", "ldau_luj": {"Ti": {"L": 2, "U": 3.0, "J": 0.0}, "V": {"L": 2, "U": 3.25, "J": 0.0}, "Cr": {"L": 2, "U": 3.5, "J": 0.0}, "Mn": {"L": 2, "U": 3.75, "J": 0.0}, "Fe": {"L": 2, "U": 4.3, "J": 0.0}, "Co": {"L": 2, "U": 3.32, "J": 0.0}, "Ni": {"L": 2, "U": 6.45, "J": 0.0}, "Cu": {"L": 2, "U": 3.0, "J": 0.0}, "Mo": {"L": 2, "U": 4.38, "J": 0.0}, "W": {"L": 2, "U": 3.0, "J": 0.0}, "Ce": {"L": 3, "U": 4.5, "J": 0.0}, "O": {"L": -1, "U": 0.0, "J": 0.0}, "C": {"L": -1, "U": 0.0, "J": 0.0}, "Au": {"L": -1, "U": 0.0, "J": 0.0}, "Ir": {"L": -1, "U": 0.0, "J": 0.0}, "H": {"L": -1, "U": 0.0, "J": 0.0}}, "xc": "PBE", "pp": "PBE", "setups": "recommended", "txt": "-", "kpts": [4, 6, 1], "gamma": true, "reciprocal": false, "ignore_constraints": false, "custom": {}},
 "cell": {"array": {"__ndarray__": [[3, 3], "float64", [7.02028, 2.43099, 0.0, 0.0, 4.8636, 0.0, 0.0, 0.0, 26.8791169]]}, "__ase_objtype__": "cell"},
 "constraints": [{"name": "FixAtoms", "kwargs": {"indices": [0, 1, 2, 3, 4, 5, 11, 12, 15, 16]}}],
 "ctime": 26.343629877919422,
 "dipole": {"__ndarray__": [[1, 3], "float64", [0.0, 0.0, 0.0]]},
 "energy": -154.52583307,
 "forces": {"__ndarray__": [[26, 3], "float64", [-0.01358522, 0.06221013, 0.01265323, 0.00025611, 0.04219215, -0.14299296, 0.03457132, -0.06147931, -0.06201584, -0.08326971, 0.05562881, 0.03102827, -0.02908964, -0.03495163, 0.06874442, 0.03289791, -0.05947161, 0.231613, -0.0017416, 0.00384226, 0.00120745, -0.00349961, 0.0006196, -4.259e-05, -0.00037351, 0.00359883, -0.00509788, -0.00049251, -0.00033366, 0.00366032, 0.00055174, 0.00251077, -0.00171035, -0.04452259, -0.06297141, -0.06862943, 0.04207951, -0.04239232, 0.06615161, 0.00290859, -0.00538427, 0.00060627, -0.00246931, 0.00566691, -0.00042028, -0.02003412, 0.03440602, -0.16484017, 0.09177456, 0.05869134, 0.02870374, -8.923e-05, 0.00224354, 0.00128087, -0.00382184, -0.00127875, 8.264e-05, -0.00660713, 0.00178416, -0.00178134, 0.00244366, 0.00419866, 0.00526698, 0.00126942, -0.00111223, -0.00128545, -0.00227395, -0.0001199, -0.00241309, -0.00039716, -0.0019517, 0.00124397, -0.00335835, -0.00445398, -0.00020621, 0.00687266, -0.00169242, -0.0008072]]},
 "free_energy": -154.55364135,
 "initial_charges": {"__ndarray__": [[26], "float64", [0.0, 0.0, -0.0, 0.0, 0.0, -0.0, -0.0, 0.0, 0.0, 0.0, -0.0, 0.0, 0.0, 0.0, 0.0, 0.0, -0.0, 0.0, 0.0, -0.0, 0.0, 0.0, 0.0, 0.0, 0.0, 0.0]]},
 "initial_magmoms": {"__ndarray__": [[26], "float64", [0.302, 0.302, 0.302, 0.302, 0.302, 0.302, 0.302, 0.302, 0.302, 0.302, 0.302, 0.302, 0.302, 0.302, 0.302, 0.302, 0.302, 0.302, 0.302, 0.302, 0.0, 0.0, 0.0, 0.0, 0.0, 0.0]]},
 "magmom": 7.5e-06,
 "magmoms": {"__ndarray__": [[26], "float64", [0.0, 0.0, 0.0, 0.0, 0.0, 0.0, 0.0, 0.0, 0.0, 0.0, 0.0, 0.0, 0.0, 0.0, 0.0, 0.0, 0.0, 0.0, 0.0, 0.0, 0.0, 0.0, 0.0, -0.0, -0.0, -0.0]]},
 "mtime": 26.343629877919422,
 "numbers": {"__ndarray__": [[26], "int64", [78, 78, 78, 78, 78, 78, 78, 78, 78, 78, 78, 78, 78, 78, 78, 78, 78, 78, 78, 78, 8, 8, 8, 15, 8, 1]]},
 "pbc": {"__ndarray__": [[3], "bool", [true, true, true]]},
 "positions": {"__ndarray__": [[26, 3], "float64", [0.701752283907493, 3.6472949991430075, 10.000000000867587, 2.105946143191196, 1.2151598911874508, 10.000000000867587, 3.5101400024748997, 3.6472949991430053, 10.000000000867587, 3.5101399975251497, 2.02587159669705, 12.293038966955926, 2.105946143191196, 4.458006696079364, 12.293038966955926, 0.7017522888572426, 2.0258715966970153, 12.293038966955926, 2.097007844374939, 2.812743646543364, 14.584884075297929, 0.7139006187900724, 0.37743476768092704, 14.57494813463834, 0.7258912562123045, 3.605431512675277, 16.876620696612974, 2.1860215119852313, 1.2032303532104418, 16.888620414603125, 3.5519157881819288, 3.633120858850007, 16.77829076350457, 4.9143338568088035, 6.079430098525337, 10.000000000867587, 6.318527711142757, 6.890141804034935, 12.293038966955926, 3.4960121164436155, 5.282152116723559, 14.529015486197265, 4.924113955044328, 6.060552128757554, 16.779321220539924, 6.318527711142757, 3.6472949991430226, 10.000000000867587, 4.9143338568088035, 4.458006698937115, 12.293038962914437, 4.946962221867882, 2.845891469917691, 14.527612523649372, 6.2899689689413005, 3.628924774426612, 16.881800425561245, 6.3485347282369755, 5.240040943204129, 14.580279370485458, 0.7245394104361593, 3.7658484438457367, 18.937842602065377, 2.0445191721582705, 1.1227695622134797, 18.97369496355238, 6.445534501794651, 3.5488448860037387, 18.950650046952138, 0.7385452706913408, 0.3957056674634024, 19.379526805337925, 0.7701114747178123, 0.4127050336905756, 20.970968637493005, 0.052932274261567824, 4.747334946740265, 21.365391279553453]]},
 "stress": {"__ndarray__": [[6], "float64", [0.016298843417750616, 0.016714789638253597, -0.0008434338215004367, 1.7918979485335904e-05, -0.00012222385937838795, -4.502542295491721e-05]]},
 "tags": {"__ndarray__": [[26], "int64", [4, 4, 4, 3, 3, 3, 2, 2, 1, 1, 1, 4, 3, 2, 1, 4, 3, 2, 1, 2, 0, 0, 0, 0, 0, 0]]},
 "unique_id": "b37c7fcd587148cb8198fd2a8f5aad9a",
 "user": "khamkins"},
"ids": [1],
"nextid": 2}
