{"1": {
 "calculator": "vasp",
 "calculator_parameters": {"amix": 0.1, "amix_mag": 0.1, "bmix": 0.0001, "bmix_mag": 0.0001, "encut": 600, "sigma": 0.05, "ediff": 1e-06, "ediffg": -0.01, "algo": "normal", "gga": "PE", "prec": "Normal", "ibrion": 2, "isif": 2, "ismear": 0, "ispin": 2, "istart": 0, "kpar": 16, "ldauprint": 2, "ldautype": 2, "lmaxmix": 6, "lorbit": 11, "nelm": 250, "npar": 8, "nsw": 200, "inimix": 0, "laechg": true, "lasph": true, "ldau": true, "lvtot": false, "lwave": true, "lreal": "auto", "ldau_luj": {"Ti": {"L": 2, "U": 3.0, "J": 0.0}, "V": {"L": 2, "U": 3.25, "J": 0.0}, "Cr": {"L": 2, "U": 3.5, "J": 0.0}, "Mn": {"L": 2, "U": 3.75, "J": 0.0}, "Fe": {"L": 2, "U": 4.3, "J": 0.0}, "Co": {"L": 2, "U": 3.32, "J": 0.0}, "Ni": {"L": 2, "U": 6.45, "J": 0.0}, "Cu": {"L": 2, "U": 3.0, "J": 0.0}, "Mo": {"L": 2, "U": 4.38, "J": 0.0}, "W": {"L": 2, "U": 3.0, "J": 0.0}, "Ce": {"L": 3, "U": 4.5, "J": 0.0}, "O": {"L": -1, "U": 0.0, "J": 0.0}, "C": {"L": -1, "U": 0.0, "J": 0.0}, "Au": {"L": -1, "U": 0.0, "J": 0.0}, "Ir": {"L": -1, "U": 0.0, "J": 0.0}, "H": {"L": -1, "U": 0.0, "J": 0.0}}, "xc": "PBE", "pp": "PBE", "setups": "recommended", "txt": "-", "kpts": [4, 6, 1], "gamma": true, "reciprocal": false, "ignore_constraints": false, "custom": {}},
 "cell": {"array": {"__ndarray__": [[3, 3], "float64", [7.02028, 2.43099, 0.0, 0.0, 4.8636, 0.0, 0.0, 0.0, 26.8791169]]}, "__ase_objtype__": "cell"},
 "constraints": [{"name": "FixAtoms", "kwargs": {"indices": [0, 1, 2, 3, 4, 5, 11, 12, 15, 16]}}],
 "ctime": 26.43637605261494,
 "dipole": {"__ndarray__": [[1, 3], "float64", [0.0, 0.0, 0.0]]},
 "energy": -142.92047469,
 "forces": {"__ndarray__": [[24, 3], "float64", [-0.0491208, 0.06252387, -0.02346282, -0.02917985, 0.05728011, -0.06470132, 0.00279433, 0.00976067, 0.00640547, -0.09002335, -0.05913496, 0.00097983, 0.04062179, -0.06814286, 0.11429759, 0.08998551, 0.00295598, 0.19069278, 0.00271756, -4.987e-05, 0.00133006, 0.0013838, -0.00025004, 0.00344022, 0.00231212, 0.00041533, -0.00186698, 0.00331688, 0.00300381, 0.00015205, 0.00195894, 0.00164902, -0.00541473, 0.02056437, -0.02717842, -0.07971752, -0.03592757, -0.00176236, -0.03870649, 0.0018929, 0.00189913, 0.00041891, 0.00287859, -0.00022101, 0.00039665, -0.00587641, -0.00203355, -0.1676317, 0.03704957, 0.010631, 0.06499376, 0.00059053, 0.00113193, -0.0019396, -9.5e-05, 0.00322431, 0.00010089, 0.00272281, 0.00229938, -0.00144406, -0.00254973, 0.00303194, -0.00264054, 0.00610109, -0.00141756, 0.00341512, 9.786e-05, 0.00047761, -0.00730837, -0.00421593, -9.347e-05, 0.0082108]]},
 "free_energy": -142.94853061,
 "initial_charges": {"__ndarray__": [[24], "float64", [0.0, 0.0, -0.0, 0.0, 0.0, -0.0, -0.0, 0.0, 0.0, 0.0, -0.0, 0.0, 0.0, 0.0, 0.0, 0.0, -0.0, 0.0, 0.0, -0.0, 0.0, 0.0, 0.0, 0.0]]},
 "initial_magmoms": {"__ndarray__": [[24], "float64", [0.302, 0.302, 0.302, 0.302, 0.302, 0.302, 0.302, 0.302, 0.302, 0.302, 0.302, 0.302, 0.302, 0.302, 0.302, 0.302, 0.302, 0.302, 0.302, 0.302, 0.0, 0.0, 0.0, 0.0]]},
 "magmom": -0.0,
 "magmoms": {"__ndarray__": [[24], "float64", [-0.0, -0.0, -0.0, -0.0, -0.0, -0.0, -0.0, -0.0, -0.0, -0.0, -0.0, -0.0, -0.0, -0.0, -0.0, -0.0, -0.0, -0.0, -0.0, -0.0, -0.0, 0.0, -0.0, 0.0]]},
 "mtime": 26.43637605261494,
 "numbers": {"__ndarray__": [[24], "int64", [78, 78, 78, 78, 78, 78, 78, 78, 78, 78, 78, 78, 78, 78, 78, 78, 78, 78, 78, 78, 8, 8, 8, 15]]},
 "pbc": {"__ndarray__": [[3], "bool", [true, true, true]]},
 "positions": {"__ndarray__": [[24, 3], "float64", [0.701752283907493, 3.6472949991430075, 10.000000000867587, 2.105946143191196, 1.2151598911874508, 10.000000000867587, 3.5101400024748997, 3.6472949991430053, 10.000000000867587, 3.5101399975251497, 2.02587159669705, 12.293038966955926, 2.105946143191196, 4.458006696079364, 12.293038966955926, 0.7017522888572426, 2.0258715966970153, 12.293038966955926, 2.1165773531593315, 2.8063319070410015, 14.6038898417518, 0.7241880325874595, 0.3541370049414305, 14.567215467919223, 0.7751172928922712, 3.5188164593638867, 16.875298499377475, 2.2460952480746226, 1.1202953658872343, 16.90047358568834, 3.6465827463588276, 3.549223622096521, 16.82530691233217, 4.9143338568088035, 6.079430098525337, 10.000000000867587, 6.318527711142757, 6.890141804034935, 12.293038966955926, 3.5086162404409658, 5.25779998391377, 14.566877141953505, 4.999866613390325, 5.963230565742397, 16.81293417774077, 6.318527711142757, 3.6472949991430226, 10.000000000867587, 4.9143338568088035, 4.458006698937115, 12.293038962914437, 4.959173303448745, 2.802558551846683, 14.54104937708284, 6.400586972966204, 3.526906992728242, 16.972188016750213, 6.356920418730949, 5.199392538267049, 14.56388167475624, 0.4642673468479838, 3.8395505614513548, 18.87939649967477, 1.7931177871732293, 1.176265778713678, 18.906179821489033, 6.56074911122878, 3.432513052035074, 20.22031607240424, 0.35226656040448123, 0.542640659783675, 19.07289695288139]]},
 "stress": {"__ndarray__": [[6], "float64", [0.019316819961176655, 0.018853017475013202, -0.0005220118363619552, 7.850370450243934e-06, -6.26299052784181e-05, -0.00048826365947681166]]},
 "tags": {"__ndarray__": [[24], "int64", [4, 4, 4, 3, 3, 3, 2, 2, 1, 1, 1, 4, 3, 2, 1, 4, 3, 2, 1, 2, 0, 0, 0, 0]]},
 "unique_id": "c4cf360a06df421cac055f097aa49ce9",
 "user": "khamkins"},
"ids": [1],
"nextid": 2}
