{"1": {
 "calculator": "vasp",
 "calculator_parameters": {"amix": 0.1, "amix_mag": 0.1, "bmix": 0.0001, "bmix_mag": 0.0001, "encut": 600, "sigma": 0.05, "ediff": 1e-06, "ediffg": -0.01, "algo": "normal", "gga": "PE", "prec": "Normal", "ibrion": 2, "isif": 2, "ismear": 0, "ispin": 2, "istart": 1, "kpar": 16, "ldauprint": 2, "ldautype": 2, "lmaxmix": 6, "lorbit": 11, "nelm": 250, "npar": 8, "nsw": 200, "inimix": 0, "laechg": true, "lasph": true, "ldau": true, "lvtot": false, "lwave": true, "lreal": "auto", "ldau_luj": {"Ti": {"L": 2, "U": 3.0, "J": 0.0}, "V": {"L": 2, "U": 3.25, "J": 0.0}, "Cr": {"L": 2, "U": 3.5, "J": 0.0}, "Mn": {"L": 2, "U": 3.75, "J": 0.0}, "Fe": {"L": 2, "U": 4.3, "J": 0.0}, "Co": {"L": 2, "U": 3.32, "J": 0.0}, "Ni": {"L": 2, "U": 6.45, "J": 0.0}, "Cu": {"L": 2, "U": 3.0, "J": 0.0}, "Mo": {"L": 2, "U": 4.38, "J": 0.0}, "W": {"L": 2, "U": 3.0, "J": 0.0}, "Ce": {"L": 3, "U": 4.5, "J": 0.0}, "O": {"L": -1, "U": 0.0, "J": 0.0}, "C": {"L": -1, "U": 0.0, "J": 0.0}, "Au": {"L": -1, "U": 0.0, "J": 0.0}, "Ir": {"L": -1, "U": 0.0, "J": 0.0}, "H": {"L": -1, "U": 0.0, "J": 0.0}}, "xc": "PBE", "pp": "PBE", "setups": "recommended", "txt": "-", "kpts": [4, 6, 1], "gamma": true, "reciprocal": false, "ignore_constraints": false, "custom": {}},
 "cell": {"array": {"__ndarray__": [[3, 3], "float64", [7.02028, 2.43099, 0.0, 0.0, 4.8636, 0.0, 0.0, 0.0, 26.8791169]]}, "__ase_objtype__": "cell"},
 "constraints": [{"name": "FixAtoms", "kwargs": {"indices": [0, 1, 2, 3, 4, 5, 11, 12, 15, 16]}}],
 "ctime": 26.360388764267242,
 "dipole": {"__ndarray__": [[1, 3], "float64", [0.0, 0.0, 0.0]]},
 "energy": -164.65244398,
 "forces": {"__ndarray__": [[28, 3], "float64", [0.04714546, 0.03584976, -0.00272949, -0.03891429, 0.06265099, -0.13927394, 0.02604417, 0.0137125, -0.08034261, -0.16116929, 0.06930636, 0.13365088, 0.02063708, -0.15693351, 0.22693573, 0.10212169, 0.02157881, 0.22714406, -0.00176923, -0.00246632, -0.00308083, -0.00069148, 0.00134047, 0.00132752, -0.00237465, 0.00404667, -0.00167178, -0.00329205, 0.00341898, -0.00252146, -0.00091305, 0.00188831, 0.00468898, 0.02252785, -0.11734931, -0.06074093, 0.02588405, 0.02547891, -0.07620002, -0.00136085, 0.00395922, -0.00280847, -0.00029673, 0.00494208, -0.00045977, -0.06446764, -0.01075571, -0.21565895, 0.03353322, 0.02846006, -0.00767919, 0.00148904, -0.00100421, -0.00172397, -0.00015888, 0.00320461, -0.00090013, 0.00055073, 0.00062655, -0.0019537, 0.00121402, 0.00222033, 0.00087305, 0.00397927, 0.00164839, 0.00047404, 0.00118453, -0.00180077, 0.00172345, 0.00202878, -0.00057826, -0.00442617, 0.00688785, -0.00169656, -0.00170912, -0.00605008, -0.00058576, 0.00358026, -0.00519457, 0.00616417, 0.00218275, -0.00857494, 0.00267322, 0.00129982]]},
 "free_energy": -164.68035237,
 "initial_charges": {"__ndarray__": [[28], "float64", [-0.02, -0.08, -0.09, 0.01, 0.02, 0.07, -0.03, 0.01, 0.24, 0.28, 0.23, -0.02, 0.06, 0.01, 0.03, -0.02, 0.06, 0.01, 0.2, 0.04, -1.18, -0.93, -1.44, -1.46, -1.13, 3.79, 0.68, 0.67]]},
 "initial_magmoms": {"__ndarray__": [[28], "float64", [0.0, 0.0, 0.0, 0.0, 0.0, 0.0, 0.0, 0.0, 0.0, 0.0, 0.0, 0.0, 0.0, 0.0, 0.0, 0.0, 0.0, 0.0, 0.0, 0.0, -0.0, -0.0, -0.0, 0.0, 0.0, -0.0, 0.0, -0.0]]},
 "magmom": 0.0,
 "magmoms": {"__ndarray__": [[28], "float64", [0.0, 0.0, 0.0, 0.0, 0.0, 0.0, 0.0, -0.0, 0.0, 0.0, 0.0, 0.0, 0.0, 0.0, -0.0, 0.0, -0.0, 0.0, 0.0, 0.0, -0.0, 0.0, 0.0, -0.0, 0.0, 0.0, 0.0, -0.0]]},
 "mtime": 26.360388764267242,
 "numbers": {"__ndarray__": [[28], "int64", [78, 78, 78, 78, 78, 78, 78, 78, 78, 78, 78, 78, 78, 78, 78, 78, 78, 78, 78, 78, 8, 8, 8, 8, 8, 15, 1, 1]]},
 "pbc": {"__ndarray__": [[3], "bool", [true, true, true]]},
 "positions": {"__ndarray__": [[28, 3], "float64", [0.7017500000000042, 3.6472900000000057, 9.999999999999929, 2.1059499999999876, 1.2151600000000062, 9.999999999999929, 3.51014, 3.64729, 9.999999999999929, 3.51014, 2.025869999999984, 12.293040000000092, 2.1059499999999876, 4.458010000000004, 12.293040000000092, 0.7017500000000042, 2.0258699999999896, 12.293040000000092, 2.118155559866718, 2.81586288961867, 14.648201918934584, 0.6977041637094032, 0.3913965823737763, 14.5480762292965, 0.6553362167277009, 3.6219574118350835, 16.869581670461063, 2.081189777782375, 1.1971142446028866, 16.91236216669983, 3.4879494082886584, 3.6126170711894554, 16.912520304445955, 4.914330000000012, 6.079429999999993, 9.999999999999929, 6.3185299999999955, 6.890139999999992, 12.293040000000092, 3.468249555418721, 5.250457985026065, 14.55086087813952, 4.873226953651222, 6.065122723766606, 16.726721309723423, 6.3185299999999955, 3.6472899999999937, 9.999999999999929, 4.914330000000012, 4.458010000000012, 12.293040000000092, 4.907509869395027, 2.86151249226924, 14.531398059012506, 6.277264725674283, 3.638042531478181, 16.830876484856823, 6.337705923419891, 5.259199716529598, 14.550924912062511, 0.5147441550624652, 3.7496118262954594, 18.882241579318553, 1.9278907753138008, 0.9931653314292985, 18.954808348186713, 6.349867156373809, 3.57486484803374, 18.887276356431588, 0.5325425102824657, 0.328035142551165, 20.982030617478994, 3.7123777420942905, 3.7526422686124237, 19.032214220859444, 0.5687199202546663, 0.346137311444708, 19.502684162457385, 3.2419552666859612, 4.5872270284109185, 19.3043757682146, 4.69260115970532, 3.7922287834574795, 19.246070757544448]]},
 "stress": {"__ndarray__": [[6], "float64", [0.016617746854092657, 0.015821721707150255, -0.0009162644623206326, -0.00016647290101313655, 0.00011090485761256218, -0.0003524018904470585]]},
 "unique_id": "1cad7f77a20d4e9ebc4d35139b209437",
 "user": "khamkins"},
"ids": [1],
"nextid": 2}
