{"1": {
 "calculator": "vasp",
 "calculator_parameters": {"amix": 0.1, "amix_mag": 0.1, "bmix": 1e-05, "bmix_mag": 1e-05, "encut": 600, "sigma": 0.05, "ediff": 1e-05, "ediffg": -0.02, "algo": "normal", "gga": "PE", "prec": "Normal", "ibrion": 2, "isif": 3, "ismear": 0, "ispin": 2, "istart": 1, "kpar": 10, "ldauprint": 2, "ldautype": 2, "lmaxmix": 6, "lorbit": 11, "nelm": 250, "npar": 6, "nsw": 99, "nupdown": 0, "inimix": 0, "laechg": true, "lasph": true, "ldau": true, "lvtot": false, "lreal": false, "ldau_luj": {"Ti": {"L": 2, "U": 3.0, "J": 0.0}, "V": {"L": 2, "U": 3.25, "J": 0.0}, "Cr": {"L": 2, "U": 3.5, "J": 0.0}, "Mn": {"L": 2, "U": 2.75, "J": 0.0}, "Fe": {"L": 2, "U": 4.3, "J": 0.0}, "Co": {"L": 2, "U": 3.32, "J": 0.0}, "Ni": {"L": 2, "U": 6.45, "J": 0.0}, "Cu": {"L": 2, "U": 3.0, "J": 0.0}, "Mo": {"L": 2, "U": 4.38, "J": 0.0}, "W": {"L": -1, "U": 0.0, "J": 0.0}, "Ce": {"L": 3, "U": 4.5, "J": 0.0}, "O": {"L": -1, "U": 0.0, "J": 0.0}, "C": {"L": -1, "U": 0.0, "J": 0.0}, "Au": {"L": -1, "U": 0.0, "J": 0.0}, "Ir": {"L": -1, "U": 0.0, "J": 0.0}, "H": {"L": -1, "U": 0.0, "J": 0.0}}, "xc": "PBE", "pp": "PBE", "setups": {"base": "minimal"}, "txt": "-", "kpts": [17, 5, 4], "gamma": true, "reciprocal": false, "ignore_constraints": false},
 "cell": [[2.9068046347806797, -0.007398167961771, -0.0099335074454902], [0.0093144217688234, 11.09239215458597, 0.084526864524482], [0.034235237012695, 0.1426536084580716, 11.468631549845565]],
 "ctime": 21.642943893158503,
 "dipole": [[0.0, 0.0, 0.0]],
 "energy": -210.89586942,
 "forces": [[-0.003499, 0.001438, -0.002511], [0.003479, -0.001452, 0.002381], [0.000958, 0.002579, -0.001022], [-0.001139, -0.002879, 0.001164], [0.003442, -0.000833, 0.002885], [-0.003397, 0.001436, -0.002667], [0.001147, 0.00276, -0.001675], [-0.000888, -0.003355, 0.001211], [-0.003376, 0.006976, -0.003776], [0.003828, -0.002272, 0.004627], [-0.002629, 0.000378, -0.003755], [0.001274, -0.011152, -0.007551], [0.001747, 0.002994, 0.003093], [-0.002247, -0.004327, -0.002408], [-0.0006, 0.011049, 0.006115], [0.002325, 0.003183, 0.002001], [-0.003634, 0.00646, -0.003559], [0.003562, -0.007707, 0.00396], [-0.001437, -0.004116, -0.002593], [5.2e-05, -0.011679, -0.003975], [0.002154, 0.009792, 0.012237], [-0.002356, -0.004403, -0.003827], [-0.00093, 0.011639, 0.00462], [0.002198, -0.001479, 0.0033], [0.005919, -0.003733, -0.008242], [0.005908, -0.000513, -0.002017], [-0.006034, 0.000201, 0.001529], [-0.005913, -0.000206, 0.001075], [-0.007176, -0.008055, 0.0082], [0.007075, 0.008067, -0.008601], [0.007806, 0.003494, -0.007191], [-0.007617, -0.004286, 0.006974]],
 "initial_magmoms": [-3.733, -3.733, -3.743, 3.743, 3.733, 3.733, 3.743, -3.743, -0.046, -0.046, -0.042, -0.054, -0.043, 0.043, 0.054, 0.042, 0.046, 0.046, 0.042, 0.054, 0.043, -0.043, -0.054, -0.042, -0.003, 0.003, -0.003, 0.003, -0.003, -0.003, 0.003, 0.003],
 "magmom": -1e-07,
 "magmoms": [-3.733, -3.733, -3.741, 3.741, 3.733, 3.733, 3.741, -3.741, -0.047, -0.047, -0.043, -0.053, -0.043, 0.043, 0.053, 0.043, 0.047, 0.047, 0.043, 0.053, 0.043, -0.043, -0.053, -0.043, -0.003, 0.003, -0.003, 0.003, -0.003, -0.003, 0.003, 0.003],
 "mtime": 21.642943893158503,
 "numbers": [25, 25, 25, 25, 25, 25, 25, 25, 8, 8, 8, 8, 8, 8, 8, 8, 8, 8, 8, 8, 8, 8, 8, 8, 1, 1, 1, 1, 1, 1, 1, 1],
 "pbc": [true, true, true],
 "positions": [[0.027020556107117732, 1.6852548597530117, 4.116609508631274], [0.031418574477509544, 9.487942285594768, 7.402942076523718], [0.017456107100499395, 7.192242187532748, 1.7126169770250588], [1.482750040079714, 9.450944737286576, 4.110800429563574], [1.4631712348125725, 3.865513930976499, 1.6202245625447835], [1.5019717993646169, 7.30083896018542, 9.889338319939645], [1.4826297400575164, 1.7147821803989112, 7.398822926440711], [0.040942162335451955, 3.981430790462509, 9.806792213276855], [0.044960428665207976, 6.111824193332164, 9.664577156346953], [0.013318685787043196, 5.061764689725289, 1.8555504312786222], [0.033180739850074026, 1.6869224460677075, 8.804556450033619], [0.026732553304313577, 2.0522551035291867, 6.229408556151369], [0.007285584299943798, 2.4700251879269657, 1.7130968373719053], [1.4828279672146578, 3.0806849128640503, 4.022085896149495], [1.4968769482477309, 3.6429803400034912, 10.975887151522112], [1.4903248927137414, 4.0109124073063525, 8.40123376247332], [1.4768981029044859, 0.4887861401474989, 3.882462278433227], [1.488354714897662, 10.677095652540865, 7.627699883375752], [1.4746944805403501, 7.155716554973239, 3.1084764862911016], [1.4684162905529596, 7.5233425200038395, 0.5334221585672124], [1.482334735157561, 8.084988059945749, 7.486201963410728], [0.05106070114609739, 8.703821876713482, 9.805446374730991], [0.03180043652726016, 9.120809537532491, 5.290127012278858], [0.025365265103636618, 9.487007515541093, 2.715248428755374], [1.4736342071366333, 7.631751418614912, 6.622172244754668], [2.9056414726292332, 2.0095912748445945, 0.8388944112783552], [1.4911239424685896, 3.534971415459718, 4.885707659441431], [0.05905746501108132, 9.157813041341111, 10.669228680575769], [1.4960059009213824, 4.897493674169426, 7.994658088734796], [1.4687335638337353, 6.269207733453505, 3.5152158876649096], [2.933359275581742, 0.7936968042601926, 9.20260907894312], [0.031440738510495975, 10.373119046544822, 2.3078412066421126]],
 "stress": [0.0005076593862628407, 0.0005081337409564078, 0.0003921415353609933, 0.00012334470334570495, -0.00013147738973673083, -9.824135364140249e-06],
 "unique_id": "af1a1ab3ad003b48e665bb9619b4aa8f",
 "user": "ezc"},
"ids": [1],
"nextid": 2}
