{"1": {
 "calculator": "vasp",
 "calculator_parameters": {"amix": 0.1, "amix_mag": 0.1, "bmix": 1e-05, "bmix_mag": 1e-05, "encut": 600, "sigma": 0.05, "ediff": 1e-05, "ediffg": -0.02, "algo": "normal", "gga": "PE", "prec": "Normal", "ibrion": 2, "isif": 3, "ismear": 0, "ispin": 2, "istart": 1, "kpar": 10, "ldauprint": 2, "ldautype": 2, "lmaxmix": 6, "lorbit": 11, "nelm": 250, "npar": 6, "nsw": 99, "nupdown": 0, "inimix": 0, "laechg": true, "lasph": true, "ldau": true, "lvtot": false, "lreal": false, "ldau_luj": {"Ti": {"L": 2, "U": 3.0, "J": 0.0}, "V": {"L": 2, "U": 3.25, "J": 0.0}, "Cr": {"L": 2, "U": 3.5, "J": 0.0}, "Mn": {"L": 2, "U": 2.75, "J": 0.0}, "Fe": {"L": 2, "U": 4.3, "J": 0.0}, "Co": {"L": 2, "U": 3.32, "J": 0.0}, "Ni": {"L": 2, "U": 6.45, "J": 0.0}, "Cu": {"L": 2, "U": 3.0, "J": 0.0}, "Mo": {"L": 2, "U": 4.38, "J": 0.0}, "W": {"L": -1, "U": 0.0, "J": 0.0}, "Ce": {"L": 3, "U": 4.5, "J": 0.0}, "O": {"L": -1, "U": 0.0, "J": 0.0}, "C": {"L": -1, "U": 0.0, "J": 0.0}, "Au": {"L": -1, "U": 0.0, "J": 0.0}, "Ir": {"L": -1, "U": 0.0, "J": 0.0}, "H": {"L": -1, "U": 0.0, "J": 0.0}}, "xc": "PBE", "pp": "PBE", "setups": {"base": "minimal"}, "txt": "-", "kpts": [10, 9, 8], "gamma": true, "reciprocal": false, "ignore_constraints": false},
 "cell": [[4.9665903658931425, 0.8870696706386646, 0.0357678831899095], [0.6846954185147792, 5.805483384055795, 0.3306146343854013], [-2.043989505987266, -3.0401744692782953, 5.332897175024978]],
 "ctime": 21.054330333321005,
 "dipole": [[0.0, 0.0, 0.0]],
 "energy": -106.58165256,
 "forces": [[0.00012, -0.008212, 0.001075], [0.000888, 0.008205, 0.003772], [-0.002036, -0.007853, -0.005216], [-0.000877, 0.008433, -0.00194], [0.000733, 0.003177, -0.005375], [-0.00064, -0.002137, -0.00925], [0.002538, 0.003226, -0.002909], [0.008157, -0.003105, -0.005493], [-0.005538, 0.002832, 0.006937], [-0.002332, -0.003344, 0.003088], [0.002876, 0.001798, 0.010301], [-0.000465, -0.003398, 0.005458], [0.004463, -0.00066, -0.00205], [-0.002446, 0.000404, -0.003837], [-0.006362, 0.000875, 0.001766], [0.000921, -0.000242, 0.003672]],
 "initial_magmoms": [-3.857, 3.857, -3.857, 3.857, -0.04, -0.028, 0.04, 0.028, -0.028, -0.04, 0.028, 0.04, -0.001, 0.001, 0.001, -0.001],
 "magmom": 0.0,
 "magmoms": [-3.778, 3.778, -3.778, 3.778, -0.041, -0.029, 0.041, 0.029, -0.029, -0.041, 0.029, 0.041, -0.001, 0.001, 0.001, -0.001],
 "mtime": 21.054330333321005,
 "numbers": [25, 25, 25, 25, 8, 8, 8, 8, 8, 8, 8, 8, 1, 1, 1, 1],
 "pbc": [true, true, true],
 "positions": [[4.250045629211128, 2.222730368122916, 2.8912264511111134], [5.614383648723411, 6.645480558379757, 0.3900875644250508], [-1.6647305310753115, -0.0903584914423088, 5.474507370645499], [-0.9851024663454202, -1.4730852587931067, 2.6427398415337873], [-0.12423004856320023, -0.2272878261320234, 3.7956706540773726], [0.908152023091215, 1.3082427126862581, 1.1391511616287828], [1.2400529648037493, 4.195541681095829, 1.2944713889657236], [0.2283209995724948, 2.6909230868527545, 3.970774654433077], [3.721262025206064, 3.8642060992948544, 1.8937621523499935], [2.7095947197058856, 2.359585137532539, 4.570122584882474], [2.356747421189205, -0.5585966540067104, 4.394791021080452], [3.3891899159280228, 0.9769376157875121, 1.7382999459569601], [1.8990995908490724, 1.16879347086983, 1.3814283106795386], [1.2196091393927668, 2.551410502899145, 4.213235301493012], [1.3659174663455058, -0.41916088760775955, 4.152571386699684], [2.7300725538861945, 4.003706609838962, 1.6513562727500375]],
 "stress": [0.00010671732303435194, 0.0012209203246414018, 0.0008885100316151113, 0.0004795725951963661, 0.00025245656112372607, 0.00024055400322066663],
 "unique_id": "153a5c9c550f8e8f52c679c2766b1f54",
 "user": "ezc"},
"ids": [1],
"nextid": 2}
