{"1": {
 "calculator": "vasp",
 "calculator_parameters": {"amix": 0.1, "amix_mag": 0.1, "bmix": 1e-05, "bmix_mag": 1e-05, "encut": 600, "sigma": 0.05, "ediff": 1e-05, "ediffg": -0.02, "algo": "normal", "gga": "PE", "prec": "Normal", "ibrion": 2, "isif": 3, "ismear": 0, "ispin": 2, "istart": 1, "kpar": 10, "ldauprint": 2, "ldautype": 2, "lmaxmix": 6, "lorbit": 11, "nelm": 250, "npar": 6, "nsw": 99, "nupdown": 0, "inimix": 0, "laechg": true, "lasph": true, "ldau": true, "lvtot": false, "lreal": false, "ldau_luj": {"Ti": {"L": 2, "U": 3.0, "J": 0.0}, "V": {"L": 2, "U": 3.25, "J": 0.0}, "Cr": {"L": 2, "U": 3.5, "J": 0.0}, "Mn": {"L": 2, "U": 2.75, "J": 0.0}, "Fe": {"L": 2, "U": 4.3, "J": 0.0}, "Co": {"L": 2, "U": 3.32, "J": 0.0}, "Ni": {"L": 2, "U": 6.45, "J": 0.0}, "Cu": {"L": 2, "U": 3.0, "J": 0.0}, "Mo": {"L": 2, "U": 4.38, "J": 0.0}, "W": {"L": -1, "U": 0.0, "J": 0.0}, "Ce": {"L": 3, "U": 4.5, "J": 0.0}, "O": {"L": -1, "U": 0.0, "J": 0.0}, "C": {"L": -1, "U": 0.0, "J": 0.0}, "Au": {"L": -1, "U": 0.0, "J": 0.0}, "Ir": {"L": -1, "U": 0.0, "J": 0.0}, "H": {"L": -1, "U": 0.0, "J": 0.0}}, "xc": "PBE", "pp": "PBE", "setups": {"base": "minimal"}, "txt": "-", "kpts": [9, 11, 5], "gamma": true, "reciprocal": false, "ignore_constraints": false},
 "cell": [[5.90935085868183, -2.78769646502e-05, -0.0613323810555756], [-3.80091196526e-05, 4.630929680036986, -0.0001559113378207], [-0.099153091188428, -0.0002028722492645, 9.449385364413569]],
 "ctime": 21.631756829883674,
 "dipole": [[0.0, 0.0, 0.0]],
 "energy": -184.42213933,
 "forces": [[0.001285, -0.000174, -0.000317], [-0.000659, -0.000422, -0.000669], [-0.003789, 0.001481, 0.004647], [0.001965, -0.003726, -0.0018], [-0.003625, -0.007583, 0.001715], [0.002678, -0.002824, 0.006646], [0.001707, 0.007443, 0.005698], [0.008314, -0.002687, -0.004398], [-0.00796, 0.011299, 0.004232], [-0.00137, -0.00183, -0.000351], [-0.006513, -0.002978, -0.001037], [0.008778, 0.004376, 0.012321], [0.003921, -2.2e-05, -0.001591], [-0.001916, -0.003557, 0.000922], [-0.001784, -0.000151, 0.000821], [0.00015, 8e-06, -0.001916], [0.003292, -0.001215, 0.002954], [0.007193, 0.015631, -0.008063], [-0.00728, 0.000283, -0.006871], [0.006543, -0.00756, 8.3e-05], [-0.002611, -0.005403, -0.009705], [0.002746, -0.006927, -0.000632], [-0.007208, -1.8e-05, -4.8e-05], [-0.003771, 0.00928, -0.00497], [-0.012024, -0.001812, 0.004165], [0.011936, -0.000913, -0.001834]],
 "initial_magmoms": [-3.0, -3.0, 4.0, 3.0, 0.0, 0.0, 0.0, 0.0, 0.0, 0.0, 0.0, 0.0, -4.0, -3.0, 3.0, 3.0, 0.0, 0.0, 0.0, 0.0, 0.0, 0.0, 0.0, 0.0, 0.0, 0.0],
 "magmom": 0.0,
 "magmoms": [-3.719, -2.944, 2.819, 2.972, -0.001, 0.015, -0.01, 0.037, -0.031, -0.012, 0.018, 0.041, -2.818, -2.972, 3.719, 2.944, 0.012, 0.031, -0.041, -0.018, -0.015, 0.001, -0.037, 0.01, 0.004, -0.004],
 "mtime": 21.631756829883674,
 "numbers": [25, 25, 25, 25, 8, 8, 8, 8, 8, 8, 8, 8, 25, 25, 25, 25, 8, 8, 8, 8, 8, 8, 8, 8, 1, 1],
 "pbc": [true, true, true],
 "positions": [[0.6525705072999729, 0.16293987762942339, 8.127338686316577], [0.7448686706834249, 2.1975589446883776, 3.3726258140962275], [2.2164715939486337, 2.400787136243139, 6.00132970542567], [2.176681561065697, 4.480215264556853, 1.2370449111150235], [0.7162219259015217, 0.8145732962154125, 2.090845151341872], [0.713812450221702, 1.542191224542625, 6.744447511339341], [0.6531034672619259, 3.7209848362127103, 0.35860873788616154], [0.901228924411713, 3.4403562241642223, 4.914169620423357], [2.232801059420498, 3.6828838544910907, 7.331163512486785], [2.2074459510441975, 3.0922228332470447, 2.57321702741659], [2.1245467417698545, 0.9311138274579849, 9.108042999653334], [2.163055357223423, 1.310656669121282, 4.3383820828379545], [3.544058777075763, 0.085414563166279, 8.110986965657384], [3.6829932555987943, 2.1647034785201553, 3.426243180083326], [5.107994789221723, 2.478453299241586, 5.985070457919703], [5.114874246303609, 4.512991694729703, 1.2909384090047196], [3.6521589813747406, 0.7767787726915275, 2.0900948013344083], [3.527689342171116, 1.3673199396882694, 6.781307292673033], [3.6965586278927045, 3.6265831034888425, 0.32441951152981396], [3.635956991054436, 3.2470069856905615, 5.0046198837542235], [5.046719824398882, 3.857656009095812, 7.368076647092702], [5.14355843996033, 3.1298903302714396, 2.5726017510868533], [4.85942256999398, 1.1243769491788005, 9.198818415657108], [5.2066696901673, 1.4052465478623677, 4.3046563528508965], [1.2849109274885648, 4.3297661362177795, 4.681433633165427], [4.575204643786368, 2.0142651422706868, -0.01865896815240565]],
 "stress": [-0.0010847555615511326, -0.0012456866328529066, -0.0013401456319640237, -1.3381795565893706e-05, -4.6287031677550244e-05, -2.440430068220354e-05],
 "tags": [0, 1, 2, 3, 4, 5, 6, 7, 8, 9, 10, 11, 0, 1, 2, 3, 4, 5, 6, 7, 8, 9, 10, 11, 0, 0],
 "unique_id": "1da351048efd8899f5a3369cebf8a4c5",
 "user": "ezc"},
"ids": [1],
"nextid": 2}
