{"1": {
 "calculator": "vasp",
 "calculator_parameters": {"amix": 0.1, "amix_mag": 0.1, "bmix": 1e-05, "bmix_mag": 1e-05, "encut": 600, "sigma": 0.05, "ediff": 1e-05, "ediffg": -0.02, "algo": "normal", "gga": "PE", "prec": "Normal", "ibrion": 2, "isif": 3, "ismear": 0, "ispin": 2, "istart": 1, "kpar": 10, "ldauprint": 2, "ldautype": 2, "lmaxmix": 6, "lorbit": 11, "nelm": 250, "npar": 6, "nsw": 99, "nupdown": 0, "inimix": 0, "laechg": true, "lasph": true, "ldau": true, "lvtot": false, "lreal": false, "ldau_luj": {"Ti": {"L": 2, "U": 3.0, "J": 0.0}, "V": {"L": 2, "U": 3.25, "J": 0.0}, "Cr": {"L": 2, "U": 3.5, "J": 0.0}, "Mn": {"L": 2, "U": 2.75, "J": 0.0}, "Fe": {"L": 2, "U": 4.3, "J": 0.0}, "Co": {"L": 2, "U": 3.32, "J": 0.0}, "Ni": {"L": 2, "U": 6.45, "J": 0.0}, "Cu": {"L": 2, "U": 3.0, "J": 0.0}, "Mo": {"L": 2, "U": 4.38, "J": 0.0}, "W": {"L": -1, "U": 0.0, "J": 0.0}, "Ce": {"L": 3, "U": 4.5, "J": 0.0}, "O": {"L": -1, "U": 0.0, "J": 0.0}, "C": {"L": -1, "U": 0.0, "J": 0.0}, "Au": {"L": -1, "U": 0.0, "J": 0.0}, "Ir": {"L": -1, "U": 0.0, "J": 0.0}, "H": {"L": -1, "U": 0.0, "J": 0.0}}, "xc": "PBE", "pp": "PBE", "setups": {"base": "minimal"}, "txt": "-", "kpts": [8, 8, 8], "gamma": true, "reciprocal": false, "ignore_constraints": false},
 "cell": [[6.435458848572689, -0.0761081241391736, -0.1078321717537672], [-0.0854954215335097, 6.040809282630761, 0.1237088723913564], [-3.2639519275957483, -2.902962187786805, 4.354136351428474]],
 "ctime": 21.62406489441787,
 "dipole": [[0.0, 0.0, 0.0]],
 "energy": -105.42780327,
 "forces": [[-0.000907, 0.000704, 0.00067], [-0.001433, -0.001221, -0.008068], [0.000583, -0.006118, 0.0082], [-0.006961, 0.00121, -0.001843], [0.000832, 0.012307, 0.000477], [0.000903, 0.001062, 0.001458], [-0.002557, -0.008161, 0.010505], [0.002238, 0.00311, -0.006199], [-0.002428, -0.0083, -0.001721], [0.002774, 0.005748, -0.007377], [-0.000789, -0.001629, -0.004507], [-0.001887, -0.002693, -0.003357], [-0.011984, 0.0099, 0.004259], [0.008081, -0.004887, 0.009766], [0.009975, -0.008498, -0.002661], [0.003561, 0.007465, 0.000399]],
 "initial_magmoms": [3.789, -3.808, 3.733, -3.8, 0.015, -0.019, -0.073, 0.13, 0.039, -0.085, 0.072, -0.006, -0.001, -0.002, 0.001, -0.001],
 "magmom": -7e-07,
 "magmoms": [3.789, -3.808, 3.733, -3.8, 0.015, -0.019, -0.072, 0.131, 0.039, -0.085, 0.071, -0.006, -0.001, -0.002, 0.001, -0.001],
 "mtime": 21.62406489441787,
 "numbers": [25, 25, 25, 25, 8, 8, 8, 8, 8, 8, 8, 8, 1, 1, 1, 1],
 "pbc": [true, true, true],
 "positions": [[4.53213232164901, 4.434301973392632, 2.168273404926994], [1.4004745290600484, 4.50885903763022, 2.106243405802752], [2.939451283544221, 5.820351528376894, 0.07312548086069895], [3.0067909826644574, 2.9026236739911333, 0.012876997901291069], [0.03626475969521536, 3.0439668876536756, 2.458625067983273], [-1.3633202611499928, -1.5643038581155384, 4.030138559209825], [-0.3664897076757306, -0.229074708766207, 1.9422606824339401], [1.5713881432222816, 4.1317139966328655, 0.24873137351346114], [1.3646211006658233, -1.1440310825296023, 3.9647233750476722], [3.201624704087501, 2.9947814795848227, 2.24310198676397], [2.868975181461465, -0.25612425680097467, 1.8391282928016712], [4.239936299604882, 4.3960745336796485, 0.24508159660182263], [-0.4826999121534773, 0.24899365331337034, 1.0975129361330005], [3.3392083691813133, 2.2188472349335475, 2.8251498300211324], [0.31501793000320544, 2.1871409299699356, 2.0812378837383556], [2.121809820043021, -0.5446630958231133, 4.136271465409171]],
 "stress": [-3.946506220295984e-05, -4.1668314924396634e-05, 0.00011360170760020118, 1.1153576807953384e-05, -2.0796708407443016e-05, -0.00017910010436722007],
 "unique_id": "c3f135196fd203fb58f0caffe6e0fc1f",
 "user": "ezc"},
"ids": [1],
"nextid": 2}
