{"1": {
 "calculator": "vasp",
 "calculator_parameters": {"amix": 0.1, "amix_mag": 0.1, "bmix": 1e-05, "bmix_mag": 1e-05, "encut": 600, "sigma": 0.05, "ediff": 1e-05, "ediffg": -0.02, "algo": "normal", "gga": "PE", "prec": "Normal", "ibrion": 2, "isif": 3, "ismear": 0, "ispin": 2, "istart": 1, "kpar": 10, "ldauprint": 2, "ldautype": 2, "lmaxmix": 6, "lorbit": 11, "nelm": 250, "npar": 6, "nsw": 99, "nupdown": 0, "inimix": 0, "laechg": true, "lasph": true, "ldau": true, "lvtot": false, "lreal": false, "ldau_luj": {"Ti": {"L": 2, "U": 3.0, "J": 0.0}, "V": {"L": 2, "U": 3.25, "J": 0.0}, "Cr": {"L": 2, "U": 3.5, "J": 0.0}, "Mn": {"L": 2, "U": 2.75, "J": 0.0}, "Fe": {"L": 2, "U": 4.3, "J": 0.0}, "Co": {"L": 2, "U": 3.32, "J": 0.0}, "Ni": {"L": 2, "U": 6.45, "J": 0.0}, "Cu": {"L": 2, "U": 3.0, "J": 0.0}, "Mo": {"L": 2, "U": 4.38, "J": 0.0}, "W": {"L": -1, "U": 0.0, "J": 0.0}, "Ce": {"L": 3, "U": 4.5, "J": 0.0}, "O": {"L": -1, "U": 0.0, "J": 0.0}, "C": {"L": -1, "U": 0.0, "J": 0.0}, "Au": {"L": -1, "U": 0.0, "J": 0.0}, "Ir": {"L": -1, "U": 0.0, "J": 0.0}, "H": {"L": -1, "U": 0.0, "J": 0.0}}, "xc": "PBE", "pp": "PBE", "setups": {"base": "minimal"}, "txt": "-", "kpts": [8, 9, 4], "gamma": true, "reciprocal": false, "ignore_constraints": false},
 "cell": [[5.936450566052648, 0.0419727994313815, 0.0556494446854572], [0.0119256305126094, 5.761534723886787, 0.1856644820667391], [-5.865013299658642, -5.534645093299392, 8.127248582840455]],
 "ctime": 21.624115773558174,
 "dipole": [[0.0, 0.0, 0.0]],
 "energy": -183.6075749,
 "forces": [[0.000348, -0.000105, 0.009722], [-0.008111, 0.002422, 0.002172], [-0.001104, -0.001257, -0.000908], [0.002438, -0.001242, -0.003442], [0.004394, 0.000516, -0.000967], [0.003441, -0.000678, 0.001492], [0.001364, 0.003274, -0.001204], [-0.003805, -0.005977, 0.0018], [-0.00427, 0.004068, 0.001742], [-0.002223, -0.001965, 0.0001], [0.001475, -0.002059, -0.009852], [0.000163, -0.003368, 0.007082], [-0.001162, -0.000592, 0.006118], [0.002408, 0.000528, -0.008251], [0.001043, -0.003844, -0.001749], [0.001341, 0.002798, -0.000319], [-0.002984, -0.0022, -0.001618], [-0.001335, 0.001568, -0.00313], [-0.00616, 0.000236, -0.002413], [0.003446, 0.002277, 0.001447], [0.005599, -0.00277, 0.001614], [0.003838, 0.004111, 0.00255], [-0.001114, -0.003219, -0.002046], [-0.002573, -0.004164, 0.002169], [0.011475, 0.012283, -0.004585], [-0.007932, -0.000642, 0.002477]],
 "initial_magmoms": [3.771, -2.973, 2.953, -3.007, 3.007, -2.972, 2.981, -3.798, -0.029, -0.004, 0.009, 0.024, 0.024, 0.103, -0.018, -0.002, -0.021, -0.025, 0.011, 0.033, 0.014, -0.036, -0.027, -0.012, -0.001, -0.001],
 "magmom": 1.1e-06,
 "magmoms": [3.773, -2.973, 2.953, -3.008, 3.008, -2.973, 2.981, -3.798, -0.029, -0.004, 0.009, 0.025, 0.024, 0.103, -0.018, -0.002, -0.021, -0.024, 0.011, 0.033, 0.014, -0.036, -0.027, -0.013, -0.001, -0.001],
 "mtime": 21.624115773558174,
 "numbers": [25, 25, 25, 25, 25, 25, 25, 25, 8, 8, 8, 8, 8, 8, 8, 8, 8, 8, 8, 8, 8, 8, 8, 8, 1, 1],
 "pbc": [true, true, true],
 "positions": [[4.42481820757939, 4.306248885752166, 2.2457166314254216], [1.4914729216251439, 4.2746176631102655, 2.1642026028409744], [0.03702809031944875, 2.9587418236808514, 4.244626103337151], [2.892278813875104, 2.845324884316706, 0.15345057740424062], [1.4615255184653535, 1.5829801632562142, 6.335624429885926], [-1.390384942511342, 1.5741397649088753, 6.31818372066686], [-2.920619574293246, 0.1780185395353449, 8.309966587071084], [0.045060004777788175, 0.07368484806362192, 4.167788368686365], [-0.0011681887512810865, 3.0484735251707082, 2.3335998004586123], [-1.247992112995458, -1.3696711456914021, 3.96010627899113], [0.1562801350365435, -0.05618139765329213, 1.974870965912694], [1.6373329634949283, 4.281187508229823, 0.2364418277306742], [1.3322992281856296, -1.4139161662641229, 3.9039826560104585], [2.7569548456108577, 2.8811387855432473, 1.9926932375134383], [2.9211238774079344, -0.22546461636312742, 1.9053041093311707], [4.1817910694348805, 4.24968584890825, 0.2580872607874132], [-2.921733680175226, 0.3489168915725893, 6.393227292016165], [-4.244523200620966, -4.147404819993712, 8.022293294936146], [-2.9431059421597805, -2.8389896531751218, 6.193812699398369], [-1.2564893510055768, 1.5396313163150956, 4.425402933496838], [-1.6802651031043276, -4.1252279553216065, 8.058450415219996], [0.042567598810071, 0.37959120626652515, 6.4005668321150635], [0.02334528927805039, -2.9028402535484066, 6.016193039888299], [1.3255121127078684, 1.5355760910545002, 4.431918662607838], [0.3309987166444479, 0.673938750859997, 1.336378368920334], [-2.9071594666663563, -2.0547338040556777, 5.595414517216457]],
 "stress": [-0.00037787968700835013, -0.0010044710296648965, -0.0006814292418365564, 0.00021259204233670966, 0.00029730804570232314, 6.06924347400888e-05],
 "unique_id": "b113fbbfaec58e71759b25b25581145c",
 "user": "ezc"},
"ids": [1],
"nextid": 2}
