{"1": {
 "calculator": "vasp",
 "calculator_parameters": {"amix": 0.1, "amix_mag": 0.1, "bmix": 1e-05, "bmix_mag": 1e-05, "encut": 600, "sigma": 0.05, "ediff": 1e-05, "ediffg": -0.02, "algo": "Normal", "gga": "PE", "prec": "Normal", "ibrion": 2, "isif": 3, "ismear": 0, "ispin": 2, "kpar": 20, "ldautype": 2, "lmaxmix": 4, "lorbit": 11, "nelm": 250, "nsw": 199, "inimix": 0, "laechg": true, "lasph": true, "ldau": true, "lvtot": false, "lreal": "Auto", "ldau_luj": {"Mn": {"L": 2, "U": 2.75, "J": 0.0}, "O": {"L": -1, "U": 0.0, "J": 0.0}, "H": {"L": -1, "U": 0.0, "J": 0.0}}, "pp": "pbe", "txt": "-", "kpts": [9, 3, 2], "gamma": true, "reciprocal": false, "ignore_constraints": false, "custom": {}},
 "cell": {"array": {"__ndarray__": [[3, 3], "float64", [2.902970009470576, 0.0527501830972028, -0.003392158202095, 0.1804710110223713, 9.876043954891411, -0.0902297211433196, -0.0136510477067367, -0.0852792155204822, 10.032315670870046]]}, "__ase_objtype__": "cell"},
 "ctime": 26.348410627605713,
 "dipole": {"__ndarray__": [[1, 3], "float64", [0.0, 0.0, 0.0]]},
 "energy": -182.32742311,
 "forces": {"__ndarray__": [[27, 3], "float64", [-0.00458361, -0.00711046, -0.000801, 0.00715074, -0.00435501, 0.00132055, -0.00789644, 0.00041522, 0.00138589, -0.00526034, -0.00526773, -0.00444252, 0.00456123, 0.00571793, 0.00284921, 0.00626546, -0.00099308, 0.0072201, -0.00250488, 0.00441789, -0.00437837, 0.00373882, -0.008651, -0.00330335, 0.00276803, 0.00522018, -0.00453211, -0.00447448, -0.00228312, 0.01144453, 0.0053576, -0.00716736, -0.00432701, -0.00053759, 0.01066337, 1.706e-05, 0.00836502, 0.00504625, 0.00303985, -0.00521425, -0.00657108, -0.00065005, -0.00825977, -0.00083452, -0.0025847, -0.00550516, 0.00637885, 0.00250541, -0.00274344, -0.00711682, -0.01479395, 0.00483151, 0.00462299, 0.00135782, 0.00015659, 0.00203294, -0.00801267, 0.00287883, -0.01526788, -0.00497418, -0.00146763, 0.0052191, -0.00317746, -0.00071006, -0.00187853, -0.00685091, -2.475e-05, 0.00885721, 0.00049389, -0.00181455, 0.00923501, 0.01508784, -0.00396271, -0.00708998, 0.01125977, 0.01087932, 0.00408944, 0.00622358, -0.0019935, 0.00267019, -0.0013772]]},
 "free_energy": -182.32742311,
 "initial_magmoms": {"__ndarray__": [[27], "float64", [-2.946, -2.925, 2.978, 2.92, 2.939, 2.989, -2.923, 0.017, -0.012, -0.02, -0.018, -0.049, -0.007, -0.027, 0.011, -0.014, -0.008, 0.028, -0.015, 0.019, -0.014, 0.008, -0.021, 0.006, 0.006, 0.004, 0.006]]},
 "magmom": 2.9999946,
 "magmoms": {"__ndarray__": [[27], "float64", [-2.947, -2.924, 2.985, 2.922, 2.939, 2.988, -2.922, 0.018, -0.014, -0.02, -0.018, -0.049, -0.008, -0.027, 0.012, -0.016, -0.008, 0.026, -0.015, 0.018, -0.013, 0.008, -0.023, 0.006, 0.006, 0.004, 0.006]]},
 "mtime": 26.348410627605713,
 "numbers": {"__ndarray__": [[27], "int64", [25, 25, 25, 25, 25, 25, 25, 8, 8, 8, 8, 8, 8, 8, 8, 8, 8, 8, 8, 8, 8, 8, 8, 1, 1, 1, 1]]},
 "pbc": {"__ndarray__": [[3], "bool", [true, true, true]]},
 "positions": {"__ndarray__": [[27, 3], "float64", [3.0017466005563143, 8.202006044119821, 6.483782864952193, 2.9700591006612096, 6.488104441944967, 1.5824786855730644, 1.4420134595407983, 8.337545163458637, 3.3145164418673203, 1.612857297931606, 3.3355055674954985, 1.4493577300185572, 1.5476066362046252, 6.575429368639579, 8.4631573384629, 1.535485178125217, 1.4474122924289945, 6.793839332591183, 0.10690998486038943, 3.416612564584315, 8.33464535382284, 0.1108872282874987, 5.326454150365617, 8.340369587289032, 0.14640944031605363, 4.532067049935909, 1.4935418661468591, 0.10780741739798955, 1.4979227810854518, 8.045628916321892, 0.10165137830024158, 1.56042394791603, 5.539339117250058, 0.1967193938934422, 2.0230337360140975, 1.2720817365257235, 1.6886340108258968, 3.089458584723725, 3.2710070119676695, 1.571292003492557, 3.376279651697938, 9.53498351035742, 1.553120511882746, 3.3483878861565413, 7.05523447571774, 0.9770873543938472, 0.36384775407759584, 3.444721132790767, 1.5697210015637604, 9.41844051252668, 6.5949178575633445, 1.5143908341478511, 6.4507211485195945, 2.851886533750809, 1.5251302733352794, 6.624851941139375, 0.34725957690249104, 1.575453261266796, 6.917570848461737, 6.5495453333361215, 2.9862063074621927, 7.870460950684032, 8.391342375252938, 2.9139993418373553, 8.230941868252824, 4.556928870576649, 2.9013667947109885, 8.359941525233726, 2.039272902150501, 0.33934846701541166, 0.9639425579304466, 4.732933943329153, 0.3108041614149219, 1.3603738561324876, 2.0073973233096303, 1.7950610939013767, 0.9016634145628026, 3.398743256301182, 0.8187520849696207, 3.327149630423156, 3.6691133363162614]]},
 "stress": {"__ndarray__": [[6], "float64", [-0.0003962153371599117, -0.00011342407425047856, -0.0005660065427413332, -3.759398259720256e-06, -3.0325320797490946e-05, -8.927533840094343e-05]]},
 "unique_id": "1241f247328097386f0a1deedc3250a6",
 "user": "jiuy97"},
"ids": [1],
"nextid": 2}
