{"1": {
 "calculator": "vasp",
 "calculator_parameters": {"amix": 0.1, "amix_mag": 0.1, "bmix": 1e-05, "bmix_mag": 1e-05, "encut": 600, "sigma": 0.05, "ediff": 1e-05, "ediffg": -0.02, "algo": "normal", "gga": "PE", "prec": "Normal", "ibrion": 2, "isif": 3, "ismear": 0, "ispin": 2, "istart": 1, "kpar": 10, "ldauprint": 2, "ldautype": 2, "lmaxmix": 6, "lorbit": 11, "nelm": 250, "npar": 6, "nsw": 99, "nupdown": 0, "inimix": 0, "laechg": true, "lasph": true, "ldau": true, "lvtot": false, "lreal": false, "ldau_luj": {"Ti": {"L": 2, "U": 3.0, "J": 0.0}, "V": {"L": 2, "U": 3.25, "J": 0.0}, "Cr": {"L": 2, "U": 3.5, "J": 0.0}, "Mn": {"L": 2, "U": 2.75, "J": 0.0}, "Fe": {"L": 2, "U": 4.3, "J": 0.0}, "Co": {"L": 2, "U": 3.32, "J": 0.0}, "Ni": {"L": 2, "U": 6.45, "J": 0.0}, "Cu": {"L": 2, "U": 3.0, "J": 0.0}, "Mo": {"L": 2, "U": 4.38, "J": 0.0}, "W": {"L": -1, "U": 0.0, "J": 0.0}, "Ce": {"L": 3, "U": 4.5, "J": 0.0}, "O": {"L": -1, "U": 0.0, "J": 0.0}, "C": {"L": -1, "U": 0.0, "J": 0.0}, "Au": {"L": -1, "U": 0.0, "J": 0.0}, "Ir": {"L": -1, "U": 0.0, "J": 0.0}, "H": {"L": -1, "U": 0.0, "J": 0.0}}, "xc": "PBE", "pp": "PBE", "setups": {"base": "minimal"}, "txt": "-", "kpts": [15, 4, 4], "gamma": true, "reciprocal": false, "ignore_constraints": false},
 "cell": [[3.3358129840311044, 0.0600343670836272, 0.0034024877610502], [0.2262369231217271, 11.867645250370261, -0.0566698185967835], [0.010706766846459, -0.045065567563933, 11.171062446828419]],
 "ctime": 22.015893417018713,
 "dipole": [[0.0, 0.0, 0.0]],
 "energy": -243.54628403,
 "forces": [[0.001477, -0.006003, 0.000113], [-0.003158, -0.001216, -0.001988], [-0.001167, 0.005948, -0.001463], [0.00013, 0.004706, -0.003229], [-0.001787, 0.000647, 0.004614], [-0.00153, -0.003962, -0.004099], [0.00086, 0.000322, -0.000226], [0.002373, -0.007298, 0.002219], [0.00277, -0.002837, -0.000177], [-0.001107, 0.002856, 0.012311], [0.000996, -6.8e-05, 0.002188], [-0.000182, 0.000332, -0.00354], [-0.00279, 0.013306, 0.001974], [-0.00244, -0.004163, 0.000977], [-0.000838, 0.001156, 0.006181], [-0.001744, -0.000693, -0.002696], [-0.000648, 0.001321, -0.003665], [0.006411, 0.002758, -0.000636], [-0.00213, 0.002338, 0.001135], [0.000184, -0.017538, 0.000645], [0.004142, 0.004396, -0.003085], [-0.003349, -0.014674, -0.007726], [-0.000116, 0.000757, 0.000585], [0.001253, -0.006026, -0.002772], [-0.003237, 0.005789, -0.001655], [0.007998, -0.002247, -0.006012], [0.00579, -0.007124, 0.013629], [-0.001005, 0.00374, -0.010011], [-0.006042, 0.007619, -0.001199], [0.000948, 0.004618, 0.010188], [0.003659, -0.000437, -0.012567], [0.001201, 0.002857, 0.012204], [0.002673, 0.005804, 0.009427], [0.001631, 0.004279, -0.000931], [0.000369, -0.008071, 0.004349], [-0.001671, 0.003812, 0.011493], [-0.00313, 0.003077, -0.013793], [-0.002886, -0.000645, 0.001983], [3.2e-05, 0.003533, -0.001166], [-0.003937, -0.002969, -0.013578]],
 "initial_magmoms": [4.601, 4.604, 4.599, -4.604, -4.576, -4.605, -4.606, 4.609, -0.019, -0.002, -0.018, -0.012, -0.034, 0.019, 0.015, 0.015, 0.019, 0.021, 0.016, 0.02, 0.018, -0.019, -0.018, -0.02, 0.002, 0.001, 0.001, 0.001, -0.001, -0.001, -0.001, -0.002, -0.001, 0.001, 0.0, 0.002, -0.002, 0.001, -0.0, 0.002],
 "magmom": -3.4e-06,
 "magmoms": [4.601, 4.604, 4.599, -4.604, -4.576, -4.605, -4.606, 4.609, -0.019, -0.002, -0.018, -0.012, -0.034, 0.019, 0.014, 0.015, 0.019, 0.021, 0.016, 0.02, 0.018, -0.019, -0.018, -0.02, 0.002, 0.001, 0.001, 0.001, -0.001, -0.001, -0.001, -0.002, -0.001, 0.001, 0.0, 0.002, -0.002, 0.001, -0.0, 0.002],
 "mtime": 22.015893417018713,
 "numbers": [25, 25, 25, 25, 25, 25, 25, 25, 8, 8, 8, 8, 8, 8, 8, 8, 8, 8, 8, 8, 8, 8, 8, 8, 1, 1, 1, 1, 1, 1, 1, 1, 1, 1, 1, 1, 1, 1, 1, 1],
 "pbc": [true, true, true],
 "positions": [[0.04113637181649077, 1.7901983660265819, 3.9603645874781552], [3.4759696738723163, 9.862828586777496, 7.059248632853363], [0.207535593413671, 7.607519781348078, 1.8021116240752646], [1.798898795096002, 10.081412861677801, 3.4979971187516945], [1.4998871742799098, 3.643508118532371, 1.5875015287906094], [1.8465811373957348, 7.848506613552887, 9.263356008978253], [1.863561655561068, 1.768474265971082, 7.5125007631289185], [0.16117616045911784, 4.128194532439443, 9.233466503425237], [0.1869968259508494, 6.357504523055607, 9.43840128802786], [0.6688021675241891, 5.530585428157974, 2.049491107944669], [0.18425527640153283, 1.9066187734224667, 8.95990329256534], [0.14861401993177908, 1.448463535431301, 6.064296072091406], [3.214711451669695, 2.2995254107621843, 1.5346877371019298], [1.7021216520740539, 3.220142702511275, 3.75381405874168], [1.8334308971881494, 4.1959699541842745, 10.721495121893815], [1.8322885565599967, 3.9479748349430746, 7.786315373347068], [1.689140439485888, 0.4338350027839774, 3.441636473598051], [1.851246617933422, 11.329616674214854, 7.470901256367448], [1.9129631547634067, 7.911939316265775, 3.271701465849472], [1.8833256370456521, 7.927935634269569, 0.35770877669836587], [1.8287644887263568, 8.361704580316609, 7.133932379097023], [3.515861834674244, 9.381396354211208, 9.24360184292484], [3.4704652434091123, 10.294612484732404, 4.955171495208108], [3.494510617474506, 9.949955697914099, 2.0079952235645346], [2.0005094964654617, 7.459237315094103, 4.125362453910614], [1.8076871028063586, 4.542205749729436, 7.020631941630844], [1.723191469885022, 11.182842159998788, 8.426720827932403], [1.7868610289310736, 0.6297530510072422, 2.4897624374097664], [0.17458838155017808, 6.426298163913484, 10.414506956849669], [1.3884747090752518, 5.784963850573568, 2.6627592084339655], [3.5260487879262024, 10.686973049636247, 1.37668630216274], [0.21345802394322985, 1.2739514131982181, 9.693954727331388], [3.4657768507968565, 9.976680674196162, 10.008370804511847], [1.7915235579951536, 5.15336456800058, 10.91074611920797], [0.3790911249379282, 0.5153410346783476, 6.265243924457563], [1.6385731754282529, 4.027624626641503, 4.28711055421725], [3.236989046962912, 1.8600470424881088, 0.6679217328881822], [1.8923664142035, 8.89799283296944, 0.4816241615382707], [3.319229523514014, 11.259815592492172, 4.929759923297611], [1.8366123330258537, 7.6316556114754395, 6.496121197985744]],
 "stress": [-1.3943531387223197e-05, -0.00017953701000603193, -9.333552746845825e-05, -3.951499427596691e-05, -3.296140969378949e-05, 8.02658073588587e-06],
 "unique_id": "27bc5cae46918f1d38c54c4c26aec204",
 "user": "ezc"},
"ids": [1],
"nextid": 2}
