{"1": {
 "calculator": "vasp",
 "calculator_parameters": {"amix": 0.1, "amix_mag": 0.1, "bmix": 1e-05, "bmix_mag": 1e-05, "encut": 600, "sigma": 0.05, "ediff": 1e-05, "ediffg": -0.02, "algo": "Normal", "gga": "PE", "prec": "Normal", "ibrion": 2, "isif": 3, "ismear": 0, "ispin": 2, "kpar": 38, "ldautype": 2, "lmaxmix": 4, "lorbit": 11, "nelm": 250, "nsw": 199, "inimix": 0, "laechg": true, "lasph": true, "ldau": true, "lvtot": false, "lreal": "Auto", "ldau_luj": {"Mn": {"L": 2, "U": 2.75, "J": 0.0}, "O": {"L": -1, "U": 0.0, "J": 0.0}, "H": {"L": -1, "U": 0.0, "J": 0.0}}, "pp": "pbe", "txt": "-", "kpts": [4, 6, 3], "gamma": true, "reciprocal": false, "ignore_constraints": false, "custom": {}},
 "cell": {"array": {"__ndarray__": [[3, 3], "float64", [5.833691085023062, 0.0061234856947522, 0.0675841037963786, 0.0050230257602038, 4.4376497570314495, 0.0104053682569462, 0.1031368161790083, 0.0211215193260416, 9.082168197036621]]}, "__ase_objtype__": "cell"},
 "ctime": 26.34842560984895,
 "dipole": {"__ndarray__": [[1, 3], "float64", [0.0, 0.0, 0.0]]},
 "energy": -181.57817166,
 "forces": {"__ndarray__": [[27, 3], "float64", [-0.00120125, -0.00140044, -0.00111725, -0.00103687, 0.00301463, -0.00272344, 0.00013515, -0.0001507, 0.00073547, 0.00111836, -0.0024586, 0.00264892, 0.0008132, -6.546e-05, -0.00088718, 0.0014923, 0.00197391, 0.0015986, -0.00015765, 9.31e-05, 0.00053382, -0.00334615, -0.00873178, 0.01505174, 0.00360967, 0.00988758, -0.0163014, -0.00825477, 0.00826437, 0.00245646, -0.01595819, 0.00560085, 0.00712218, 0.00511723, -0.0091033, 0.00372572, -0.00558362, 0.00907976, -0.00349363, -0.00290317, 0.00715553, -0.00387751, -0.00096259, -0.006134, 0.00111586, -0.00057065, 0.00121335, 0.00295145, 0.00099183, -0.00120552, -0.00322591, 0.00473707, -0.00146014, 0.0046581, 0.00811288, -0.00844201, -0.00220116, 0.00188553, -0.00384418, 0.0046896, -0.00195917, 0.00381478, -0.00488342, 0.00100739, 0.00604067, -0.00090804, 0.0031437, -0.00725811, 0.00355657, 0.00260971, -0.010573, 0.001476, -0.00282156, 0.00939765, -0.00153121, 0.01244726, 0.00735378, -0.01069418, -0.00246564, -0.01206271, -0.00047617]]},
 "free_energy": -181.57817166,
 "initial_magmoms": {"__ndarray__": [[27], "float64", [2.851, 2.913, -2.884, 2.913, -2.807, 2.851, -2.854, -0.034, -0.034, -0.008, -0.011, 0.017, 0.017, -0.001, -0.029, 0.015, 0.015, -0.011, -0.008, 0.016, 0.016, -0.029, -0.001, 0.005, 0.005, 0.0, 0.0]]},
 "magmom": 2.999998,
 "magmoms": {"__ndarray__": [[27], "float64", [2.855, 2.923, -2.879, 2.923, -2.793, 2.855, -2.86, -0.036, -0.036, -0.016, -0.012, 0.013, 0.013, -0.001, -0.028, 0.009, 0.009, -0.012, -0.016, 0.018, 0.018, -0.028, -0.001, 0.005, 0.005, -0.0, -0.0]]},
 "mtime": 26.34842560984895,
 "numbers": {"__ndarray__": [[27], "int64", [25, 25, 25, 25, 25, 25, 25, 8, 8, 8, 8, 8, 8, 8, 8, 8, 8, 8, 8, 8, 8, 8, 8, 1, 1, 1, 1]]},
 "pbc": {"__ndarray__": [[3], "bool", [true, true, true]]},
 "positions": {"__ndarray__": [[27, 3], "float64", [5.8590940934768625, 4.39872546858669, 9.145272665965297, 0.0701481464956792, 4.434415968883234, 4.597965575754253, 1.5383129706925112, 2.2362028682324104, 6.833657857965544, 3.0064326852055143, 0.03794502661268274, 9.06948888205994, 4.403516208783092, 2.228717446490756, 2.326460724687548, 3.051192390489242, 0.07973772839696427, 4.589715405407149, 4.455154755190582, 2.2392385857469024, 6.867489197818024, 1.5831749995291473, 3.5768378285135114, 3.706013115329489, 1.3902677004222859, 0.8743875170546395, 0.8792464689126445, 5.746781840467801, 3.137090581506721, 1.3956398499361542, 0.04019336717199656, 1.289033000541288, 3.1397488424411937, 1.5452080930804113, 3.5240040512252353, 8.269781372608625, 1.5314177117944745, 0.9483665070345073, 5.397597332502248, 0.09416393072830104, 3.135058953373748, 5.981013589863517, 5.909428698423649, 1.3588943812493206, 7.727374522355264, 4.474275026281998, 3.515208015255499, 3.8053255309324765, 4.332854197882574, 0.9421746226197903, 0.8475421565327957, 2.9333302433512145, 3.1623028191704017, 1.4455354810325325, 3.060342875654393, 1.320280272575317, 3.2572083467051485, 4.4207168397990175, 3.571953483814209, 8.248818926440624, 4.489569063417797, 0.9065197694063434, 5.486189929334752, 3.0008770721810305, 3.1196234496411983, 6.007573864327457, 2.982424359092185, 1.3373735495228034, 7.686431703968824, 1.3295324610535346, 1.8553772692461956, 0.7186337605113108, 1.6439072677903528, 2.595883894716973, 3.8666562378241007, 0.6741047096697641, 0.9869177679278268, 2.429717454367545, 2.299082022126677, 3.464476183266776, 2.1558884699598377]]},
 "stress": {"__ndarray__": [[6], "float64", [0.0005470781427095957, 0.00046737140604766967, 0.0010437066976829526, 0.000240940708401579, 0.0004283634594900713, 3.6772306645307406e-05]]},
 "unique_id": "8d3afc9cb30527ae00e287d1c124d29f",
 "user": "jiuy97"},
"ids": [1],
"nextid": 2}
