{"1": {
 "calculator": "vasp",
 "calculator_parameters": {"amix": 0.1, "amix_mag": 0.1, "bmix": 1e-05, "bmix_mag": 1e-05, "encut": 600, "sigma": 0.05, "ediff": 1e-05, "ediffg": -0.02, "algo": "Normal", "gga": "PE", "prec": "Normal", "ibrion": 2, "isif": 3, "ismear": 0, "ispin": 2, "kpar": 26, "ldautype": 2, "lmaxmix": 4, "lorbit": 11, "nelm": 250, "nsw": 199, "inimix": 0, "laechg": true, "lasph": true, "ldau": true, "lvtot": false, "lreal": "Auto", "ldau_luj": {"Mn": {"L": 2, "U": 2.75, "J": 0.0}, "O": {"L": -1, "U": 0.0, "J": 0.0}, "H": {"L": -1, "U": 0.0, "J": 0.0}}, "pp": "pbe", "txt": "-", "kpts": [4, 4, 2], "gamma": true, "reciprocal": false, "ignore_constraints": false, "custom": {}},
 "cell": {"array": {"__ndarray__": [[3, 3], "float64", [5.712033428281244, 0.0453977699223154, -0.8272874539817894, -2.8386796036326296, 4.957180127128634, 0.8317331054520256, -1.367649142624493, 0.7684367453965062, 10.165809305742552]]}, "__ase_objtype__": "cell"},
 "ctime": 26.348524671120217,
 "dipole": {"__ndarray__": [[1, 3], "float64", [0.0, 0.0, 0.0]]},
 "energy": -182.69630752,
 "forces": {"__ndarray__": [[26, 3], "float64", [-0.00545815, 0.00310508, -0.00708006, 0.01255025, -0.00186879, -0.00363536, -0.00075585, 0.00081543, -0.01234869, -0.01219425, 0.00827549, -0.00964429, -0.00503638, 0.0045284, -0.00813698, -0.00241959, -0.00127876, 0.00789771, -0.00736488, 0.00423971, 0.0090976, 0.01499984, -0.00514151, -0.00182384, 0.00508547, 0.01183877, 0.00441454, -0.00235271, -0.00337211, -0.00126021, 0.00756917, -0.00262701, -0.00174595, -0.01269665, -0.01126082, 0.00110881, 0.00872397, 0.00066356, -0.00498737, -0.00351481, 0.00601442, 0.00366654, 0.00351169, -0.01258019, 0.00789502, 0.00128616, 0.00767401, -0.00338879, -0.00297227, -0.0014052, -0.00533518, 0.00504648, 0.00216646, 0.00394996, 0.01183883, -0.00707853, -0.00839663, -0.01348647, 0.00639022, 0.00971175, 0.01038356, 0.00116684, -0.00589114, -0.01155912, -0.00295031, 0.00812988, 0.00492089, 0.00189963, 0.00173413, 0.00091555, -0.00136522, 0.00239851, -0.00349533, -0.00447703, 0.00715408, -0.00352542, -0.00337255, 0.00651597]]},
 "free_energy": -182.69630752,
 "initial_magmoms": {"__ndarray__": [[26], "float64", [3.154, 3.154, 3.157, 4.474, 4.473, 3.156, 3.158, 3.154, -0.051, -0.014, -0.065, -0.077, -0.05, -0.009, -0.054, -0.016, -0.055, -0.016, -0.051, -0.009, -0.062, -0.075, -0.052, -0.015, 0.025, 0.025]]},
 "magmom": 28.0000016,
 "magmoms": {"__ndarray__": [[26], "float64", [3.15, 3.154, 3.153, 4.474, 4.474, 3.154, 3.154, 3.15, -0.052, -0.013, -0.063, -0.074, -0.051, -0.009, -0.052, -0.013, -0.052, -0.013, -0.051, -0.01, -0.063, -0.074, -0.052, -0.013, 0.025, 0.025]]},
 "mtime": 26.348524671120217,
 "numbers": {"__ndarray__": [[26], "int64", [25, 25, 25, 25, 25, 25, 25, 25, 8, 8, 8, 8, 8, 8, 8, 8, 8, 8, 8, 8, 8, 8, 8, 8, 30, 30]]},
 "pbc": {"__ndarray__": [[3], "bool", [true, true, true]]},
 "positions": {"__ndarray__": [[26, 3], "float64", [2.6511718801559048, 5.000137180626865, 0.040152051906525654, 2.7057092361807724, 3.283532543890151, 9.78429546352966, -0.19745649071128243, 4.977564687249827, 0.44903310193757817, 1.542154687443215, 2.3074452197691393, 2.163077596815116, -3.4180545372469795, 5.14943105847349, 8.075757063821085, 3.392066327565136, 2.9122165544323435, 4.702344727953263, 1.9518903673272652, 0.40364756891488107, 4.700452760645958, 0.5279129590492717, 2.888857233966005, 5.120845914270059, -0.1685088790640959, 1.5007961411418838, 1.2448710250821955, 0.4788923517299411, 1.3841432499151938, 3.8882343678936846, -1.494014237249146, 4.053193180225599, 1.5440969386774703, -1.0292260458425802, 3.7860264724677988, 4.4352689457752374, 2.9021294519147838, 1.528093718530306, 0.7868926241142237, 3.113843752570197, 1.4048842369661834, 3.5032972858657545, 1.3780429033618649, 4.194411517318407, 1.246835289085074, 1.8038917895149311, 3.6904630565846714, 3.889525805228506, -0.7438142809042648, 2.083091833758087, 6.330746506549451, -0.31471453097230573, 1.5687549109016052, 8.970373851266272, -2.059648615366838, 4.3747677272285825, 6.698582433902025, -1.843749557725684, 4.239781991910823, 9.414414002977502, 2.0953293112303557, 1.9877393927368079, 5.79807004022019, 2.5641116912766018, 1.707918273659692, 8.687830065070939, 0.5829084700021412, 4.392360712785178, 6.330256404296962, 1.2335702872192684, 4.264209438522115, 8.972210438969093, 4.499127727125746, 0.6104016320456435, 2.221388938689956, -0.45891018160766844, 3.4463463292319663, 8.133337513386392]]},
 "stress": {"__ndarray__": [[6], "float64", [0.0006687004704044675, 0.0002862387604751148, -0.0002764601194709931, -0.000588705045220942, 0.0008742319553387407, -0.0004054940956981414]]},
 "unique_id": "eff1efeb3df569378ffcb611bd4f180c",
 "user": "jiuy97"},
"ids": [1],
"nextid": 2}
