{"1": {
 "calculator": "vasp",
 "calculator_parameters": {"amix": 0.1, "amix_mag": 0.1, "bmix": 1e-05, "bmix_mag": 1e-05, "encut": 600, "sigma": 0.05, "ediff": 1e-05, "ediffg": -0.02, "algo": "normal", "gga": "PE", "prec": "Normal", "ibrion": 2, "isif": 3, "ismear": 0, "ispin": 2, "istart": 1, "kpar": 10, "ldauprint": 2, "ldautype": 2, "lmaxmix": 6, "lorbit": 11, "nelm": 250, "npar": 6, "nsw": 99, "nupdown": 0, "inimix": 0, "laechg": true, "lasph": true, "ldau": true, "lvtot": false, "lreal": false, "ldau_luj": {"Ti": {"L": 2, "U": 3.0, "J": 0.0}, "V": {"L": 2, "U": 3.25, "J": 0.0}, "Cr": {"L": 2, "U": 3.5, "J": 0.0}, "Mn": {"L": 2, "U": 2.75, "J": 0.0}, "Fe": {"L": 2, "U": 4.3, "J": 0.0}, "Co": {"L": 2, "U": 3.32, "J": 0.0}, "Ni": {"L": 2, "U": 6.45, "J": 0.0}, "Cu": {"L": 2, "U": 3.0, "J": 0.0}, "Mo": {"L": 2, "U": 4.38, "J": 0.0}, "W": {"L": -1, "U": 0.0, "J": 0.0}, "Ce": {"L": 3, "U": 4.5, "J": 0.0}, "O": {"L": -1, "U": 0.0, "J": 0.0}, "C": {"L": -1, "U": 0.0, "J": 0.0}, "Au": {"L": -1, "U": 0.0, "J": 0.0}, "Ir": {"L": -1, "U": 0.0, "J": 0.0}, "H": {"L": -1, "U": 0.0, "J": 0.0}}, "xc": "PBE", "pp": "PBE", "setups": {"base": "minimal"}, "txt": "-", "kpts": [9, 9, 5], "gamma": true, "reciprocal": false, "ignore_constraints": false},
 "cell": [[5.83085323726972, -0.0222055134129812, 0.0], [-0.0222055134129812, 5.83085323726972, 0.0], [0.0, 0.0, 9.581221022402854]],
 "ctime": 21.039963532975946,
 "dipole": [[0.0, 0.0, 0.0]],
 "energy": -218.56751058,
 "forces": [[0.00233, 0.00233, 0.0], [0.00233, 0.00233, 0.0], [0.00233, 0.00233, 0.0], [0.00233, 0.00233, 0.0], [0.002339, -0.001252, -0.002773], [-0.001252, 0.002339, -0.002773], [-0.001252, 0.002339, 0.002773], [0.002339, -0.001252, 0.002773], [0.002339, -0.001252, -0.002773], [0.002339, -0.001252, 0.002773], [-0.001252, 0.002339, -0.002773], [-0.001252, 0.002339, 0.002773], [0.005358, -0.002364, -0.00584], [-0.002364, 0.005358, -0.00584], [-0.012332, 0.005921, -0.001976], [0.005921, -0.012332, -0.001976], [0.005921, -0.012332, 0.001976], [-0.012332, 0.005921, 0.001976], [-0.002364, 0.005358, 0.00584], [0.005358, -0.002364, 0.00584], [0.005358, -0.002364, -0.00584], [-0.002364, 0.005358, -0.00584], [-0.012332, 0.005921, -0.001976], [0.005921, -0.012332, -0.001976], [0.005921, -0.012332, 0.001976], [-0.012332, 0.005921, 0.001976], [-0.002364, 0.005358, 0.00584], [0.005358, -0.002364, 0.00584]],
 "initial_magmoms": [4.563, -4.563, -4.563, 4.563, 3.861, -3.861, 3.861, -3.861, 3.861, -3.861, -3.861, 3.861, 0.033, -0.033, 0.036, -0.036, 0.036, -0.036, 0.033, -0.033, 0.033, -0.033, 0.036, -0.036, 0.036, -0.036, 0.033, -0.033],
 "magmom": -0.0,
 "magmoms": [4.497, -4.496, -4.496, 4.497, 3.794, -3.774, 3.774, -3.793, 3.794, -3.793, -3.774, 3.774, 0.032, -0.035, 0.038, -0.042, 0.042, -0.038, 0.034, -0.032, 0.032, -0.035, 0.038, -0.042, 0.042, -0.038, 0.034, -0.032],
 "mtime": 21.039963532975946,
 "numbers": [25, 25, 25, 25, 25, 25, 25, 25, 25, 25, 25, 25, 8, 8, 8, 8, 8, 8, 8, 8, 8, 8, 8, 8, 8, 8, 8, 8],
 "pbc": [true, true, true],
 "positions": [[2.903619804413947, 4.366887335915497, 3.5929590932053967], [-0.01180293048483055, 4.377989680411344, 1.1976563611107147], [2.9147321199529794, 1.4514645884514696, 5.988261825300079], [-0.0007005859889841326, 1.4625669455125256, 8.383564557394761], [4.343896321187344, 4.363666823015062, 7.180567273088718], [-0.015023443385265836, 5.8182661971847, 4.785264540994033], [-0.003931069932605639, 2.9028434748511316, 4.7959563775115095], [1.4284735862885254, 4.374769167510908, 7.191259109606192], [1.439575943349581, 1.4593364615689035, 2.3899618088993515], [4.3550086492915865, 1.4482341045078475, 2.400653645416829], [2.911501636009357, 2.8917411177900347, 9.5758700051834], [2.900399291513511, 5.807163852688854, 0.0053509133221459415], [4.205665471761997, 4.352429852929843, 9.508910126617897], [5.804595027370298, 5.657830646202451, 7.113607394523214], [5.809018146280191, 3.059381202105544, 7.115049581580101], [1.6072160276650902, 4.356852971839737, 9.510352313674785], [1.6183283432041236, 1.4414302243757084, 0.07086860483075758], [5.820120490776037, 0.1439584672067258, 2.46617133692544], [5.815697371866185, 2.742407911303634, 2.467613523982332], [4.2167678162578435, 1.437007118031066, 0.07231079188764976], [1.3013450813590266, 1.4481094625269124, 4.7183046624285305], [2.90026466592418, 2.7535102683646904, 2.3229919402070336], [2.904687784834031, 0.15506082426782267, 2.3244341272639257], [4.5337510781029415, 1.430327879879862, 4.719746849485423], [4.5226487336070536, 4.345750614778639, 4.861474069020126], [2.893585440338184, 3.0704835591665995, 7.256786791241623], [2.889162321428334, 5.668933003263507, 7.2582289782985105], [1.2902427368631806, 4.363532197425689, 4.862916256077013]],
 "stress": [-0.0003182919993835426, -0.0003182919993835426, 0.00040327638764156906, -0.0, -0.0, 0.00014945293601927463],
 "unique_id": "42edb969f86d0aca61a7137a226f947a",
 "user": "ezc"},
"ids": [1],
"nextid": 2}
