{"1": {
 "calculator": "vasp",
 "calculator_parameters": {"amix": 0.1, "amix_mag": 0.1, "bmix": 1e-05, "bmix_mag": 1e-05, "encut": 600, "sigma": 0.05, "ediff": 1e-05, "ediffg": -0.02, "algo": "Normal", "gga": "PE", "prec": "Normal", "ibrion": 2, "isif": 3, "ismear": 0, "ispin": 2, "kpar": 10, "ldauprint": 2, "ldautype": 2, "lmaxmix": 4, "lorbit": 11, "nelm": 250, "nsw": 199, "inimix": 0, "laechg": true, "lasph": true, "ldau": true, "lvtot": false, "lreal": "Auto", "ldau_luj": {"Mn": {"L": 2, "U": 2.75, "J": 0.0}, "O": {"L": -1, "U": 0.0, "J": 0.0}, "H": {"L": -1, "U": 0.0, "J": 0.0}}, "pp": "pbe", "txt": "-", "kpts": [4, 5, 3], "gamma": true, "reciprocal": false, "ignore_constraints": false, "custom": {}},
 "cell": {"array": {"__ndarray__": [[3, 3], "float64", [5.810332773959522, -0.0004536771425378, 0.0205486360884262, -5.8251232228e-06, 4.749651755210469, 0.025109727919308, 0.0330529417269047, 0.0515793366284942, 9.431123649739666]]}, "__ase_objtype__": "cell"},
 "ctime": 26.34617404560239,
 "dipole": {"__ndarray__": [[1, 3], "float64", [0.0, 0.0, 0.0]]},
 "energy": -180.99674539,
 "forces": {"__ndarray__": [[27, 3], "float64", [0.06377467, -0.13604671, -0.06911106, -0.16729631, 0.0048783, 0.14921164, 0.12061922, -0.02622244, -0.03548837, -0.01258541, 0.01010489, 0.04557903, -0.02147776, 0.00891012, -0.13287842, 0.11515363, -0.0368568, -0.01232908, -0.33163571, 0.02902025, -0.05397542, 0.06306193, -0.17829568, -0.31394584, -0.05441819, -0.00666105, 0.07143276, -0.01142581, -0.07379658, -0.09457991, -0.09636803, -0.13355924, -0.20724736, 0.10220171, 0.13107309, -0.25139575, 0.04721769, -0.03715121, 0.0871298, 0.06122176, -0.07215634, 0.22538074, -0.0912973, -0.04763006, -0.05871134, -0.0322876, 0.02842188, 0.05641148, 0.13736518, -0.02867633, 0.02044523, 0.06166791, -0.02164899, -0.08528306, 0.11252046, 0.18606539, 0.30136008, 0.0527056, 0.01909102, -0.01988617, -0.02630415, 0.03455161, 0.06627279, 0.09371896, 0.02320498, -0.12054141, -0.00071839, 0.07353633, 0.11276806, -0.00769461, -0.13126975, 0.08656281, -0.27601698, -0.12035162, 0.46737717, -0.53280343, 0.22577671, -0.14712259, 0.63110099, 0.2756882, -0.08743581]]},
 "free_energy": -180.99674539,
 "initial_magmoms": {"__ndarray__": [[27], "float64", [-2.927, -2.927, 2.927, 0.013, 0.013, -0.019, -0.019, -0.013, -0.013, 0.019, 0.019, -2.927, -2.927, 2.927, 2.927, 0.013, 0.013, -0.019, -0.019, -0.013, -0.013, 0.019, 0.019, 0.0, 0.0, 0.0, 0.0]]},
 "magmom": -2.9999204,
 "magmoms": {"__ndarray__": [[27], "float64", [-2.931, -2.9, 2.948, 0.009, -0.004, -0.011, -0.01, -0.017, -0.02, 0.017, 0.051, -2.944, -2.916, 2.915, 2.902, 0.032, 0.008, -0.04, 0.009, -0.022, -0.005, 0.015, -0.004, -0.003, -0.005, -0.0, 0.001]]},
 "mtime": 26.34617404560239,
 "numbers": {"__ndarray__": [[27], "int64", [25, 25, 25, 8, 8, 8, 8, 8, 8, 8, 8, 25, 25, 25, 25, 8, 8, 8, 8, 8, 8, 8, 8, 1, 1, 1, 1]]},
 "pbc": {"__ndarray__": [[3], "bool", [true, true, true]]},
 "positions": {"__ndarray__": [[27, 3], "float64", [0.7136145920415307, 0.33240897460951774, 8.168224317238831, 0.7284536954514171, 2.242622355633641, 3.336172711624607, 2.1785125001299774, 4.64314314410556, 1.3232435656815718, 0.7168554451254422, 0.857518445303787, 2.0691397726619156, 0.753633270089769, 1.6339364449426679, 6.8294888044138355, 0.7230259370096948, 3.841662226302399, 0.362133413387038, 0.5946478154778077, 3.4758437098827226, 4.855432761243371, 2.2188456959292258, 4.145680492094967, 7.470447356431937, 2.1906979436841234, 3.205875676878541, 2.6148865611162537, 2.238379054825406, 1.0848865731916086, 9.17536914057451, 2.1737207360055755, 1.2574042285366476, 4.18018562138414, 3.724182524627859, 0.16980248390389238, 8.291514073066569, 3.6595772471383334, 2.26231870359571, 3.4507828025216125, 5.113194266426113, 2.5598928362339475, 5.9756532683528025, 5.090440761677453, 4.629293828963572, 1.3492442087125194, 3.6525559305292186, 0.8290096546267597, 2.100254006142782, 3.8051381740217325, 1.5086815007687226, 6.921616103529768, 3.6323879162513713, 3.7683313625177184, 0.42024662670582047, 3.6578706422111953, 3.261443568026054, 5.002166153302065, 5.125565117355466, 3.989243485581987, 7.429280783081814, 5.100657553863268, 3.1738733672571797, 2.591063361832847, 5.101600513013542, 1.076427761468421, 9.203692408441945, 5.118609925068697, 1.417641180612149, 4.386631772600716, 2.2612486265484004, 3.418047178591134, 6.830745628891471, 2.123918510686546, 1.3690617925557473, 5.145068661449656, 2.865232585662435, 1.712969022247229, 6.78699528784819, 1.4569117876346636, 3.5114136213670104, 5.298130481296009]]},
 "stress": {"__ndarray__": [[6], "float64", [-0.0017590751814820142, -0.00027387647797587935, -0.004256158061147512, 0.000653087709816618, -0.002055714255994716, 0.00029585771246825075]]},
 "unique_id": "4403f34385c5ebcf556cec328b0e78f3",
 "user": "jiuy97"},
"ids": [1],
"nextid": 2}
