{"1": {
 "calculator": "vasp",
 "calculator_parameters": {"amix": 0.1, "amix_mag": 0.1, "bmix": 1e-05, "bmix_mag": 1e-05, "encut": 600, "sigma": 0.05, "ediff": 1e-05, "ediffg": -0.02, "algo": "normal", "gga": "PE", "prec": "Normal", "ibrion": 2, "isif": 3, "ismear": 0, "ispin": 2, "istart": 1, "kpar": 10, "ldauprint": 2, "ldautype": 2, "lmaxmix": 6, "lorbit": 11, "nelm": 250, "npar": 6, "nsw": 99, "nupdown": 0, "inimix": 0, "laechg": true, "lasph": true, "ldau": true, "lvtot": false, "lreal": false, "ldau_luj": {"Ti": {"L": 2, "U": 3.0, "J": 0.0}, "V": {"L": 2, "U": 3.25, "J": 0.0}, "Cr": {"L": 2, "U": 3.5, "J": 0.0}, "Mn": {"L": 2, "U": 2.75, "J": 0.0}, "Fe": {"L": 2, "U": 4.3, "J": 0.0}, "Co": {"L": 2, "U": 3.32, "J": 0.0}, "Ni": {"L": 2, "U": 6.45, "J": 0.0}, "Cu": {"L": 2, "U": 3.0, "J": 0.0}, "Mo": {"L": 2, "U": 4.38, "J": 0.0}, "W": {"L": -1, "U": 0.0, "J": 0.0}, "Ce": {"L": 3, "U": 4.5, "J": 0.0}, "O": {"L": -1, "U": 0.0, "J": 0.0}, "C": {"L": -1, "U": 0.0, "J": 0.0}, "Au": {"L": -1, "U": 0.0, "J": 0.0}, "Ir": {"L": -1, "U": 0.0, "J": 0.0}, "H": {"L": -1, "U": 0.0, "J": 0.0}}, "xc": "PBE", "pp": "PBE", "setups": {"base": "minimal"}, "txt": "-", "kpts": [9, 9, 4], "gamma": true, "reciprocal": false, "ignore_constraints": false},
 "cell": [[5.810248431745996, -0.0107946171780155, 0.002003585384248], [-0.0386364497031618, 5.8103783104635935, 0.0010535898993689], [-5.777213772778142, -5.804009094443344, 8.82233662682586]],
 "ctime": 21.62565124326644,
 "dipole": [[0.0, 0.0, 0.0]],
 "energy": -182.2698699,
 "forces": [[-0.005794, -0.009066, -0.003349], [0.009461, -0.006883, -0.0063], [0.00955, -0.012152, 0.006568], [-0.004391, 0.001301, 0.009381], [0.004464, 0.00299, -0.005348], [0.00328, 0.00649, 0.004838], [-0.008268, -0.004259, -0.000692], [0.013143, 0.009057, 0.001752], [0.000398, -0.010852, -0.003067], [-0.002653, 0.002858, 0.001562], [-0.008446, 0.00581, -0.002465], [-0.002265, 0.000319, 0.000819], [0.010073, -0.003583, 0.007566], [0.008506, -0.003805, -0.016085], [-0.00352, -0.00246, -0.002542], [-0.003651, -0.009818, 0.011156], [-0.001148, -0.003842, -0.001896], [-0.012914, 0.009888, -0.011127], [-0.009011, 0.009709, 0.011013], [0.002796, 0.005183, 0.003967], [0.004614, 0.003388, 0.001864], [0.006605, 0.000194, -0.011732], [-0.00318, 0.011706, -0.003107], [-0.000843, -0.004834, 0.011294], [-0.001513, 0.002207, -0.008404], [-0.005291, 0.000456, 0.004332]],
 "initial_magmoms": [3.77, -3.771, 3.772, -2.972, 2.973, -2.968, 2.969, -3.769, 0.044, 0.044, -0.045, -0.036, -0.044, 0.03, -0.031, 0.038, -0.023, -0.023, 0.023, 0.031, 0.023, -0.039, 0.035, -0.03, -0.0, 0.0],
 "magmom": -1.4e-06,
 "magmoms": [3.77, -3.771, 3.772, -2.969, 2.968, -2.966, 2.966, -3.77, 0.044, 0.044, -0.044, -0.038, -0.044, 0.031, -0.03, 0.039, -0.023, -0.023, 0.023, 0.03, 0.023, -0.039, 0.038, -0.031, -0.0, 0.0],
 "mtime": 21.62565124326644,
 "numbers": [25, 25, 25, 25, 25, 25, 25, 25, 8, 8, 8, 8, 8, 8, 8, 8, 8, 8, 8, 8, 8, 8, 8, 8, 30, 30],
 "pbc": [true, true, true],
 "positions": [[4.375205900345851, 4.304500084320485, 2.089993515934435], [1.4712448046897428, 4.297024648766965, 2.0897646660288904], [0.027054610683679026, 2.8463430096407945, 4.485236603977871], [-2.8349743186480976, -2.8916340304855983, 8.732946970766614], [-4.391961693206773, 1.3924841847910263, 6.662813859435587], [-1.3522516910007176, 1.4016218687297388, 6.664914387263776], [-2.8680401721088358, -0.12098606388640447, 8.732234682774287], [0.03349501563337762, -0.05794810731070961, 4.4854145379437425], [0.0297532909671309, 2.996612139139547, 2.2124687084308157], [-1.2595771217003404, -1.5053758807938538, 4.358638197075345], [0.0451983897656342, -0.19527773320280412, 2.213839453266963], [-4.092763171289897, -1.514404650568421, 8.692198783869118], [1.3593759649663888, -1.5164600832607622, 4.361131216575686], [2.9337464367549617, 3.007008525633281, 1.813079263933887], [2.9520657830591124, -0.21683766610658997, 1.8105354452851785], [-1.6100046318164107, -1.4980957312464656, 8.691993607495856], [-2.8716017150810793, 0.09857970237803555, 6.751153050693924], [-4.130396754782243, -4.41885108969871, 8.644615826509234], [-2.8325806629347676, -3.114759542077293, 6.750321152439775], [-1.2624727651968228, 1.397886903253139, 4.76326211440961], [-1.533646350456153, -4.406015992082667, 8.644984904876024], [0.03079137608884377, 0.1502457383372929, 6.705647283171675], [0.07400024101083708, -3.1778420838867456, 6.704439857010921], [1.3243006596221625, 1.3895173545217536, 4.7627253746167995], [0.03990592903112679, 1.4003574982666342, 1.0570476512895646], [-2.8547270848460093, -1.5086892560529839, 5.515627897887852]],
 "stress": [-8.622644857407721e-05, -7.494804158360618e-05, 0.000500050986638389, 2.368652713272696e-05, 4.330359031537804e-05, 0.00012517346551958877],
 "unique_id": "687ed2ce563648446f20024a4581a10f",
 "user": "ezc"},
"ids": [1],
"nextid": 2}
