{"1": {
 "calculator": "vasp",
 "calculator_parameters": {"amix": 0.1, "amix_mag": 0.1, "bmix": 1e-05, "bmix_mag": 1e-05, "encut": 600, "sigma": 0.05, "ediff": 1e-05, "ediffg": -0.02, "algo": "Normal", "gga": "PE", "prec": "Normal", "ibrion": 2, "isif": 3, "ismear": 0, "ispin": 2, "kpar": 41, "ldautype": 2, "lmaxmix": 4, "lorbit": 11, "nelm": 250, "nsw": 199, "inimix": 0, "laechg": true, "lasph": true, "ldau": true, "lvtot": false, "lreal": "Auto", "ldau_luj": {"Mn": {"L": 2, "U": 2.75, "J": 0.0}, "O": {"L": -1, "U": 0.0, "J": 0.0}, "H": {"L": -1, "U": 0.0, "J": 0.0}}, "pp": "pbe", "txt": "-", "kpts": [8, 2, 3], "gamma": true, "reciprocal": false, "ignore_constraints": false, "custom": {}},
 "cell": {"array": {"__ndarray__": [[3, 3], "float64", [2.984285134147291, 6.1636489604e-05, -4.2863196633e-06, 0.0002476351984075, 10.62744594907203, -0.1097040258287819, 3.04574609466e-05, -0.0993649413988727, 9.428072864363601]]}, "__ase_objtype__": "cell"},
 "ctime": 26.34847271306973,
 "dipole": {"__ndarray__": [[1, 3], "float64", [0.0, 0.0, 0.0]]},
 "energy": -179.46362625,
 "forces": {"__ndarray__": [[26, 3], "float64", [-0.00245536, 0.00452323, -0.00920268, 0.00162321, -0.00407357, 0.0051287, -0.00110925, -0.01040034, -0.00327325, -0.00300138, -0.00156722, 0.00317933, 0.00226875, -0.00382898, -0.00787495, 0.00371297, 0.00566018, 0.01142042, -0.00305257, -0.00048962, -0.00019199, -0.00182083, 0.01124393, 0.00636101, 0.00091289, -0.00576987, -0.00800448, 3.355e-05, 0.0056587, 0.00756812, 0.0058724, -0.00190644, -0.00573058, 0.00570329, 0.00015869, 0.00245118, 0.00060446, -0.00687696, -0.00200366, -0.00143997, -0.00742365, -0.00601057, 0.0045898, 0.00177684, 0.00079968, -0.00568026, -0.00226915, -0.0129304, 0.00790982, -0.00444504, -0.00555484, 0.00425721, 0.00540057, 0.00520337, -0.00727115, 0.00318111, 0.01432635, 0.00269416, -0.00078641, -0.00287456, -0.00377601, 0.00670309, 0.01000842, -0.00018014, 0.00529857, 0.00240189, 0.00464864, -0.00019069, -0.00471181, 0.00608065, 0.00177023, 0.00460156, -0.01154368, -0.0033617, 0.00715294, -0.00958117, 0.00201449, -0.0122392]]},
 "free_energy": -179.46362625,
 "initial_magmoms": {"__ndarray__": [[26], "float64", [-3.723, -3.723, -3.71, 2.877, 2.836, 2.832, 2.874, -3.71, -0.006, -0.006, -0.016, -0.02, -0.016, -0.022, -0.004, -0.043, -0.013, -0.012, -0.042, -0.003, -0.021, -0.016, -0.021, -0.015, -0.011, -0.011]]},
 "magmom": -3.9999951,
 "magmoms": {"__ndarray__": [[26], "float64", [-3.724, -3.724, -3.706, 2.879, 2.836, 2.836, 2.879, -3.706, -0.005, -0.005, -0.017, -0.02, -0.017, -0.024, -0.007, -0.043, -0.012, -0.012, -0.043, -0.006, -0.024, -0.017, -0.02, -0.017, -0.011, -0.011]]},
 "mtime": 26.34847271306973,
 "numbers": {"__ndarray__": [[26], "int64", [25, 25, 25, 25, 25, 25, 25, 25, 8, 8, 8, 8, 8, 8, 8, 8, 8, 8, 8, 8, 8, 8, 8, 8, 30, 30]]},
 "pbc": {"__ndarray__": [[3], "bool", [true, true, true]]},
 "positions": {"__ndarray__": [[26, 3], "float64", [2.8558687024788463, 1.459783627383258, 3.0636553371518325, 2.855824897391428, 9.068596877763252, 6.255364791782816, 0.06886453514566176, 6.772867644323515, 1.4879614341382341, 1.3436874840919653, 9.048170929919491, 2.9293089960479044, 1.647897559687017, 3.6347541551677915, 1.4721853301690415, 1.6481154586831475, 6.89317146992338, 7.845947231962127, 1.3432249342504519, 1.4801205146078271, 6.38897480562589, 0.0688686876046565, 3.755166118824167, 7.830104861081254, 0.12764817087823968, 5.690411852024736, 7.537663836251346, 0.1274908614965983, 4.8375928080733015, 1.7803547849146262, 2.8574224332772817, 1.793916022276024, 7.568081454087032, 2.86229987799776, 1.4300789655477644, 5.1118160343789585, 0.13380919458222124, 2.381186932145459, 1.3758889748299736, 1.6845932958114964, 3.1082210410906, 3.3883317225046476, 1.6607152453738374, 3.7706984361368563, 9.07729435952105, 1.310975480387181, 3.523228649324075, 6.229397399907306, 1.2822587427360579, 0.24636482484303965, 2.8120964224140446, 1.2825428657274345, 10.281907047667916, 6.50669462779079, 1.3113569836651682, 7.004828925381848, 3.0886259914054026, 1.6609100579142257, 6.757129537502379, 0.24084969915883692, 1.6850744092611791, 7.420110733417121, 5.929894353773462, 0.1340964665229122, 8.146782961948457, 7.9426304812275195, 2.8627702262707317, 9.097988552223013, 4.206769870626276, 2.8577455839704444, 8.73447936293132, 1.75027078964965, 0.018340264582952112, 3.558190101756123, 4.7637954502472715, 0.018891990309873038, 6.969989241158876, 4.554779864404239]]},
 "stress": {"__ndarray__": [[6], "float64", [-0.0006382774262985926, -0.0005932315374352515, -0.0006061038323696903, -4.3568792038136825e-05, -8.830274899989354e-06, 3.230274947724415e-05]]},
 "unique_id": "5921bbee5b6fd37cee23968c1de3ccf3",
 "user": "jiuy97"},
"ids": [1],
"nextid": 2}
