{"1": {
 "calculator": "vasp",
 "calculator_parameters": {"amix": 0.1, "amix_mag": 0.1, "bmix": 1e-05, "bmix_mag": 1e-05, "encut": 600, "sigma": 0.05, "ediff": 1e-05, "ediffg": -0.02, "algo": "Normal", "gga": "PE", "prec": "Normal", "ibrion": 2, "isif": 3, "ismear": 0, "ispin": 2, "kpar": 28, "ldautype": 2, "lmaxmix": 4, "lorbit": 11, "nelm": 250, "nsw": 199, "inimix": 0, "laechg": true, "lasph": true, "ldau": true, "lvtot": false, "lreal": "Auto", "ldau_luj": {"Mn": {"L": 2, "U": 2.75, "J": 0.0}, "O": {"L": -1, "U": 0.0, "J": 0.0}, "H": {"L": -1, "U": 0.0, "J": 0.0}}, "pp": "pbe", "txt": "-", "kpts": [2, 4, 5], "gamma": true, "reciprocal": false, "ignore_constraints": false, "custom": {}},
 "cell": {"array": {"__ndarray__": [[3, 3], "float64", [13.953744261639725, -0.0109258445536476, -0.0007001805028045, -0.000312164589031, 5.8100901690962194, -0.0904878888458134, -0.1658950566150584, -0.0691191218632745, 4.629201053813031]]}, "__ase_objtype__": "cell"},
 "ctime": 26.347759687943274,
 "dipole": {"__ndarray__": [[1, 3], "float64", [0.0, 0.0, 0.0]]},
 "energy": -275.93710577,
 "forces": {"__ndarray__": [[42, 3], "float64", [0.00225582, 0.01183307, 0.00856037, 0.00455091, 0.00059949, 0.00328282, 0.00127776, -0.00032484, 0.00481358, -0.00235088, -0.0049093, 0.00130296, 0.00353822, 0.00259237, -0.00946793, -0.00212717, -0.00313041, -0.00109612, -0.00290206, -2.178e-05, -0.00171885, -0.00112519, -0.0054726, 0.00211818, -0.01710393, -0.00387876, -0.00465828, 0.00137435, 0.00295017, -0.00703128, 0.00439292, 0.00681009, -0.00535627, 0.00483631, -0.00684236, 0.00012147, 0.00273109, -0.00420947, 0.00434799, -0.00911647, -0.00550946, -0.00571234, -0.00109263, -0.00200939, 0.00115585, 0.00072196, 0.00137592, 0.00245462, 0.00246236, -0.00820309, 0.00080906, -0.00257927, 0.00344753, -0.00436118, 0.00563828, -0.01147238, 0.00534144, -0.00202404, 0.00998519, -0.00771197, 0.00045926, -0.00171491, -0.00033395, 0.00288619, -0.00053853, -0.0026175, 0.00098342, 0.00063902, 0.00232199, -0.0082233, 0.00647499, -0.00211291, 0.00240805, -0.00120189, 0.00252947, 0.00421992, 0.00330151, 0.00011332, 0.004376, 0.00112394, -0.00587578, 0.00382328, -0.00078499, 0.00229085, -0.00056136, 0.00396437, 0.00279993, -0.00130072, -0.00614624, 0.00115625, -0.00486132, 0.00356424, 0.00219495, 0.00080803, 0.00104897, -0.00158213, -0.00341495, 0.00550435, -0.00224471, 0.00198054, 0.00116886, 0.00308639, -0.00038783, 0.01092262, -0.00223952, 0.00312543, -0.00734674, 0.00115976, -0.00432567, -0.00545685, 0.00231939, 0.0035229, 0.00941529, 0.00293112, -0.00304155, 0.00152402, 0.001463, 0.00025679, -0.0043381, 0.0032928, 0.00256566, -0.00501056, 0.00251752, 0.0013429, 0.00027664, -0.00036433]]},
 "free_energy": -275.93710577,
 "initial_magmoms": {"__ndarray__": [[42], "float64", [2.988, 2.903, 3.062, 3.003, 2.995, 3.064, -2.815, 2.901, 2.981, -2.765, 0.012, 0.01, -0.028, -0.03, -0.097, -0.078, 0.007, 0.004, -0.024, -0.024, -0.097, -0.087, 0.005, 0.011, 0.023, 0.031, -0.086, -0.104, 0.017, 0.014, 0.025, 0.023, -0.085, -0.093, 0.006, 0.006, -0.0, 0.0, 0.005, 0.004, 0.002, 0.001]]},
 "magmom": 18.0000045,
 "magmoms": {"__ndarray__": [[42], "float64", [3.0, 2.904, 3.066, 3.003, 2.993, 3.068, -2.824, 2.901, 2.993, -2.765, 0.012, 0.008, -0.028, -0.03, -0.099, -0.08, 0.006, 0.004, -0.023, -0.025, -0.1, -0.087, 0.005, 0.011, 0.021, 0.03, -0.087, -0.106, 0.015, 0.014, 0.024, 0.023, -0.086, -0.096, 0.006, 0.006, -0.0, 0.0, 0.005, 0.004, 0.002, 0.001]]},
 "mtime": 26.347759687943274,
 "numbers": {"__ndarray__": [[42], "int64", [25, 25, 25, 25, 25, 25, 25, 25, 25, 25, 8, 8, 8, 8, 8, 8, 8, 8, 8, 8, 8, 8, 8, 8, 8, 8, 8, 8, 8, 8, 8, 8, 8, 8, 1, 1, 1, 1, 1, 1, 1, 1]]},
 "pbc": {"__ndarray__": [[3], "bool", [true, true, true]]},
 "positions": {"__ndarray__": [[42, 3], "float64", [4.768851251264678, 0.023020763999611584, 2.2123459584057934, 2.1773250224538927, 1.5345866469596765, 2.435341892207959, 11.655184190137385, 1.3615753952400307, 2.201943321159575, 9.194069595412113, 5.6508864442055575, 2.28605364713345, 4.673270980978899, 2.975622138449885, 2.172827540055641, 2.1814376045662396, 4.389896811653196, 2.3339932494377105, 6.838205803075007, 4.287352795400221, 4.550605442109637, 11.686929375701297, 4.1702291779141625, 2.0759762664927575, 9.071030202415805, 2.8145672099660164, 2.3710561005780235, -0.1263261882226932, 2.8332277895609206, 4.580207657611993, 0.8530723788355558, 1.5455508607744637, 3.670392598979176, 6.157680517728289, 5.74492282264205, 0.9035622873937315, 1.3706298502369503, 0.05832851960291582, 1.4360926318286502, 5.526455306584355, 1.5647118711138372, 3.1719023901361068, 3.090210565098035, 0.05920156388961539, 3.2970879221821163, 3.8271935736738274, 1.483150966698803, 1.334809550370153, 7.81982475207503, 5.6882343750664, 3.648299457202792, 13.08704739461305, 1.4038163638159746, 0.8739055810706783, 8.32732683811601, 1.2712395135508652, 1.397918467966241, 12.477668297489789, 5.665295423305536, 3.082984725917914, 10.043946113148126, 1.3293245305245829, 3.2498318344846244, 10.77645889200209, 5.680158968554707, 1.2096031218576748, 0.7586462268630532, 4.3360581726758225, 3.6528156316753133, 6.033395774569305, 2.9453335438581423, 0.8224894338598712, 1.4395099851705542, 2.9455029245455946, 1.3337252797185783, 5.475060594598078, 4.377128714395326, 3.167727310329546, 3.090784894607277, 2.995733132018448, 3.258675052083057, 3.784424550784612, 4.416312056382983, 1.279539717977568, 7.67970821297329, 2.8798866228228186, 3.571972696776284, 13.009189630422172, 4.182347567656621, 0.8459435408224785, 8.383063537482249, 4.250201877227344, 1.3026309616761875, 12.417406556999342, 2.788121277384081, 3.1846188555200374, 10.05318286739602, 4.227302658374283, 3.1820021017628424, 10.742267965337234, 2.724850593409938, 1.2783748042479788, 6.5181903347782715, 1.832068484314084, 3.210246474551269, 7.340845421526043, 1.0144129156587909, 1.36886625115763, 8.131438664663568, 0.5318811905936467, 4.427714893029563, 5.7198095238161555, 2.2884243474274353, 0.13636701144702504, 1.6430914094271125, 0.04051571858148509, 0.4833339921127191, 12.212261976132686, 5.672845031373257, 4.03637850631224, 0.032826858970535354, 4.972261040931942, 3.3824630111582175, 13.801600071956555, 0.7597591812532638, 1.1450889455525437]]},
 "stress": {"__ndarray__": [[6], "float64", [4.708900318513498e-05, 0.00011641902495547887, -0.0002996140024564263, -1.250381496017396e-05, 8.225726070961778e-05, 0.00017697692396635925]]},
 "unique_id": "775a90b1b55f35f5ba060c7435c82474",
 "user": "jiuy97"},
"ids": [1],
"nextid": 2}
