{"1": {
 "calculator": "vasp",
 "calculator_parameters": {"amix": 0.1, "amix_mag": 0.1, "bmix": 1e-05, "bmix_mag": 1e-05, "encut": 600, "sigma": 0.05, "ediff": 1e-05, "ediffg": -0.02, "algo": "Normal", "gga": "PE", "prec": "Normal", "ibrion": 2, "isif": 3, "ismear": 0, "ispin": 2, "kpar": 56, "ldautype": 2, "lmaxmix": 4, "lorbit": 11, "nelm": 250, "nsw": 199, "inimix": 0, "laechg": true, "lasph": true, "ldau": true, "lvtot": false, "lreal": "Auto", "ldau_luj": {"Mn": {"L": 2, "U": 2.75, "J": 0.0}, "O": {"L": -1, "U": 0.0, "J": 0.0}, "H": {"L": -1, "U": 0.0, "J": 0.0}}, "pp": "pbe", "txt": "-", "kpts": [2, 8, 5], "gamma": true, "reciprocal": false, "ignore_constraints": false, "custom": {}},
 "cell": {"array": {"__ndarray__": [[3, 3], "float64", [15.734488133357708, 0.0106491137042681, -0.7796167503495486, 0.0114334958464797, 3.331285549941833, 0.0717390076486003, -0.4395321492212997, 0.1185415595352375, 5.239836812633255]]}, "__ase_objtype__": "cell"},
 "ctime": 26.348490286691646,
 "dipole": {"__ndarray__": [[1, 3], "float64", [0.0, 0.0, 0.0]]},
 "energy": -145.65503323,
 "forces": {"__ndarray__": [[24, 3], "float64", [-0.04899939, 0.0018333, -0.01858426, 0.04845999, -0.05808237, -0.03074534, -0.04302479, -0.03203028, -0.02303165, -0.04899939, 0.0018333, -0.01858426, 0.04845999, -0.05808237, -0.03074534, -0.04302479, -0.03203028, -0.02303165, 0.12151796, 0.14490894, 0.06158929, 0.00883765, -0.04839909, 0.0014284, 0.02757979, -0.02907057, -0.0382746, 0.03662495, 0.0333318, 0.03316448, -0.0247193, 0.07966171, 0.07045927, -0.0316795, 0.02408674, -0.01630475, 0.12151796, 0.14490894, 0.06158929, 0.00883765, -0.04839909, 0.0014284, 0.02757979, -0.02907057, -0.0382746, 0.03662495, 0.0333318, 0.03316448, -0.0247193, 0.07966171, 0.07045927, -0.0316795, 0.02408674, -0.01630475, -0.14336003, 0.00903604, -0.04092956, -0.14336003, 0.00903604, -0.04092956, -0.00716617, -0.06757902, -0.0201111, -0.00716617, -0.06757902, -0.0201111, 0.05592885, -0.05769721, 0.02133981, 0.05592885, -0.05769721, 0.02133981]]},
 "free_energy": -145.65507,
 "initial_magmoms": {"__ndarray__": [[24], "float64", [4.557, 4.553, -4.517, 4.557, 4.553, -4.517, -0.002, -0.018, 0.027, 0.019, 0.068, 0.072, -0.002, -0.018, 0.027, 0.019, 0.068, 0.072, 0.001, 0.001, 0.013, 0.013, 0.015, 0.015]]},
 "magmom": 10.0000002,
 "magmoms": {"__ndarray__": [[24], "float64", [4.553, 4.55, -4.513, 4.553, 4.55, -4.513, -0.001, -0.019, 0.028, 0.019, 0.066, 0.07, -0.001, -0.019, 0.028, 0.019, 0.066, 0.07, 0.0, 0.0, 0.014, 0.014, 0.015, 0.015]]},
 "mtime": 26.348490286691646,
 "numbers": {"__ndarray__": [[24], "int64", [25, 25, 25, 25, 25, 25, 8, 8, 8, 8, 8, 8, 8, 8, 8, 8, 8, 8, 30, 30, 30, 30, 30, 30]]},
 "pbc": {"__ndarray__": [[3], "bool", [true, true, true]]},
 "positions": {"__ndarray__": [[24, 3], "float64", [5.099633385408611, 3.337365732980475, 2.1917588058208066, 2.4213280752411226, 1.5564876754282089, 2.620619050457793, 7.7637337690127755, 2.4456195329580637, -0.20788091727034477, 12.961155076979983, 1.6770475034170746, 1.7660783194737655, 10.294288649888314, 3.227458003999583, 2.2666908542932047, 15.625265445898657, 0.7853113166025104, -0.6335712913583145, 0.9304940513123695, 1.7655228899078916, 4.142252149949897, 6.642138841591268, 0.5396223322916588, 0.7469079585512437, 1.3949998446225458, 0.059647392550351105, 1.521998469489304, 6.140943126329002, 1.9144774964133906, 3.3681226159631485, 3.5787153938576997, 3.3817509563795216, 3.838920427325835, 3.981261969168398, 1.7867526111371475, 1.1359555003367754, 8.792015742883736, 0.10520466034449137, 3.7165716636028563, 14.515119091060296, 2.2105726647188964, 0.39295972124625955, 9.267950581858761, 1.7306277191938066, 1.1680802938949537, 14.002474759995689, 0.2541494020315812, 2.9424521220343043, 11.440247049134042, 1.7214328010108395, 3.4132399933174065, 11.842783608397541, 0.1264343149469364, 0.7102650074955392, 7.711747575713795, 1.1614768061883238, 2.3854901693149713, -0.14977416819980424, 2.821794969124913, 2.8111606491678165, 10.452531057073037, 1.2029119721175812, -0.4081397705173418, 2.590999349454578, 2.863230060859452, 0.0175306569968858, 12.561277544335438, 3.1413337562332013, 4.393729661437809, 4.688317022030476, 1.4703634942886383, 4.747667864096556]]},
 "stress": {"__ndarray__": [[6], "float64", [0.0052287607628533446, 0.0010069269698832946, 0.004848373880353654, 0.00016101251675435758, -0.0011239822168300111, -0.0007162303737942548]]},
 "unique_id": "80d7d530f57f8b5ebd93082a891dbf78",
 "user": "jiuy97"},
"ids": [1],
"nextid": 2}
