{"1": {
 "calculator": "vasp",
 "calculator_parameters": {"amix": 0.1, "amix_mag": 0.1, "bmix": 1e-05, "bmix_mag": 1e-05, "encut": 600, "sigma": 0.05, "ediff": 1e-05, "ediffg": -0.02, "algo": "Normal", "gga": "PE", "prec": "Normal", "ibrion": 2, "isif": 3, "ismear": 0, "ispin": 2, "kpar": 31, "ldautype": 2, "lmaxmix": 4, "lorbit": 11, "nelm": 250, "nsw": 199, "inimix": 0, "laechg": true, "lasph": true, "ldau": true, "lvtot": false, "lreal": "Auto", "ldau_luj": {"Mn": {"L": 2, "U": 2.75, "J": 0.0}, "O": {"L": -1, "U": 0.0, "J": 0.0}, "H": {"L": -1, "U": 0.0, "J": 0.0}}, "pp": "pbe", "txt": "-", "kpts": [4, 5, 3], "gamma": true, "reciprocal": false, "ignore_constraints": false, "custom": {}},
 "cell": {"array": {"__ndarray__": [[3, 3], "float64", [5.781172361153536, -0.0716758389698283, -0.0043805617696388, -0.0587207925403214, 4.69313515116061, 0.0163150794138161, -0.0075762434624741, 0.0317765161568271, 9.37501608284307]]}, "__ase_objtype__": "cell"},
 "ctime": 26.348920842480346,
 "dipole": {"__ndarray__": [[1, 3], "float64", [0.0, 0.0, 0.0]]},
 "energy": -181.66831558,
 "forces": {"__ndarray__": [[27, 3], "float64", [-0.00625765, 0.00076258, -0.00427106, 0.00283713, -0.00136226, -0.00121612, -0.0089146, 0.00222142, 0.0095681, 0.00776881, 0.00111326, -0.01017217, -0.00167354, 0.00059128, 0.00109173, -0.00455372, 0.00067919, 0.00264483, 0.00881119, -0.00242902, 0.00283683, -0.00127436, -0.00582727, -0.00531508, -0.00010394, 0.00875273, -0.00724803, -0.00058912, 0.00817289, -0.00207514, -0.00975669, -0.00537941, 0.00939497, -0.00579972, -0.00786981, 0.0004272, 0.00299873, 0.00403945, 0.00114783, 0.00271739, -0.00309049, -0.01284579, -0.00418126, 0.00784759, 0.00708242, 0.00247909, -0.01025817, 0.0033415, 0.01262143, -0.00145912, 0.00339788, -0.00873485, -0.00030058, 0.00256312, -0.0062495, -0.00559255, 0.00184049, 0.00278913, 0.00012885, 0.00944309, 0.00559645, -0.00229796, 0.00397416, -0.00047368, 0.00381477, -0.00539188, 0.00424234, 0.0041308, -0.00218243, 0.00508213, 0.00080771, -0.0019606, 0.00761742, -0.00685832, -0.00737421, -0.0076613, 0.00263468, -0.00090973, 0.0006627, 0.00702775, 0.00220807]]},
 "free_energy": -181.66831558,
 "initial_magmoms": {"__ndarray__": [[27], "float64", [-2.934, -2.908, 2.929, -2.975, -2.924, 2.871, 2.905, 0.017, -0.005, -0.006, -0.003, 0.022, -0.02, 0.02, 0.045, 0.037, -0.006, -0.032, 0.026, -0.015, 0.001, 0.011, 0.012, -0.005, -0.006, -0.0, -0.0]]},
 "magmom": -3.0000025,
 "magmoms": {"__ndarray__": [[27], "float64", [-2.937, -2.9, 2.934, -2.988, -2.914, 2.884, 2.908, 0.015, -0.006, -0.01, -0.003, 0.025, -0.021, 0.02, 0.046, 0.033, -0.005, -0.03, 0.017, -0.016, 0.0, 0.017, 0.008, -0.005, -0.005, 0.0, 0.0]]},
 "mtime": 26.348920842480346,
 "numbers": {"__ndarray__": [[27], "int64", [25, 25, 25, 25, 25, 25, 25, 8, 8, 8, 8, 8, 8, 8, 8, 8, 8, 8, 8, 8, 8, 8, 8, 1, 1, 1, 1]]},
 "pbc": {"__ndarray__": [[3], "bool", [true, true, true]]},
 "positions": {"__ndarray__": [[27, 3], "float64", [0.7007052121070192, 0.2800990411197757, 8.085356814002314, 0.7053117727709879, 2.2226011249412156, 3.331693470860547, 2.1281208901410418, 4.552221435526693, 1.275245031259514, 3.6365325310455585, 0.08130854544990504, 8.128194984542466, 3.6246066881175487, 2.200749425939713, 3.4511859943337333, 5.09082329342151, 2.4946084607005448, 5.9157260539174175, 5.006563057284326, 4.506471430092122, 1.2660251055598128, 0.7233584684615408, 0.8473379265279094, 2.0209977266955033, 0.7897053831634591, 1.6324693720851544, 6.79489773031565, 0.6702381606923142, 3.7552667483703215, 0.30624957856001744, 0.6399957449240694, 3.4650414695990364, 4.836782347632291, 2.0389508081188135, 3.9267513617220926, 7.259368752005489, 2.1667201500583224, 3.1510477436142708, 2.589337459058515, 2.2135639142103187, 1.0168115563949853, 9.04265815833267, 2.099348737586953, 1.2212241458201656, 4.203829548972448, 3.640923406356234, 0.7670185866061731, 2.063112407305528, 3.71226401856077, 1.4218241470410553, 6.7539043227229065, 3.545460159465357, 3.6578339539179274, 0.32141083326194075, 3.7080024151069684, 3.264247313647654, 4.938918895582576, 5.021732259354188, 3.8641104309397485, 7.297322637867831, 5.044665462525524, 3.0838026580486138, 2.5440941693194743, 5.030397327910812, 0.9783172873912479, 9.05421098152636, 5.078355585689973, 1.3417663895270526, 4.355645628759011, 1.7037469461734227, 2.9858697512338757, 7.412314868746655, 1.8990283523320537, 1.2545807498427468, 5.172949079488905, 2.8303934698086755, 1.8381431670419681, 6.656156192279684, 1.52370671307652, 3.5875851639570113, 5.264215191991585]]},
 "stress": {"__ndarray__": [[6], "float64", [0.00012178059364177685, 0.0003450555717908027, -0.00027506455547950034, -4.070218548529204e-05, -0.0001450059356651923, 3.0981808968860474e-05]]},
 "unique_id": "91bc0757675805812a9893f3ec5b2490",
 "user": "jiuy97"},
"ids": [1],
"nextid": 2}
