{"1": {
 "calculator": "vasp",
 "calculator_parameters": {"amix": 0.1, "amix_mag": 0.1, "bmix": 1e-05, "bmix_mag": 1e-05, "encut": 600, "sigma": 0.05, "ediff": 1e-05, "ediffg": -0.02, "algo": "Normal", "gga": "PE", "prec": "Normal", "ibrion": 2, "isif": 3, "ismear": 0, "ispin": 2, "kpar": 20, "ldautype": 2, "lmaxmix": 4, "lorbit": 11, "nelm": 250, "nsw": 199, "inimix": 0, "laechg": true, "lasph": true, "ldau": true, "lvtot": false, "lreal": "Auto", "ldau_luj": {"Mn": {"L": 2, "U": 2.75, "J": 0.0}, "O": {"L": -1, "U": 0.0, "J": 0.0}, "H": {"L": -1, "U": 0.0, "J": 0.0}}, "pp": "pbe", "txt": "-", "kpts": [4, 4, 2], "gamma": true, "reciprocal": false, "ignore_constraints": false, "custom": {}},
 "cell": {"array": {"__ndarray__": [[3, 3], "float64", [5.821727431962397, -0.137363820868829, 0.162888658513148, -0.1672261563532929, 5.7056539217537265, -0.1030053257952889, -5.419188139872464, -5.707911392651915, 8.31608699909848]]}, "__ase_objtype__": "cell"},
 "ctime": 26.348935289432397,
 "dipole": {"__ndarray__": [[1, 3], "float64", [0.0, 0.0, 0.0]]},
 "energy": -181.45907092,
 "forces": {"__ndarray__": [[27, 3], "float64", [-0.00723502, -0.01093668, -0.0061137, -0.00164411, -0.00707641, 0.00806736, 0.0016254, 0.00306975, -0.00035059, -0.00018233, -0.00054751, -0.00075713, 0.01118568, 0.01266837, 0.00495474, 0.00378062, 0.00678758, -0.01679887, 0.00302307, 0.00068069, -0.00349198, -0.01108727, -0.01442929, 0.00951325, 0.00260692, 0.03023581, -0.01137335, 0.00085535, -0.00496673, -0.01081989, -0.00486917, -0.0073493, -0.00104905, 0.00911209, 0.01889736, -0.00328991, -0.00067648, -0.01813254, 0.00413052, -0.00248506, -0.01132078, -0.00277096, -0.0087843, 0.002638, 0.00744953, 0.00704712, 0.01112728, 0.00913369, 0.00639641, -0.00283873, -0.00263147, 7.124e-05, 0.01575462, -0.00631567, -0.01179534, -0.00993844, 0.00573195, -0.00266473, 0.00949299, -0.00243261, -0.00340723, 0.00686405, 0.00755471, 0.00764709, 0.01445315, -0.00857911, 0.00335101, -0.06275106, 0.02163386, -0.00768889, 0.02372308, -0.01567826, 0.00236383, -0.0052758, 0.01394265, -0.00323061, 0.02884111, 0.0068019, 0.00668471, -0.02967058, -0.00646162]]},
 "free_energy": -181.45907092,
 "initial_magmoms": {"__ndarray__": [[27], "float64", [3.106, 3.037, 3.092, 3.083, 3.106, 3.038, 3.038, -0.04, -0.055, -0.067, -0.047, 0.047, -0.081, -0.103, -0.083, -0.103, -0.083, -0.082, 0.047, -0.047, -0.066, -0.04, -0.055, 0.006, 0.006, 0.006, 0.006]]},
 "magmom": 20.9999999,
 "magmoms": {"__ndarray__": [[27], "float64", [3.107, 3.037, 3.092, 3.083, 3.107, 3.038, 3.039, -0.04, -0.055, -0.067, -0.047, 0.047, -0.082, -0.103, -0.083, -0.103, -0.083, -0.082, 0.047, -0.047, -0.066, -0.04, -0.055, 0.006, 0.006, 0.006, 0.006]]},
 "mtime": 26.348935289432397,
 "numbers": {"__ndarray__": [[27], "int64", [25, 25, 25, 25, 25, 25, 25, 8, 8, 8, 8, 8, 8, 8, 8, 8, 8, 8, 8, 8, 8, 8, 8, 1, 1, 1, 1]]},
 "pbc": {"__ndarray__": [[3], "bool", [true, true, true]]},
 "positions": {"__ndarray__": [[27, 3], "float64", [4.2859131915115025, 1.386852977414884, 2.1418336594561502, 1.3913976576670153, 1.3753791861181341, 2.119060454233217, -2.579801764535176, -2.917405734356833, 8.34556670659477, 2.9233687611846575, -0.06205432597983753, 0.08209060809190885, -4.025095456060455, -1.5120077998898975, 6.2332805967312, -1.1301253489946936, -1.5002903207876608, 6.259626637857341, 0.21366011757811668, -2.9147025849266353, 4.239843216706375, -0.13875337108587354, 0.18038222648470745, 1.885292796963057, -1.4843539754102397, 1.5546534796739044, 3.9211824893020233, -0.013552673338258365, 2.714381533352544, 2.201806488006822, 1.6163676508668863, 1.343729900763047, 0.14698196322131418, 1.2321681666958817, 1.3302318841264544, 3.9474187793230127, 2.8566012127951383, 0.10527815887392727, 2.012344174308077, 2.847901319680014, 2.6522877088351486, 1.97730168114098, 4.1674022935689585, 1.4033871206760566, 0.21821092343153217, -2.5875502804949875, -2.7776149827853733, 6.397765003400348, -3.9071478571990896, -1.5296048153200308, 8.1568051421493, -2.5955859346944297, -0.23014448273269433, 6.365243157605857, -0.9713719047497428, -1.4550637212145747, 4.430515102350868, -1.3556948849759431, -1.4706311688686151, 8.230174339092992, 0.27466301619420075, -2.839595968452994, 6.174771234347647, 0.39958923697408194, -0.305385596968525, 6.49217127975442, 1.7434859315566533, -1.677015217272459, 4.4538186681802925, 1.5822636318616126, -0.7560642934570637, 4.133059154764172, -1.3238538340582462, 0.6331899574034093, 4.24215053051592, -0.27628578108496005, -0.5728702577091547, 2.5038213611620574, 0.5341624009779726, 0.4479458472813112, 5.8731058234492775]]},
 "stress": {"__ndarray__": [[6], "float64", [7.64003908251262e-05, 0.00018294697113583046, -4.581401266693606e-05, -0.00048764627436011584, 6.39526807904848e-05, 0.00021000912485665452]]},
 "unique_id": "17d6ffd816b371cede30986fcc84583e",
 "user": "jiuy97"},
"ids": [1],
"nextid": 2}
