{"1": {
 "calculator": "vasp",
 "calculator_parameters": {"amix": 0.1, "amix_mag": 0.1, "bmix": 1e-05, "bmix_mag": 1e-05, "encut": 600, "sigma": 0.05, "ediff": 1e-05, "ediffg": -0.02, "algo": "normal", "gga": "PE", "prec": "Normal", "ibrion": 2, "isif": 3, "ismear": 0, "ispin": 2, "istart": 1, "kpar": 10, "ldauprint": 2, "ldautype": 2, "lmaxmix": 6, "lorbit": 11, "nelm": 250, "npar": 6, "nsw": 99, "nupdown": 0, "inimix": 0, "laechg": true, "lasph": true, "ldau": true, "lvtot": false, "lreal": false, "ldau_luj": {"Ti": {"L": 2, "U": 3.0, "J": 0.0}, "V": {"L": 2, "U": 3.25, "J": 0.0}, "Cr": {"L": 2, "U": 3.5, "J": 0.0}, "Mn": {"L": 2, "U": 2.75, "J": 0.0}, "Fe": {"L": 2, "U": 4.3, "J": 0.0}, "Co": {"L": 2, "U": 3.32, "J": 0.0}, "Ni": {"L": 2, "U": 6.45, "J": 0.0}, "Cu": {"L": 2, "U": 3.0, "J": 0.0}, "Mo": {"L": 2, "U": 4.38, "J": 0.0}, "W": {"L": -1, "U": 0.0, "J": 0.0}, "Ce": {"L": 3, "U": 4.5, "J": 0.0}, "O": {"L": -1, "U": 0.0, "J": 0.0}, "C": {"L": -1, "U": 0.0, "J": 0.0}, "Au": {"L": -1, "U": 0.0, "J": 0.0}, "Ir": {"L": -1, "U": 0.0, "J": 0.0}, "H": {"L": -1, "U": 0.0, "J": 0.0}}, "xc": "PBE", "pp": "PBE", "setups": {"base": "minimal"}, "txt": "-", "kpts": [16, 4, 5], "gamma": true, "reciprocal": false, "ignore_constraints": false},
 "cell": [[3.1463238858465536, 0.2185910928561129, 0.1413227812837622], [0.7392044637791011, 11.130787444638411, 0.0321873362945512], [0.431031926728168, 0.0160653900656182, 9.372949924642906]],
 "ctime": 21.62721903585028,
 "dipole": [[0.0, 0.0, 0.0]],
 "energy": -185.61565069,
 "forces": [[0.004662, -0.015301, 0.002712], [-0.004525, 0.015033, -0.002964], [0.007597, 0.008104, -0.005925], [-0.007689, -0.009706, 0.007127], [-0.004443, 0.015058, -0.003783], [0.0042, -0.01475, 0.003489], [0.007683, 0.009276, -0.007192], [-0.007912, -0.007028, 0.006035], [-0.006798, 0.009559, -0.005135], [0.007051, -0.010117, 0.005223], [-0.009039, -0.006227, 0.003211], [0.007494, 0.007484, 0.006786], [-0.005243, -0.006259, -0.013009], [0.005524, 0.005379, 0.011455], [-0.007608, -0.007333, -0.007058], [0.009198, 0.006939, -0.004915], [-0.006786, 0.009236, -0.005293], [0.006595, -0.008654, 0.00536], [-0.00945, -0.006577, 0.005163], [0.00746, 0.006858, 0.007136], [-0.005433, -0.005195, -0.011446], [0.005333, 0.006165, 0.012557], [-0.007537, -0.007335, -0.006457], [0.009131, 0.006109, -0.003159], [0.001989, 0.017992, -0.001822], [-0.002135, -0.018428, 0.002426], [-0.001634, -0.017847, 0.000275], [0.002315, 0.017565, -0.000794]],
 "initial_magmoms": [-3.724, -3.724, -3.723, 3.724, 3.724, 3.724, 3.724, -3.723, 0.04, 0.04, 0.044, 0.039, 0.016, -0.016, -0.039, -0.044, -0.04, -0.04, -0.044, -0.039, -0.016, 0.016, 0.039, 0.044, 0.001, 0.001, -0.001, -0.001],
 "magmom": -1.1e-06,
 "magmoms": [-3.721, -3.721, -3.728, 3.728, 3.721, 3.721, 3.728, -3.728, 0.039, 0.039, 0.039, 0.037, 0.018, -0.018, -0.037, -0.039, -0.039, -0.039, -0.039, -0.037, -0.018, 0.018, 0.037, 0.039, 0.0, 0.0, -0.0, -0.0],
 "mtime": 21.62721903585028,
 "numbers": [25, 25, 25, 25, 25, 25, 25, 25, 8, 8, 8, 8, 8, 8, 8, 8, 8, 8, 8, 8, 8, 8, 8, 8, 30, 30, 30, 30],
 "pbc": [true, true, true],
 "positions": [[3.1259399284348692, 1.7096225376952618, 3.209112179444114], [1.196310489334628, 9.684244767526367, 6.345961360379631], [3.6434144537026762, 7.328259167712231, 1.7674687819106645], [2.4045695714098225, 9.737936439070747, 3.1770789242110884], [2.184657597909762, 4.226184086621535, 1.7243067256425246], [2.137508285243371, 7.167639185809348, 7.83069580900337], [1.917767378174672, 1.6558512726776489, 6.3780463577670075], [0.6787783616303529, 4.065403483726623, 7.787550837644416], [3.6782253147620834, 6.118344872297479, 7.504587763835526], [0.6439470299791684, 5.275379247817125, 2.0503576451067764], [0.7717061835450875, 2.033466205178291, 7.936162251993287], [3.3832478604100733, 1.7109747760818033, 5.145259559396335], [3.211393260649354, 2.4868285259664575, 1.4209426534436487], [2.1002186452158482, 3.4516243357477423, 3.5157065996011987], [2.35908555123055, 4.233757094692225, 9.160429640333438], [1.8275651421118861, 3.6856311253970806, 6.23353991445613], [1.5208860867268639, 0.44422714551188125, 2.7342217778012197], [2.801405600451693, 10.949565046852051, 6.8207804429185135], [2.4946872333593775, 7.707957209059035, 3.3214779896288773], [1.963069688345546, 7.16010020411117, 0.3945310441568956], [2.221868655099254, 7.942263625653033, 6.039311360121411], [1.1106715167037577, 8.90703454659661, 8.134127750231363], [0.9389956880591636, 9.682902543131156, 4.409700274751506], [3.550437863239781, 9.360135828305435, 1.6188677283823127], [3.563672789230105, 3.827575489543969, 4.897647977011657], [0.7583454318201626, 7.566137763390161, 4.657558246175402], [2.1802183419268517, 2.1176331713548415, 9.413868754605259], [2.141681509930551, 9.275923507733232, 0.14158132370793822]],
 "stress": [-0.0003349755532770286, -3.381025493490961e-05, 7.38557774865766e-05, 0.0002973767023027078, 0.0003162635089176306, 5.4020261484519605e-05],
 "unique_id": "91a2fbb904ca508c16a07e18c2e0775b",
 "user": "ezc"},
"ids": [1],
"nextid": 2}
