{"1": {
 "calculator": "vasp",
 "calculator_parameters": {"amix": 0.1, "amix_mag": 0.1, "bmix": 1e-05, "bmix_mag": 1e-05, "encut": 600, "sigma": 0.05, "ediff": 1e-05, "ediffg": -0.02, "algo": "normal", "gga": "PE", "prec": "Normal", "ibrion": 2, "isif": 3, "ismear": 0, "ispin": 2, "istart": 1, "kpar": 10, "ldauprint": 2, "ldautype": 2, "lmaxmix": 6, "lorbit": 11, "nelm": 250, "npar": 6, "nsw": 99, "nupdown": 0, "inimix": 0, "laechg": true, "lasph": true, "ldau": true, "lvtot": false, "lreal": false, "ldau_luj": {"Ti": {"L": 2, "U": 3.0, "J": 0.0}, "V": {"L": 2, "U": 3.25, "J": 0.0}, "Cr": {"L": 2, "U": 3.5, "J": 0.0}, "Mn": {"L": 2, "U": 2.75, "J": 0.0}, "Fe": {"L": 2, "U": 4.3, "J": 0.0}, "Co": {"L": 2, "U": 3.32, "J": 0.0}, "Ni": {"L": 2, "U": 6.45, "J": 0.0}, "Cu": {"L": 2, "U": 3.0, "J": 0.0}, "Mo": {"L": 2, "U": 4.38, "J": 0.0}, "W": {"L": -1, "U": 0.0, "J": 0.0}, "Ce": {"L": 3, "U": 4.5, "J": 0.0}, "O": {"L": -1, "U": 0.0, "J": 0.0}, "C": {"L": -1, "U": 0.0, "J": 0.0}, "Au": {"L": -1, "U": 0.0, "J": 0.0}, "Ir": {"L": -1, "U": 0.0, "J": 0.0}, "H": {"L": -1, "U": 0.0, "J": 0.0}}, "xc": "PBE", "pp": "PBE", "setups": {"base": "minimal"}, "txt": "-", "kpts": [4, 11, 5], "gamma": true, "reciprocal": false, "ignore_constraints": false},
 "cell": [[11.58549321539138, 0.0002968266082897, 0.0231232190694289], [-0.0002845957230962, 4.727312325149711, 0.0002203619407788], [0.0189784282613041, -0.0034704615920925, 9.143613605901917]],
 "ctime": 21.60794791678308,
 "dipole": [[0.0, 0.0, 0.0]],
 "energy": -353.03332477,
 "forces": [[-0.006432, 0.008222, -0.005514], [-0.001489, -0.000266, -0.002555], [-0.006202, -0.000173, -0.01136], [-0.001275, 0.002807, 0.003802], [0.003461, -0.002388, -0.006225], [0.000155, 0.002214, 0.000812], [0.003255, 0.003772, 0.01201], [-0.003084, 0.002133, 0.002323], [-0.002644, -0.00427, 0.004184], [0.003789, -0.001556, -0.00485], [-0.000387, 0.004641, 0.003333], [1.1e-05, 0.004937, 0.002368], [-0.003776, 0.004192, 0.004333], [-0.003318, -0.002508, 0.00329], [0.001251, -0.008872, -0.001041], [0.003249, -0.000313, -0.000425], [-0.00148, -0.001727, 0.00897], [-0.000921, 0.003211, -0.006032], [-0.000827, 0.003644, 0.002038], [-0.006109, -0.002949, -0.000723], [0.000916, -0.009793, -0.000235], [-0.003381, -0.00211, -0.006268], [0.00017, 0.010045, 0.002163], [0.000322, -0.000564, -0.002099], [0.002941, 0.000267, 0.005374], [0.003639, -0.003639, -0.006998], [0.001618, 0.002004, 0.001541], [-0.001442, 0.000708, -0.003915], [-0.004431, -0.00063, -0.000368], [-0.001628, 0.00555, -0.003548], [-0.000129, 0.003736, 0.005492], [-0.000778, 0.007324, 0.000432], [0.005343, -0.003578, 0.005064], [0.010023, 0.00826, -0.009877], [0.001255, -0.007032, 0.004172], [0.006534, -0.007632, -0.005619], [-0.000409, 0.007656, -0.004028], [-0.003932, -0.004604, -0.010042], [-0.001136, -0.002246, 0.001561], [0.001009, -0.001311, -0.004532], [0.000669, -0.007411, 0.007569], [0.001553, 0.000707, 0.001192], [0.003501, -0.006228, 0.002015], [-0.000938, 0.003718, -0.005251], [-0.005426, -0.005339, 0.010295], [-0.003702, -0.001239, 0.001233], [0.003448, 0.005548, 0.012234], [-0.003763, -0.01282, -0.002823], [-0.00376, 0.007373, -0.007699], [0.014692, -0.00147, 0.00423]],
 "initial_magmoms": [2.851, -2.871, 3.713, -2.858, 3.706, -2.91, 2.908, -2.899, 2.857, -3.712, 2.869, -2.849, 2.9, -2.908, 2.91, -3.705, 0.013, 0.011, -0.024, -0.017, 0.01, 0.025, -0.011, 0.017, 0.035, 0.033, -0.025, 0.01, 0.02, 0.025, -0.032, -0.035, -0.016, -0.022, -0.006, -0.01, 0.017, 0.007, 0.022, -0.014, 0.035, 0.024, 0.006, -0.021, -0.01, -0.007, -0.024, -0.036, 0.002, -0.002],
 "magmom": -0.0,
 "magmoms": [2.852, -2.872, 3.714, -2.858, 3.706, -2.911, 2.909, -2.9, 2.858, -3.714, 2.871, -2.85, 2.9, -2.909, 2.912, -3.706, 0.013, 0.011, -0.024, -0.017, 0.01, 0.024, -0.011, 0.017, 0.035, 0.032, -0.025, 0.01, 0.02, 0.025, -0.032, -0.035, -0.017, -0.022, -0.005, -0.01, 0.017, 0.007, 0.023, -0.014, 0.034, 0.024, 0.007, -0.021, -0.01, -0.007, -0.024, -0.036, 0.002, -0.002],
 "mtime": 21.60794791678308,
 "numbers": [25, 25, 25, 25, 25, 25, 25, 25, 25, 25, 25, 25, 25, 25, 25, 25, 8, 8, 8, 8, 8, 8, 8, 8, 8, 8, 8, 8, 8, 8, 8, 8, 8, 8, 8, 8, 8, 8, 8, 8, 8, 8, 8, 8, 8, 8, 8, 8, 30, 30],
 "pbc": [true, true, true],
 "positions": [[11.582853028074403, 4.7182619377613815, 4.2615470143922805], [1.49671018945559, 2.3994792253274744, 2.236422032699084], [2.86294633809178, 4.650945608189339, 4.514197717742019], [4.382558551614159, 2.389096973946556, 2.0252672622680175], [5.869503074550066, 4.700911409155187, 4.570556741344845], [7.261475735160987, 2.3976545023350395, 2.2747563615550574], [8.706527480564876, 4.6414369880361, 4.569133656276588], [10.093011445057185, 2.3545851278069634, 2.281614539658073], [11.584054162104204, 0.029154639838878938, 0.28108765288439846], [1.5333972138222185, 2.2887583016539907, 6.926465683475644], [2.884753062022755, 0.034547939666365546, 0.048393957696063715], [4.401962074083566, 2.347881497537494, 7.18705404343272], [5.87304889565699, 4.717521230748736, 0.023937674898895825], [7.27683617695187, 2.277537221032718, 6.877090695453256], [8.703593291109026, 0.037503939501339574, 0.031896028798197903], [10.112685530577462, 2.3378316956211034, 6.884071414031589], [1.4607945441391257, 3.8162361551080166, 3.4840936111610317], [1.4921308760259364, 0.8744855259085302, 1.05016734647578], [11.578059245591097, 3.2313348291842847, 1.3891184257136378], [0.0136371250370116, 1.4954041192896137, 3.1409712378236767], [4.3816307055643025, 3.9171959211859204, 3.5034595875789214], [4.388823159813395, 0.8664256577760954, 0.9185442794673546], [2.889142000783589, 3.2374111510649795, 1.2352824225369943], [2.9800728648491432, 1.6406251426467624, 3.1120447626367786], [7.277867234076318, 3.8266379946728115, 3.6108896057119244], [7.26224051664126, 0.8460794171537867, 0.9838446861096679], [5.863205000918817, 3.250168638400347, 1.2572858384667516], [5.759082156393456, 1.6253949234804752, 3.11370982837557], [10.105521510642262, 3.8112735026934423, 3.5401811816218456], [10.102427777411553, 0.8858699738491106, 1.052060759028932], [8.702544300041813, 3.208611487844122, 1.322504953293316], [8.680491040530182, 1.5081839682975675, 3.228268238215749], [1.4184870801701945, 4.00395831368189, 8.316191610345935], [1.372436282958928, 0.702038773245066, 5.373502510193493], [0.034846815518122826, 3.059475333796822, 5.843849300129884], [11.59964050013118, 1.5505773254447723, 7.95672413999068], [4.386772302996692, 3.8519747010581002, 8.289337816459945], [4.364386988701264, 0.6999593106123578, 5.595110662674666], [3.022638167747604, 3.066176446265237, 6.06034112942341], [2.9389750003575683, 1.448186687324193, 7.94571719511162], [7.304629552015024, 3.8737163473832594, 8.21867725255758], [7.3059437775807865, 0.8473044366480895, 5.523500995578856], [5.775335931485307, 3.062468276615513, 6.058094779776326], [5.880767650458157, 1.4456498405215918, 7.910464894916601], [10.224314637820632, 3.989253580759227, 8.336802454358784], [10.207462758066404, 0.6998533968179914, 5.391001696737422], [8.677675382097881, 3.209600709071553, 5.922642627731099], [8.704393696555758, 1.4649439079738347, 7.840355883329078], [4.37515372697915, 2.3311992087895987, 4.60769814105401], [11.597861523007225, 4.698646092833965, 6.841529297266336]],
 "stress": [5.423871430392551e-06, -0.0001422752005245089, -0.00021192420086024017, -0.00016878913129126096, -6.7657958924574524e-06, -2.8973085362350084e-05],
 "unique_id": "9f0e08de1305da98aa393fe1063c8498",
 "user": "ezc"},
"ids": [1],
"nextid": 2}
