{"1": {
 "calculator": "vasp",
 "calculator_parameters": {"amix": 0.1, "amix_mag": 0.1, "bmix": 1e-05, "bmix_mag": 1e-05, "encut": 600, "sigma": 0.05, "ediff": 1e-05, "ediffg": -0.02, "algo": "normal", "gga": "PE", "prec": "Normal", "ibrion": 2, "isif": 3, "ismear": 0, "ispin": 2, "istart": 1, "kpar": 10, "ldauprint": 2, "ldautype": 2, "lmaxmix": 6, "lorbit": 11, "nelm": 250, "npar": 6, "nsw": 99, "nupdown": 0, "inimix": 0, "laechg": true, "lasph": true, "ldau": true, "lvtot": false, "lreal": false, "ldau_luj": {"Ti": {"L": 2, "U": 3.0, "J": 0.0}, "V": {"L": 2, "U": 3.25, "J": 0.0}, "Cr": {"L": 2, "U": 3.5, "J": 0.0}, "Mn": {"L": 2, "U": 2.75, "J": 0.0}, "Fe": {"L": 2, "U": 4.3, "J": 0.0}, "Co": {"L": 2, "U": 3.32, "J": 0.0}, "Ni": {"L": 2, "U": 6.45, "J": 0.0}, "Cu": {"L": 2, "U": 3.0, "J": 0.0}, "Mo": {"L": 2, "U": 4.38, "J": 0.0}, "W": {"L": -1, "U": 0.0, "J": 0.0}, "Ce": {"L": 3, "U": 4.5, "J": 0.0}, "O": {"L": -1, "U": 0.0, "J": 0.0}, "C": {"L": -1, "U": 0.0, "J": 0.0}, "Au": {"L": -1, "U": 0.0, "J": 0.0}, "Ir": {"L": -1, "U": 0.0, "J": 0.0}, "H": {"L": -1, "U": 0.0, "J": 0.0}}, "xc": "PBE", "pp": "PBE", "setups": {"base": "minimal"}, "txt": "-", "kpts": [16, 9, 5], "gamma": true, "reciprocal": false, "ignore_constraints": false},
 "cell": [[3.1739386896683843, -0.0079637324553422, -0.2166656173818734], [0.0133987983658367, 5.335843701826496, -0.0005639314936115], [-0.7080383822054124, 0.0065385338889148, 10.477347814054065]],
 "ctime": 21.642853352086448,
 "dipole": [[0.0, 0.0, 0.0]],
 "energy": -97.04649354,
 "forces": [[0.002213, 0.012474, 0.010668], [0.004792, -0.011747, 0.004954], [-0.009139, -0.002638, -0.012102], [-0.008629, 0.000511, -0.004643], [-0.004933, -0.005092, -0.002469], [2.8e-05, 0.002174, 0.000117], [0.006591, 0.015836, -0.003888], [0.006466, -0.008465, 0.00631], [0.01037, 0.003889, 0.000998], [-0.000122, -0.006632, -0.004763], [-0.005604, 0.001752, -0.004306], [-0.007172, -0.001187, -0.001239], [0.011883, -0.008307, 0.003222], [-0.007243, 0.00767, 0.004914], [0.004694, -0.007371, -0.001733], [-0.004193, 0.007135, 0.003958]],
 "initial_magmoms": [-4.549, -4.548, 4.545, 4.547, 0.025, 0.026, 0.02, 0.021, -0.026, -0.024, -0.02, -0.02, -0.014, -0.015, 0.015, 0.015],
 "magmom": -3e-07,
 "magmoms": [-4.549, -4.549, 4.548, 4.548, 0.026, 0.027, 0.02, 0.02, -0.027, -0.027, -0.02, -0.02, -0.015, -0.015, 0.015, 0.015],
 "mtime": 21.642853352086448,
 "numbers": [25, 25, 25, 25, 8, 8, 8, 8, 8, 8, 8, 8, 30, 30, 30, 30],
 "pbc": [true, true, true],
 "positions": [[0.062012991196166836, 0.4625168846435928, 9.003892083973206], [0.41813096183562076, 2.259148620832506, 3.764964898345168], [2.108756816147909, 3.1630450401424377, 6.34843683763118], [2.475108472094827, 4.883704513734756, 1.1092319833005644], [0.8073655281433041, 0.59524430573484, 2.380866522432511], [0.4510283676350046, 2.1280608780304355, 7.621090235317425], [0.05148807314558506, 3.9480131721822955, 10.365970166861256], [0.4007284760980473, 4.109552098280333, 5.12682318352054], [1.7021755970280512, 4.7894294032564035, 7.740204862534579], [2.055709773824735, 3.2635016245913064, 2.5034506719078027], [1.7586116504899558, 1.3815688491677451, 10.226455293920347], [2.1061994105137765, 1.332062271158069, 4.990060937116721], [0.6565946819372321, 0.5384341415496242, 6.289756611683807], [1.0301260061022846, 2.1789346566350116, 1.0499855570853374], [1.8668822992783598, 4.886645444810343, 3.8254007096409106], [1.5157651622982906, 3.1639284751242145, 9.06227956510589]],
 "stress": [0.0008153595446597594, 0.0007275415112585821, 0.0006542225035568313, 2.0834157462198317e-05, -0.00014813597759371326, -4.412122801086875e-05],
 "unique_id": "642c361a7f1e356e39a00fc04c6e247d",
 "user": "ezc"},
"ids": [1],
"nextid": 2}
