{"1": {
 "calculator": "vasp",
 "calculator_parameters": {"amix": 0.1, "amix_mag": 0.1, "bmix": 1e-05, "bmix_mag": 1e-05, "encut": 600, "sigma": 0.05, "ediff": 1e-05, "ediffg": -0.02, "algo": "normal", "gga": "PE", "prec": "Normal", "ibrion": 2, "isif": 3, "ismear": 0, "ispin": 2, "istart": 1, "ldauprint": 2, "ldautype": 2, "lmaxmix": 6, "lorbit": 11, "nelm": 250, "npar": 6, "nsw": 99, "inimix": 0, "laechg": true, "lasph": true, "ldau": true, "lvtot": false, "lreal": false, "ldau_luj": {"Mn": {"L": 2, "U": 2.75, "J": 0.0}, "O": {"L": -1, "U": 0.0, "J": 0.0}, "H": {"L": -1, "U": 0.0, "J": 0.0}}, "xc": "PBE", "pp": "PBE", "setups": {"base": "minimal"}, "txt": "-", "kpts": [18, 5, 5], "gamma": true, "reciprocal": false, "ignore_constraints": false, "custom": {}},
 "cell": {"array": {"__ndarray__": [[3, 3], "float64", [2.9059227659243017, 0.0142386300165882, -0.0307742503417751, 0.0475193810266413, 10.097294690261428, -0.0280908184398101, -0.1141946447644009, -0.0114755196511835, 9.6970468392883]]}, "__ase_objtype__": "cell"},
 "ctime": 26.043986154607637,
 "dipole": {"__ndarray__": [[1, 3], "float64", [0.0, 0.0, 0.0]]},
 "energy": -182.04652918,
 "forces": {"__ndarray__": [[27, 3], "float64", [-0.00507867, -0.0079959, 0.00397101, -0.00490971, 0.00082516, -0.00275286, -0.01496771, 0.01085003, -0.00171418, -0.00716887, 0.00933856, 0.01076719, 0.00148146, -0.00447281, -0.00696415, 0.00913118, -0.00027119, -0.01151355, 0.00265669, -0.00065873, 0.0081577, -0.00625998, -0.00362579, -0.00873438, -0.00562755, -0.01123692, 0.00684231, 0.00308242, 0.00023921, -0.01356378, 0.00254067, -0.02987939, 0.04620585, -0.01142392, 0.03114483, 0.04163637, -0.00937952, 0.00860478, 0.0037312, -0.00191741, 0.00142922, -0.00302278, -0.00204483, -0.01532752, 0.00922495, -0.02621059, -0.02351012, 0.00015628, 0.00522274, -0.00941943, -0.00020638, 0.00327119, 0.01613826, -0.01057386, 0.00016817, -0.00988708, -0.00086093, 0.00054037, 0.00259164, 0.00448537, 0.00287869, -0.01799995, -0.01868504, 0.01129902, 0.00599086, -0.02990271, 0.0054604, -0.0029221, 0.0046418, 0.02429858, 0.01341409, -0.01830281, 0.02535534, 0.01066967, 0.01785751, 0.00938592, 0.0198462, -0.01003148, -0.01178408, 0.00612442, -0.02084865]]},
 "free_energy": -182.04652918,
 "initial_magmoms": {"__ndarray__": [[27], "float64", [-2.933, -2.972, 2.897, 2.937, 2.935, 2.972, -2.926, -0.0, -0.002, -0.015, 0.003, -0.035, -0.007, -0.022, 0.005, 0.024, -0.002, 0.048, -0.013, 0.021, -0.016, -0.008, 0.008, 0.007, 0.005, 0.004, 0.004]]},
 "magmom": 2.9999997,
 "magmoms": {"__ndarray__": [[27], "float64", [-2.925, -2.953, 2.893, 2.936, 2.93, 2.992, -2.94, 0.001, -0.009, -0.016, -0.014, -0.035, -0.003, -0.018, 0.005, 0.023, 0.001, 0.042, -0.008, 0.025, -0.021, -0.013, 0.001, 0.007, 0.005, 0.005, 0.004]]},
 "mtime": 26.043986154607637,
 "numbers": {"__ndarray__": [[27], "int64", [25, 25, 25, 25, 25, 25, 25, 8, 8, 8, 8, 8, 8, 8, 8, 8, 8, 8, 8, 8, 8, 8, 8, 1, 1, 1, 1]]},
 "pbc": {"__ndarray__": [[3], "bool", [true, true, true]]},
 "positions": {"__ndarray__": [[27, 3], "float64", [2.832832527111254, 8.478997521325676, 6.330692583453212, 0.01885255418403008, 6.504086920240217, 1.668092203728254, 1.4574104318419447, 8.509073093485867, 3.225878432988065, 1.5272923247698311, 3.3842512712880746, 1.5065627356462823, 1.3691372348082966, 6.733397955579179, 8.225795948272905, 1.3010433842000746, 1.5371294798498416, 6.536306190277845, 2.790784129935643, 3.599616678143327, 8.013165301377088, 2.8169288801670334, 5.496821609741587, 8.003979411669906, 0.07573491916441971, 4.569741880192063, 1.5706092281329433, 2.7675983376126716, 1.6467149980506213, 7.787801962203163, 2.7206315284194655, 1.5964178616076774, 5.262742435739526, 0.0632640397725342, 2.0659449106253494, 1.3956120425019303, 1.6248695391876344, 3.229529920341605, 3.3660290958662116, 1.3588536269485612, 3.465287735554132, 9.247345851125539, 1.3184586926901705, 3.459610325905521, 6.750551594077163, 1.3665750993919457, 0.2177455809335867, 3.118142320832806, 1.3707009576075726, 9.722471334881188, 6.5222187981441975, 1.4799603168302744, 6.515353513621672, 2.8982112773273485, 1.4680410645493887, 6.594638190015848, 0.40619289161093985, 1.3770106907312873, 7.208525483267178, 6.352236049328842, 2.821320469308453, 8.007072543050214, 8.227386856168371, -0.006932367310705387, 8.455206020801489, 4.481225587211346, 2.890475475002662, 8.38666506228929, 1.9418763630432307, 2.278151958839266, 0.5453806546160439, 2.9334179864749705, 1.0122575690131745, 3.900724147792406, 3.73147412147513, 2.5521014954694534, 2.2597746683823643, 4.524210328804063, 0.05965622498689651, 1.600304249814628, 0.531078016368182]]},
 "stress": {"__ndarray__": [[6], "float64", [0.0010255590605107898, 0.0005642209156370184, 0.001153152377843011, 1.2129611522040756e-05, -0.0002260351669712743, -2.310195987101499e-05]]},
 "unique_id": "de93c9985a3d32c492a8da371a52949c",
 "user": "jiuy97"},
"ids": [1],
"nextid": 2}
