{"1": {
 "calculator": "vasp",
 "calculator_parameters": {"amix": 0.1, "amix_mag": 0.1, "bmix": 1e-05, "bmix_mag": 1e-05, "encut": 600, "sigma": 0.05, "ediff": 1e-05, "ediffg": -0.02, "algo": "normal", "gga": "PE", "prec": "Normal", "ibrion": 2, "isif": 3, "ismear": 0, "ispin": 2, "istart": 1, "kpar": 10, "ldauprint": 2, "ldautype": 2, "lmaxmix": 6, "lorbit": 11, "nelm": 250, "npar": 6, "nsw": 99, "nupdown": 0, "inimix": 0, "laechg": true, "lasph": true, "ldau": true, "lvtot": false, "lreal": false, "ldau_luj": {"Ti": {"L": 2, "U": 3.0, "J": 0.0}, "V": {"L": 2, "U": 3.25, "J": 0.0}, "Cr": {"L": 2, "U": 3.5, "J": 0.0}, "Mn": {"L": 2, "U": 2.75, "J": 0.0}, "Fe": {"L": 2, "U": 4.3, "J": 0.0}, "Co": {"L": 2, "U": 3.32, "J": 0.0}, "Ni": {"L": 2, "U": 6.45, "J": 0.0}, "Cu": {"L": 2, "U": 3.0, "J": 0.0}, "Mo": {"L": 2, "U": 4.38, "J": 0.0}, "W": {"L": -1, "U": 0.0, "J": 0.0}, "Ce": {"L": 3, "U": 4.5, "J": 0.0}, "O": {"L": -1, "U": 0.0, "J": 0.0}, "C": {"L": -1, "U": 0.0, "J": 0.0}, "Au": {"L": -1, "U": 0.0, "J": 0.0}, "Ir": {"L": -1, "U": 0.0, "J": 0.0}, "H": {"L": -1, "U": 0.0, "J": 0.0}}, "xc": "PBE", "pp": "PBE", "setups": {"base": "minimal"}, "txt": "-", "kpts": [17, 5, 5], "gamma": true, "reciprocal": false, "ignore_constraints": false},
 "cell": [[2.905283943657987, -0.0021159191096932, -0.0002580782985233], [-0.0040387473382528, 9.977597568375337, 0.0423791052938196], [0.0033675478299924, 0.0513482714768401, 10.863970330886403]],
 "ctime": 21.18642192061241,
 "dipole": [[0.0, 0.0, 0.0]],
 "energy": -193.8067588,
 "forces": [[0.004095, 0.004586, -0.001156], [-0.000826, 0.002938, 0.001583], [0.000548, 0.002516, 0.002933], [-0.001488, -0.001038, 0.000365], [-0.00292, -0.009014, 8.3e-05], [0.005698, 0.008187, -0.00093], [0.000575, -0.005348, 0.00044], [-0.001981, -0.005537, 0.001283], [-0.001354, -0.008474, -0.001885], [0.002248, 0.001779, 0.001337], [0.005241, 0.009446, -0.010649], [-0.003621, -0.001682, 0.010317], [-0.00518, 0.013693, 0.008471], [-0.003211, -0.006999, -0.008188], [0.00011, 0.001633, -0.012667], [-0.005424, -0.007938, 0.009569], [-0.00308, -0.003418, -0.00258], [0.003561, 0.001048, -0.000143], [0.004831, 0.008942, -0.007787], [-0.001785, -0.001213, 0.010078], [0.01067, 0.011075, 0.002559], [0.002479, -0.008223, -0.007343], [0.001138, 0.00282, -0.010112], [-0.006402, -0.007327, 0.00507], [0.011687, 0.010128, -0.005693], [0.003283, -0.000811, -0.0077], [-0.011882, -0.001997, 0.008538], [-0.007011, -0.009771, 0.014206]],
 "initial_magmoms": [-3.734, -3.732, -2.898, 2.901, 3.735, 3.733, 2.9, -2.908, -0.013, -0.011, -0.022, -0.024, -0.041, 0.04, 0.027, 0.025, 0.012, 0.013, 0.025, 0.024, 0.039, -0.04, -0.027, -0.024, -0.004, 0.004, -0.004, 0.004],
 "magmom": 0.0,
 "magmoms": [-3.732, -3.732, -2.899, 2.9, 3.733, 3.732, 2.9, -2.9, -0.013, -0.012, -0.024, -0.027, -0.042, 0.042, 0.026, 0.024, 0.012, 0.012, 0.025, 0.026, 0.042, -0.042, -0.026, -0.025, -0.004, 0.004, -0.004, 0.004],
 "mtime": 21.18642192061241,
 "numbers": [25, 25, 25, 25, 25, 25, 25, 25, 8, 8, 8, 8, 8, 8, 8, 8, 8, 8, 8, 8, 8, 8, 8, 8, 1, 1, 1, 1],
 "pbc": [true, true, true],
 "positions": [[0.018021671785384275, 1.4858359363349216, 3.987097402210019], [2.8994745348540047, 8.47489052089705, 6.894363192096034], [0.006071455367682756, 6.569538016287634, 1.843282529355502], [1.4600658507630484, 8.352862157737013, 3.629750027645794], [1.4595625725410797, 3.459664788075552, 1.440190860095918], [1.4623109504476426, 6.509513249103492, 9.441412897293368], [1.4597580558863248, 1.6095318013392739, 7.253538197837868], [0.009954573284266684, 3.400434814381503, 9.03681914501447], [0.00943181097472317, 5.31117618850354, 9.245502139048675], [0.006861142374186483, 4.65965842973985, 1.6357558077219947], [0.007402288680805712, 1.535032384090355, 8.558805723471739], [0.008321804713625695, 1.8193573919178325, 6.0512420738985115], [0.007799606807557031, 2.093450380070535, 1.6014374022467472], [1.471696437129646, 2.8506775772962185, 3.818017288366122], [1.4624833178298087, 3.189102506055877, 10.238663250096609], [1.4627057712113758, 3.474802304594361, 7.7315284569187055], [1.4688564695979711, 0.2855196146002335, 3.7963516513077358], [1.44918439095347, 9.676119120821387, 7.08887504625372], [1.4581518219806262, 6.489517910500872, 3.147972072408925], [1.4587876055258104, 6.779680475563253, 0.6415617046444096], [1.4449726365829032, 7.1095330169098165, 7.063393729318088], [0.008808872617157276, 7.877234900721746, 9.273690774704372], [0.006117826099089768, 8.143341745344038, 4.831902153023518], [0.00750896515603157, 8.432849969234876, 2.325616667858545], [1.4379440924123987, 6.467716912888348, 6.328389863676583], [0.0063300312892820825, 1.4620738650173517, 0.8576754422715425], [1.478378237331478, 3.489547536726446, 4.555392495503179], [0.011101864233413701, 8.522162191418172, 10.005592673655736]],
 "stress": [5.5736676494137506e-06, -0.00019019126608391462, -0.0003882468336664422, -0.00010663618341571546, 7.514776987563443e-05, 0.0001718974028359508],
 "unique_id": "c96553eb685ec894b0a159f13841f936",
 "user": "ezc"},
"ids": [1],
"nextid": 2}
