{"1": {
 "calculator": "vasp",
 "calculator_parameters": {"amix": 0.1, "amix_mag": 0.1, "bmix": 1e-05, "bmix_mag": 1e-05, "encut": 600, "sigma": 0.05, "ediff": 1e-05, "ediffg": -0.02, "algo": "Normal", "gga": "PE", "prec": "Normal", "ibrion": 2, "isif": 3, "ismear": 0, "ispin": 2, "ldauprint": 2, "ldautype": 2, "lmaxmix": 4, "lorbit": 11, "nelm": 250, "npar": 6, "nsw": 199, "inimix": 0, "laechg": true, "lasph": true, "ldau": true, "lvtot": false, "lreal": "Auto", "ldau_luj": {"Mn": {"L": 2, "U": 2.75, "J": 0.0}, "O": {"L": -1, "U": 0.0, "J": 0.0}, "H": {"L": -1, "U": 0.0, "J": 0.0}}, "pp": "pbe", "txt": "-", "kpts": [3, 3, 1], "gamma": true, "reciprocal": false, "ignore_constraints": false, "custom": {}},
 "cell": {"array": {"__ndarray__": [[3, 3], "float64", [7.629929115681, -0.0111360215205381, 0.0238374499815158, -3.8244772892515386, 6.616770325441404, 0.0108013020411775, 0.0660984939010042, 0.0726979015237184, 21.044430209251274]]}, "__ase_objtype__": "cell"},
 "ctime": 26.342523538421933,
 "dipole": {"__ndarray__": [[1, 3], "float64", [0.0, 0.0, 0.0]]},
 "energy": -715.93111658,
 "forces": {"__ndarray__": [[120, 3], "float64", [-0.0085093, 0.00727957, -0.00219262, 0.0085093, -0.00727957, 0.00219262, 0.00164572, 0.00031922, -0.00416635, -0.00164572, -0.00031922, 0.00416635, 0.00673737, -0.00337801, -0.00142491, -0.00673737, 0.00337801, 0.00142491, -0.0085093, 0.00727957, -0.00219262, 0.0085093, -0.00727957, 0.00219262, 0.00164572, 0.00031922, -0.00416635, -0.00164572, -0.00031922, 0.00416635, 0.00673737, -0.00337801, -0.00142491, -0.00673737, 0.00337801, 0.00142491, -0.0085093, 0.00727957, -0.00219262, 0.0085093, -0.00727957, 0.00219262, 0.00164572, 0.00031922, -0.00416635, -0.00164572, -0.00031922, 0.00416635, 0.00673737, -0.00337801, -0.00142491, -0.00673737, 0.00337801, 0.00142491, 0.000421, -0.0017143, -0.01495054, -0.000421, 0.0017143, 0.01495054, 0.000421, -0.0017143, -0.01495054, -0.000421, 0.0017143, 0.01495054, 0.000421, -0.0017143, -0.01495054, -0.000421, 0.0017143, 0.01495054, 0.00130033, 0.00042683, -0.00690459, -0.00130033, -0.00042683, 0.00690459, -0.00202507, 0.0010232, -0.00734601, 0.00202507, -0.0010232, 0.00734601, -0.00556185, -0.00367955, -0.00785617, 0.00556185, 0.00367955, 0.00785617, 0.00130033, 0.00042683, -0.00690459, -0.00130033, -0.00042683, 0.00690459, -0.00202507, 0.0010232, -0.00734601, 0.00202507, -0.0010232, 0.00734601, -0.00556185, -0.00367955, -0.00785617, 0.00556185, 0.00367955, 0.00785617, 0.00130033, 0.00042683, -0.00690459, -0.00130033, -0.00042683, 0.00690459, -0.00202507, 0.0010232, -0.00734601, 0.00202507, -0.0010232, 0.00734601, -0.00556185, -0.00367955, -0.00785617, 0.00556185, 0.00367955, 0.00785617, -0.00097735, -0.00622872, 0.00461784, 0.00097735, 0.00622872, -0.00461784, 0.00113823, 0.00079539, 0.00094745, -0.00113823, -0.00079539, -0.00094745, -0.00666516, 0.00144914, 0.00927568, 0.00666516, -0.00144914, -0.00927568, -0.00097735, -0.00622872, 0.00461784, 0.00097735, 0.00622872, -0.00461784, 0.00113823, 0.00079539, 0.00094745, -0.00113823, -0.00079539, -0.00094745, -0.00666516, 0.00144914, 0.00927568, 0.00666516, -0.00144914, -0.00927568, -0.00097735, -0.00622872, 0.00461784, 0.00097735, 0.00622872, -0.00461784, 0.00113823, 0.00079539, 0.00094745, -0.00113823, -0.00079539, -0.00094745, -0.00666516, 0.00144914, 0.00927568, 0.00666516, -0.00144914, -0.00927568, 0.00194053, -0.00130062, 0.00682151, -0.00194053, 0.00130062, -0.00682151, 0.00194053, -0.00130062, 0.00682151, -0.00194053, 0.00130062, -0.00682151, 0.00194053, -0.00130062, 0.00682151, -0.00194053, 0.00130062, -0.00682151, -0.0049433, -0.00228176, -0.00467272, 0.0049433, 0.00228176, 0.00467272, 0.01214492, -0.00896253, -0.00322746, -0.01214492, 0.00896253, 0.00322746, 0.00809906, 0.00998503, 0.01401583, -0.00809906, -0.00998503, -0.01401583, -0.0049433, -0.00228176, -0.00467272, 0.0049433, 0.00228176, 0.00467272, 0.01214492, -0.00896253, -0.00322746, -0.01214492, 0.00896253, 0.00322746, 0.00809906, 0.00998503, 0.01401583, -0.00809906, -0.00998503, -0.01401583, -0.0049433, -0.00228176, -0.00467272, 0.0049433, 0.00228176, 0.00467272, 0.01214492, -0.00896253, -0.00322746, -0.01214492, 0.00896253, 0.00322746, 0.00809906, 0.00998503, 0.01401583, -0.00809906, -0.00998503, -0.01401583, 0.00833964, -0.01070661, 0.00857866, 0.01439558, 0.00328099, -0.01256276, -0.0099593, 0.00934466, -0.00921816, -0.0099593, 0.00934466, -0.00921816, 0.00833964, -0.01070661, 0.00857866, 0.01439558, 0.00328099, -0.01256276, -0.0099593, 0.00934466, -0.00921816, 0.01439558, 0.00328099, -0.01256276, 0.00833964, -0.01070661, 0.00857866, -0.01439558, -0.00328099, 0.01256276, -0.00833964, 0.01070661, -0.00857866, 0.0099593, -0.00934466, 0.00921816, -0.00833964, 0.01070661, -0.00857866, -0.01439558, -0.00328099, 0.01256276, 0.0099593, -0.00934466, 0.00921816, 0.0099593, -0.00934466, 0.00921816, -0.00833964, 0.01070661, -0.00857866, -0.01439558, -0.00328099, 0.01256276, 0.00496824, -0.00082562, -0.00107148, -0.0061651, 0.00613961, 0.00251587, -0.00108348, -0.00637242, 0.00290641, 0.00108348, 0.00637242, -0.00290641, 0.00108348, 0.00637242, -0.00290641, 0.00108348, 0.00637242, -0.00290641, -0.00108348, -0.00637242, 0.00290641, -0.00108348, -0.00637242, 0.00290641, -0.00496824, 0.00082562, 0.00107148, -0.00496824, 0.00082562, 0.00107148, -0.00496824, 0.00082562, 0.00107148, 0.00496824, -0.00082562, -0.00107148, 0.00496824, -0.00082562, -0.00107148, 0.0061651, -0.00613961, -0.00251587, 0.0061651, -0.00613961, -0.00251587, 0.0061651, -0.00613961, -0.00251587, -0.0061651, 0.00613961, 0.00251587, -0.0061651, 0.00613961, 0.00251587]]},
 "free_energy": -715.93111658,
 "initial_magmoms": {"__ndarray__": [[120], "float64", [3.0, 3.0, 3.0, 3.0, 3.0, 3.0, 3.0, 3.0, 3.0, 3.0, 3.0, 3.0, 3.0, 3.0, 3.0, 3.0, 3.0, 3.0, 0.0, 0.0, 0.0, 0.0, 0.0, 0.0, 0.0, 0.0, 0.0, 0.0, 0.0, 0.0, 0.0, 0.0, 0.0, 0.0, 0.0, 0.0, 0.0, 0.0, 0.0, 0.0, 0.0, 0.0, 0.0, 0.0, 0.0, 0.0, 0.0, 0.0, 0.0, 0.0, 0.0, 0.0, 0.0, 0.0, 0.0, 0.0, 0.0, 0.0, 0.0, 0.0, 0.0, 0.0, 0.0, 0.0, 0.0, 0.0, 0.0, 0.0, 0.0, 0.0, 0.0, 0.0, 0.0, 0.0, 0.0, 0.0, 0.0, 0.0, 0.0, 0.0, 0.0, 0.0, 0.0, 0.0, 0.0, 0.0, 0.0, 0.0, 0.0, 0.0, 0.0, 0.0, 0.0, 0.0, 0.0, 0.0, 0.0, 0.0, 0.0, 0.0, 0.0, 0.0, 0.0, 0.0, 0.0, 0.0, 0.0, 0.0, 0.0, 0.0, 0.0, 0.0, 0.0, 0.0, 0.0, 0.0, 0.0, 0.0, 0.0, 0.0]]},
 "magmom": 54.0000133,
 "magmoms": {"__ndarray__": [[120], "float64", [3.044, 3.044, 3.047, 3.047, 3.044, 3.044, 3.044, 3.044, 3.047, 3.047, 3.044, 3.044, 3.044, 3.044, 3.047, 3.047, 3.044, 3.044, 0.01, 0.01, 0.01, 0.01, 0.01, 0.01, -0.06, -0.06, -0.061, -0.061, -0.059, -0.059, -0.06, -0.06, -0.061, -0.061, -0.059, -0.059, -0.06, -0.06, -0.061, -0.061, -0.059, -0.059, -0.015, -0.015, -0.019, -0.019, -0.018, -0.018, -0.015, -0.015, -0.019, -0.019, -0.018, -0.018, -0.015, -0.015, -0.019, -0.019, -0.018, -0.018, -0.07, -0.07, -0.07, -0.07, -0.07, -0.07, -0.0, -0.0, -0.0, -0.0, -0.0, -0.0, -0.0, -0.0, -0.0, -0.0, -0.0, -0.0, -0.0, -0.0, -0.0, -0.0, -0.0, -0.0, 0.0, 0.0, 0.0, 0.0, 0.0, 0.0, 0.0, 0.0, 0.0, 0.0, 0.0, 0.0, 0.0, 0.0, 0.0, 0.0, 0.0, 0.0, 0.0, 0.0, 0.0, 0.0, 0.0, 0.0, 0.0, 0.0, 0.0, 0.0, 0.0, 0.0, 0.0, 0.0, 0.0, 0.0, 0.0, 0.0]]},
 "mtime": 26.342523538421933,
 "numbers": {"__ndarray__": [[120], "int64", [25, 25, 25, 25, 25, 25, 25, 25, 25, 25, 25, 25, 25, 25, 25, 25, 25, 25, 30, 30, 30, 30, 30, 30, 8, 8, 8, 8, 8, 8, 8, 8, 8, 8, 8, 8, 8, 8, 8, 8, 8, 8, 8, 8, 8, 8, 8, 8, 8, 8, 8, 8, 8, 8, 8, 8, 8, 8, 8, 8, 8, 8, 8, 8, 8, 8, 8, 8, 8, 8, 8, 8, 8, 8, 8, 8, 8, 8, 8, 8, 8, 8, 8, 8, 1, 1, 1, 1, 1, 1, 1, 1, 1, 1, 1, 1, 1, 1, 1, 1, 1, 1, 1, 1, 1, 1, 1, 1, 1, 1, 1, 1, 1, 1, 1, 1, 1, 1, 1, 1]]},
 "pbc": {"__ndarray__": [[3], "bool", [true, true, true]]},
 "positions": {"__ndarray__": [[120, 3],