{"1": {
 "calculator": "vasp",
 "calculator_parameters": {"amix": 0.1, "amix_mag": 0.1, "bmix": 1e-05, "bmix_mag": 1e-05, "encut": 600, "sigma": 0.05, "ediff": 1e-05, "ediffg": -0.02, "algo": "normal", "gga": "PE", "prec": "Normal", "ibrion": 2, "isif": 3, "ismear": 0, "ispin": 2, "istart": 1, "kpar": 10, "ldauprint": 2, "ldautype": 2, "lmaxmix": 6, "lorbit": 11, "nelm": 250, "npar": 6, "nsw": 99, "nupdown": 0, "inimix": 0, "laechg": true, "lasph": true, "ldau": true, "lvtot": false, "lreal": false, "ldau_luj": {"Ti": {"L": 2, "U": 3.0, "J": 0.0}, "V": {"L": 2, "U": 3.25, "J": 0.0}, "Cr": {"L": 2, "U": 3.5, "J": 0.0}, "Mn": {"L": 2, "U": 2.75, "J": 0.0}, "Fe": {"L": 2, "U": 4.3, "J": 0.0}, "Co": {"L": 2, "U": 3.32, "J": 0.0}, "Ni": {"L": 2, "U": 6.45, "J": 0.0}, "Cu": {"L": 2, "U": 3.0, "J": 0.0}, "Mo": {"L": 2, "U": 4.38, "J": 0.0}, "W": {"L": -1, "U": 0.0, "J": 0.0}, "Ce": {"L": 3, "U": 4.5, "J": 0.0}, "O": {"L": -1, "U": 0.0, "J": 0.0}, "C": {"L": -1, "U": 0.0, "J": 0.0}, "Au": {"L": -1, "U": 0.0, "J": 0.0}, "Ir": {"L": -1, "U": 0.0, "J": 0.0}, "H": {"L": -1, "U": 0.0, "J": 0.0}}, "xc": "PBE", "pp": "PBE", "setups": {"base": "minimal"}, "txt": "-", "kpts": [15, 10, 4], "gamma": true, "reciprocal": false, "ignore_constraints": false},
 "cell": [[3.3456035598026936, 0.0042220158349621, -0.0011509620255392], [-0.0017398390545966, 4.7711304363879705, 0.0033502383248944], [0.0036205991898245, -0.0052856902735848, 11.220164783142366]],
 "ctime": 21.64233515130078,
 "dipole": [[0.0, 0.0, 0.0]],
 "energy": -122.12852682,
 "forces": [[0.003521, -0.002227, 0.011257], [-0.003472, 0.003614, 0.003782], [0.003765, 0.001808, -0.01141], [-0.002747, 0.000888, -0.001392], [0.003042, -0.006078, -0.008846], [-0.002364, 0.002883, -0.01155], [0.000301, -0.000326, 6.2e-05], [-0.000322, -0.002156, 0.006729], [-0.000519, 0.00091, 0.005764], [0.00265, -0.010987, 0.001738], [0.000452, 0.006329, 0.000571], [0.001113, -0.000237, 0.004012], [0.015241, 0.006503, -0.006904], [-0.014899, 0.002402, 0.001735], [0.011967, -0.007705, 0.004573], [-0.017985, -0.006924, -0.004783], [0.001475, 0.008956, 0.006471], [0.000886, 0.002961, -0.002231], [-0.002106, -0.000427, 0.002849], [-0.0, -0.000187, -0.002426]],
 "initial_magmoms": [-4.608, -4.608, 4.608, 4.608, 0.017, 0.017, 0.018, 0.018, -0.017, -0.017, -0.018, -0.018, 0.004, -0.004, -0.004, 0.004, -0.001, 0.001, -0.001, 0.001],
 "magmom": -1.4e-06,
 "magmoms": [-4.608, -4.608, 4.608, 4.608, 0.017, 0.017, 0.019, 0.019, -0.017, -0.017, -0.019, -0.019, 0.004, -0.004, -0.004, 0.004, -0.001, 0.001, -0.001, 0.001],
 "mtime": 21.64233515130078,
 "numbers": [25, 25, 25, 25, 8, 8, 8, 8, 8, 8, 8, 8, 1, 1, 1, 1, 1, 1, 1, 1],
 "pbc": [true, true, true],
 "positions": [[0.8534853238987942, 0.1720279608066606, 9.757026317666096], [0.8298018851906969, 2.2336142683630786, 4.148794790951265], [2.502211612154867, 2.5611082805088836, 7.142476728717331], [2.5235616256709985, 4.6246960256647975, 1.5329512024272491], [0.8506303231466744, 1.104847604165067, 2.2894408965617], [0.8318923875144717, 1.3038622713417594, 7.900048327346202], [0.8368949473485536, 3.621039649477054, 0.4661072908668624], [0.8390721320079078, 3.559137756203715, 6.077051064377259], [2.5264771308321827, 3.691903437175661, 9.000778042986175], [2.5003057746586617, 3.491076659346372, 3.3903393677687057], [2.512020741262937, 1.1747550881607036, 10.824245290683027], [2.513855024903706, 1.2360626327323843, 5.212526448304608], [0.9393517780547912, 4.4144759367600654, 5.619432806064479], [2.376652418147885, 2.032772491234059, 0.05942295506577759], [2.6155025297805077, 0.3814110997214611, 5.671192576311747], [0.7055218936693805, 2.7680631497559594, 0.011387927436047397], [2.501613655142338, 4.297963226271217, 3.94694292504267], [0.8343471671226568, 0.4959119699949726, 7.3444329183805985], [2.5245848588444892, 2.8837986753905196, 9.556055277039793], [0.8460322041025551, 1.9135920191093332, 1.7351258102558036]],
 "stress": [-0.0006088529737207859, -0.0007530006269830597, -0.0009897847586916929, -2.3218413948285717e-05, -5.698497831931414e-06, 7.880529422340203e-05],
 "unique_id": "b09070bb899ff815bc654c02b31015b9",
 "user": "ezc"},
"ids": [1],
"nextid": 2}
