{"1": {
 "calculator": "vasp",
 "calculator_parameters": {"amix": 0.1, "amix_mag": 0.1, "bmix": 1e-05, "bmix_mag": 1e-05, "encut": 600, "sigma": 0.05, "ediff": 1e-05, "ediffg": -0.02, "algo": "Normal", "gga": "PE", "prec": "Normal", "ibrion": 2, "isif": 3, "ismear": 0, "ispin": 2, "ldauprint": 2, "ldautype": 2, "lmaxmix": 4, "lorbit": 11, "nelm": 250, "npar": 6, "nsw": 199, "inimix": 0, "laechg": true, "lasph": true, "ldau": true, "lvtot": false, "lreal": "Auto", "ldau_luj": {"Mn": {"L": 2, "U": 2.75, "J": 0.0}, "O": {"L": -1, "U": 0.0, "J": 0.0}, "H": {"L": -1, "U": 0.0, "J": 0.0}}, "pp": "pbe", "txt": "-", "kpts": [4, 5, 3], "gamma": true, "reciprocal": false, "ignore_constraints": false, "custom": {}},
 "cell": {"array": {"__ndarray__": [[3, 3], "float64", [5.829687315700129, 0.0, 0.0, 0.0, 4.992107452597418, 0.0, 0.0, 0.0, 9.448124908081223]]}, "__ase_objtype__": "cell"},
 "ctime": 26.34334716427681,
 "dipole": {"__ndarray__": [[1, 3], "float64", [0.0, 0.0, 0.0]]},
 "energy": -168.28370015,
 "forces": {"__ndarray__": [[26, 3], "float64", [-0.00874639, 0.01464898, -0.00045946, 0.00874639, -0.01464898, -0.00045946, -0.00874639, -0.01464898, -0.00045946, 0.00874639, 0.01464898, -0.00045946, -0.0, -0.01691349, -0.00879869, -0.0, 0.01691349, -0.00879869, -0.0, 0.01543238, -0.00046505, -0.0, -0.01543238, -0.00046505, -0.0, 0.00169424, -0.00065995, -0.0, -0.00169424, -0.00065995, -0.00396163, 0.00617154, -0.00101766, 0.00396163, -0.00617154, -0.00101766, -0.00396163, -0.00617154, -0.00101766, 0.00396163, 0.00617154, -0.00101766, -0.0, -0.00855982, 0.00477281, -0.0, 0.00855982, 0.00477281, -0.0, -0.01265062, 0.00333465, -0.0, 0.01265062, 0.00333465, -0.00272376, -0.01089503, 0.00130472, 0.00272376, 0.01089503, 0.00130472, -0.00272376, 0.01089503, 0.00130472, 0.00272376, -0.01089503, 0.00130472, -0.0, 0.00861997, 0.00579903, -0.0, -0.00861997, 0.00579903, -0.0, 0.00146602, -0.00363801, -0.0, -0.00146602, -0.00363801]]},
 "free_energy": -168.28370015,
 "initial_magmoms": {"__ndarray__": [[26], "float64", [3.01, 3.01, 3.01, 3.01, 3.037, 3.037, -0.066, -0.066, -0.049, -0.049, -0.045, -0.045, -0.045, -0.045, 0.002, 0.002, -0.054, -0.054, -0.006, -0.006, -0.006, -0.006, 0.02, 0.02, 0.011, 0.011]]},
 "magmom": 18.0000012,
 "magmoms": {"__ndarray__": [[26], "float64", [3.009, 3.009, 3.009, 3.009, 3.036, 3.036, -0.065, -0.065, -0.048, -0.048, -0.044, -0.044, -0.044, -0.044, 0.002, 0.002, -0.054, -0.054, -0.006, -0.006, -0.006, -0.006, 0.02, 0.02, 0.012, 0.012]]},
 "mtime": 26.34334716427681,
 "numbers": {"__ndarray__": [[26], "int64", [25, 25, 25, 25, 25, 25, 8, 8, 8, 8, 8, 8, 8, 8, 8, 8, 8, 8, 8, 8, 8, 8, 30, 30, 30, 30]]},
 "pbc": {"__ndarray__": [[3], "bool", [true, true, true]]},
 "positions": {"__ndarray__": [[26, 3], "float64", [1.4086830950377993, 4.172408474599493, 9.44570458929839, 1.5061574628965984, 0.8196932847293856, 4.721642870104079, 4.323533651087566, 0.8196932847293856, 4.721642870104079, 4.420998020830996, 4.172408474599493, 9.44570458929839, 2.914840557934398, 1.6260236584969656, 9.433812974382558, 0.0, 3.3660880977915792, 4.709751255188177, 2.914840557934398, 4.970875781414714, 8.446776989051937, 0.0, 0.021225977914200365, 3.7227152698576247, 0.0, 4.795452926914505, 8.370598276402632, 2.914840557934398, 0.19664883241440884, 3.6465365572083193, 1.6317213306580618, 2.5903852011059514, 8.31789417511872, 1.2831292253917048, 2.4017165582229634, 3.5938324559244084, 4.546561888592461, 2.4017165582229634, 3.5938324559244084, 4.197969783326102, 2.5903852011059514, 8.31789417511872, 2.914840557934398, 1.5318943929807025, 5.73077233410303, 0.0, 3.4602073663481776, 1.0067106149087168, 0.0, 1.6991027781042811, 5.727104124417157, 2.914840557934398, 3.2929989812246334, 1.0030424052227769, 1.3778716800820714, 4.211402341840173, 5.699621431838485, 1.536978875967695, 0.7807094144483724, 0.9755597126441726, 4.2927122380164695, 0.7807094144483724, 0.9755597126441726, 4.451819433902093, 4.211402341840173, 5.699621431838485, 0.0, 1.6620457999428215, 7.739236610043414, 2.914840557934398, 3.330065956345724, 3.015174890849101, 2.914840557934398, 3.340142822402355, 6.708689896406767, 0.0, 1.65195893692656, 1.984628177212388]]},
 "stress": {"__ndarray__": [[6], "float64", [-0.0007529747746522605, -0.0008277623844852948, -0.0008998406550709294, -0.0, -0.0, -0.0]]},
 "unique_id": "87ebeb22fad64e4d8f893f64ee89b927",
 "user": "jiuy97"},
"ids": [1],
"nextid": 2}
